
-- 导出 wcg_mall_plus 的数据库结构
CREATE DATABASE IF NOT EXISTS `wcg_mall_plus` 
USE `wcg_mall_plus`;

-- 导出  表 wcg_mall_plus.address_book 结构
CREATE TABLE IF NOT EXISTS `address_book` (
  `id` bigint(20) NOT NULL AUTO_INCREMENT COMMENT '主键ID',
  `user_id` bigint(20) DEFAULT NULL COMMENT '用户ID',
  `consignee` varchar(20) COLLATE utf8_unicode_ci DEFAULT NULL COMMENT '收货人姓名',
  `consignee_address` varchar(500) COLLATE utf8_unicode_ci DEFAULT NULL COMMENT '收货地址',
  `consignee_phone` varchar(11) COLLATE utf8_unicode_ci DEFAULT NULL COMMENT '收货人电话',
  `is_default` int(11) DEFAULT '0' COMMENT '是否默认地址 0:否 1:是',
  `create_time` datetime DEFAULT NULL COMMENT '创建时间',
  `update_time` datetime DEFAULT NULL COMMENT '更新时间',
  PRIMARY KEY (`id`)
) ENGINE=MyISAM AUTO_INCREMENT=38 DEFAULT CHARSET=utf8 COLLATE=utf8_unicode_ci;

-- 正在导出表  wcg_mall_plus.address_book 的数据：2 rows
INSERT INTO `address_book` (`id`, `user_id`, `consignee`, `consignee_address`, `consignee_phone`, `is_default`, `create_time`, `update_time`) VALUES
	(25, 1848, '陈韦江1', '重庆市沙坪坝区', '18223354992', 1, '2025-11-13 16:48:57', '2025-11-13 16:51:55'),
	(27, 1853, '韋', '重庆市涪陵区白涛街道', '18223354992', 1, '2025-11-28 15:15:19', '2025-12-04 10:48:18');


-- 导出  表 wcg_mall_plus.blog 结构
CREATE TABLE IF NOT EXISTS `blog` (
  `id` bigint(20) NOT NULL AUTO_INCREMENT COMMENT '主键ID',
  `create_time` datetime DEFAULT NULL COMMENT '创建时间',
  `update_time` datetime DEFAULT NULL COMMENT '更新时间',
  `user_id` bigint(20) DEFAULT NULL COMMENT '创建用户ID',
  `author` varchar(50) COLLATE utf8_unicode_ci DEFAULT NULL COMMENT '作者',
  `title` varchar(50) COLLATE utf8_unicode_ci DEFAULT NULL COMMENT '博客标题',
  `content` mediumtext CHARACTER SET utf8mb4 COLLATE utf8mb4_unicode_ci COMMENT '博客内容',
  `content_md` mediumtext CHARACTER SET utf8mb4 COLLATE utf8mb4_unicode_ci COMMENT '博客内容MD格式',
  `image` varchar(255) COLLATE utf8_unicode_ci DEFAULT NULL COMMENT '博客图片',
  `ai_describe` mediumtext COLLATE utf8_unicode_ci COMMENT 'ai描述',
  `status` int(11) DEFAULT '0' COMMENT '0:下架 1：上架',
  PRIMARY KEY (`id`)
) ENGINE=MyISAM AUTO_INCREMENT=32 DEFAULT CHARSET=utf8 COLLATE=utf8_unicode_ci;

-- 正在导出表  wcg_mall_plus.blog 的数据：8 rows
INSERT INTO `blog` (`id`, `create_time`, `update_time`, `user_id`, `author`, `title`, `content`, `content_md`, `image`, `ai_describe`, `status`) VALUES
	(10, '2024-11-01 15:35:22', '2025-11-13 17:53:21', 1848, '韋', '川剧绝活：变脸', '<h1 data-line="0" id="千年绝技的魔幻密码：解码川剧变脸的时空魅影">千年绝技的魔幻密码：解码川剧变脸的时空魅影</h1>\n<p data-line="1">在成都锦里古街的露天戏台上，当铜锣声骤然划破暮色，一张青面獠牙的鬼王面具突然绽裂，露出旦角含泪的素颜。这电光火石间的面容更迭，让初次观看川剧变脸的外国游客集体失声——他们不知道，此刻见证的不仅是戏剧魔术，更是一场穿越千年的文明对话。</p>\n<h2 data-line="2" id="一、青铜时代的生存密码">一、青铜时代的生存密码</h2>\n<p data-line="3">三星堆遗址出土的黄金面具暗藏玄机，考古学家在青铜纵目面具内侧发现了植物染料的残留。这与《华阳国志》中&quot;蜀人画脸驱虎豹&quot;的记载惊人契合。古蜀先民或许是最早的&quot;变脸师&quot;，他们用赭石、朱砂在兽皮上绘制可替换的面部图腾，形成原始的多层面具系统。每当部族迁徙，战士便背负着这些&quot;表情包&quot;，在密林深处上演震慑野兽的生存戏剧。<br>\n大足石刻的宋代造像中，观音三十三应化身像暗藏机关，通过可旋转的莲花座实现法相变换。这种古代机械装置为川剧变脸提供了技术原型，明代戏班将丝绸夹层与磁石结合，创造出可瞬间切换的&quot;十八罗汉面&quot;。清光绪年间的戏折记载，名角彭天喜在《白蛇传》中连变九张脸谱，从法海的怒目金刚到许仙的惶惑书生，全程仅用半柱香时间。</p>\n<h2 data-line="5" id="二、后台揭秘：面部魔术的四种维度">二、后台揭秘：面部魔术的四种维度</h2>\n<ol data-line="6">\n<li data-line="6">扯脸绝技的物理美学（科学解析）<br>\n当代川剧传人王金龙的工作室陈列着解构的变脸道具：蚕丝制成的脸谱薄如蝉翼（0.03毫米），内置记忆合金骨架。每张脸谱边缘密布微型钩爪，通过肩部肌肉牵动钢丝传动。这种精密系统能在0.5秒内完成七层脸谱的剥离，其力学原理堪比航天器的折叠太阳能板。</li>\n<li data-line="8">吹粉术的化学方程式</span></h3><p><span style="font-size: 19px; font-family: 微软雅黑;">看似浪漫的吹脸艺术实则是精准的化学实验。金粉需混入3%的阿拉伯胶增加附着力，银粉要搭配特制松香增强反光。演员含在口中的微型气囊经过三十年训练才能控制气流，让粉末在面部形成渐变效果。《火焰山》中铁扇公主的&quot;三色渐变脸&quot;，实则是三次不同角度吐息的艺术叠加。</span></p><p><br></p><h3><span style="font-size: 19px; font-family: 微软雅黑;">3. 运气变脸的生物密码</span></h3><p><span style="font-size: 19px; font-family: 微软雅黑;">这项濒临失传的秘技依赖面部微血管的精确控制。传承人李老爷子每天用川乌药酒敷面，通过刺激面部神经增强毛细血管收缩能力。当他演绎《卧龙吊孝》时，运功后面部会自然浮现诸葛亮的病容，这种生物易容术至今未被现代科技完全破译。</span></p><p><br></p><h2><span style="font-size: 19px; font-family: 微软雅黑;">三、数字时代的文明突围</span></h2><p><span style="font-size: 19px; font-family: 微软雅黑;">在成都非遗公园，全息投影技术重现了光绪年间的经典变脸场景。智能脸谱内置LED矩阵，可实现每秒20次的图案切换。但老艺人们坚持保留丝绸质感，他们与麻省理工团队合作开发的&quot;电子丝绸&quot;，既保留了0.1毫米的轻薄特性，又能显示动态脸谱图案。</span></p><p><br></p><p><span style="font-size: 19px; font-family: 微软雅黑;">抖音直播间里，00后传承人小茶茶用变脸绝活带货。当商品从火锅底料切换到汉服时，她的脸谱同步变为红脸关公和青衣旦角。这种古老的戏剧语言正在重构商业传播密码，单场直播最高吸引800万观众，让变脸艺术获得前所未有的传播裂变。</span></p><p><br></p><p><span style="font-size: 19px; font-family: 微软雅黑;">夜色中的锦江剧场，第1024代变脸传人谢幕时突然露出自己的真容——那是张布满皱纹却神采奕奕的脸。瞬息间，老人脸上浮现出青铜面具、宋代观音、明代脸谱的虚影，最终定格在二维码形态。观众扫码进入的H5页面，正滚动播放着三千年变脸史的数字化档案。这场传统与现代的终极变奏，让古老技艺在数字洪流中完成了惊艳的重生</span></p></li>\n</ol>\n', '# 千年绝技的魔幻密码：解码川剧变脸的时空魅影\n 在成都锦里古街的露天戏台上，当铜锣声骤然划破暮色，一张青面獠牙的鬼王面具突然绽裂，露出旦角含泪的素颜。这电光火石间的面容更迭，让初次观看川剧变脸的外国游客集体失声——他们不知道，此刻见证的不仅是戏剧魔术，更是一场穿越千年的文明对话。\n## 一、青铜时代的生存密码\n 三星堆遗址出土的黄金面具暗藏玄机，考古学家在青铜纵目面具内侧发现了植物染料的残留。这与《华阳国志》中"蜀人画脸驱虎豹"的记载惊人契合。古蜀先民或许是最早的"变脸师"，他们用赭石、朱砂在兽皮上绘制可替换的面部图腾，形成原始的多层面具系统。每当部族迁徙，战士便背负着这些"表情包"，在密林深处上演震慑野兽的生存戏剧。\n 大足石刻的宋代造像中，观音三十三应化身像暗藏机关，通过可旋转的莲花座实现法相变换。这种古代机械装置为川剧变脸提供了技术原型，明代戏班将丝绸夹层与磁石结合，创造出可瞬间切换的"十八罗汉面"。清光绪年间的戏折记载，名角彭天喜在《白蛇传》中连变九张脸谱，从法海的怒目金刚到许仙的惶惑书生，全程仅用半柱香时间。\n## 二、后台揭秘：面部魔术的四种维度\n1. 扯脸绝技的物理美学（科学解析）\n 当代川剧传人王金龙的工作室陈列着解构的变脸道具：蚕丝制成的脸谱薄如蝉翼（0.03毫米），内置记忆合金骨架。每张脸谱边缘密布微型钩爪，通过肩部肌肉牵动钢丝传动。这种精密系统能在0.5秒内完成七层脸谱的剥离，其力学原理堪比航天器的折叠太阳能板。\n3. 吹粉术的化学方程式</span></h3><p><span style="font-size: 19px; font-family: 微软雅黑;">看似浪漫的吹脸艺术实则是精准的化学实验。金粉需混入3%的阿拉伯胶增加附着力，银粉要搭配特制松香增强反光。演员含在口中的微型气囊经过三十年训练才能控制气流，让粉末在面部形成渐变效果。《火焰山》中铁扇公主的"三色渐变脸"，实则是三次不同角度吐息的艺术叠加。</span></p><p><br></p><h3><span style="font-size: 19px; font-family: 微软雅黑;">3. 运气变脸的生物密码</span></h3><p><span style="font-size: 19px; font-family: 微软雅黑;">这项濒临失传的秘技依赖面部微血管的精确控制。传承人李老爷子每天用川乌药酒敷面，通过刺激面部神经增强毛细血管收缩能力。当他演绎《卧龙吊孝》时，运功后面部会自然浮现诸葛亮的病容，这种生物易容术至今未被现代科技完全破译。</span></p><p><br></p><h2><span style="font-size: 19px; font-family: 微软雅黑;">三、数字时代的文明突围</span></h2><p><span style="font-size: 19px; font-family: 微软雅黑;">在成都非遗公园，全息投影技术重现了光绪年间的经典变脸场景。智能脸谱内置LED矩阵，可实现每秒20次的图案切换。但老艺人们坚持保留丝绸质感，他们与麻省理工团队合作开发的"电子丝绸"，既保留了0.1毫米的轻薄特性，又能显示动态脸谱图案。</span></p><p><br></p><p><span style="font-size: 19px; font-family: 微软雅黑;">抖音直播间里，00后传承人小茶茶用变脸绝活带货。当商品从火锅底料切换到汉服时，她的脸谱同步变为红脸关公和青衣旦角。这种古老的戏剧语言正在重构商业传播密码，单场直播最高吸引800万观众，让变脸艺术获得前所未有的传播裂变。</span></p><p><br></p><p><span style="font-size: 19px; font-family: 微软雅黑;">夜色中的锦江剧场，第1024代变脸传人谢幕时突然露出自己的真容——那是张布满皱纹却神采奕奕的脸。瞬息间，老人脸上浮现出青铜面具、宋代观音、明代脸谱的虚影，最终定格在二维码形态。观众扫码进入的H5页面，正滚动播放着三千年变脸史的数字化档案。这场传统与现代的终极变奏，让古老技艺在数字洪流中完成了惊艳的重生</span></p>', 'https://web-framework-cwj.oss-cn-chengdu.aliyuncs.com/3db9481a-35b9-4d60-8409-9bb75bd5d190.jpg', NULL, 1),
	(11, '2024-11-01 15:36:07', '2025-11-13 17:53:22', 1848, '韋', '舞狮', '<p><span style="font-family: 楷体;">舞狮是驱邪避害的吉祥瑞物，每逢节庆或有重大活动必有舞狮助兴，长盛不衰，历代相传。舞狮活动也广泛流传于海外华人社区，有华人之处，必有舞狮，这成为了扬民族之威、立中国之魂的重要仪式，以及海外同胞认祖归宗的文化桥梁，其文化价值和影响十分深远。据说这一习俗是起源于三国时期，在南北朝时开始流行，至今已有一千多年的历史。传说，它最早是从西域传入的，狮子是文殊菩萨的坐骑，随着佛教传入中国，舞狮子的活动也输入中国。狮子是汉武帝派张骞出使西域后，和孔雀等一同带回的贡品。而狮舞的技艺却是引自西凉的＂假面戏＂，也有人认为狮舞是五世纪时产生于刘宋的军队，后来传入民间的。两种说法都各有依据，今天已很难判断其是非。</span></p>', '<p><span style="font-family: 楷体;">舞狮是驱邪避害的吉祥瑞物，每逢节庆或有重大活动必有舞狮助兴，长盛不衰，历代相传。舞狮活动也广泛流传于海外华人社区，有华人之处，必有舞狮，这成为了扬民族之威、立中国之魂的重要仪式，以及海外同胞认祖归宗的文化桥梁，其文化价值和影响十分深远。据说这一习俗是起源于三国时期，在南北朝时开始流行，至今已有一千多年的历史。传说，它最早是从西域传入的，狮子是文殊菩萨的坐骑，随着佛教传入中国，舞狮子的活动也输入中国。狮子是汉武帝派张骞出使西域后，和孔雀等一同带回的贡品。而狮舞的技艺却是引自西凉的＂假面戏＂，也有人认为狮舞是五世纪时产生于刘宋的军队，后来传入民间的。两种说法都各有依据，今天已很难判断其是非。</span></p>', 'https://web-framework-cwj.oss-cn-chengdu.aliyuncs.com/65152cdb-3455-4db5-bdfd-7cff5dd9eb29.jpg', NULL, 1),
	(12, '2024-11-01 15:36:23', '2025-11-13 17:53:23', 1848, '韋', '中华传统的魅力', '<p><span style="font-size: 22px;"><strong>中华优秀传统文化是人类文明的宝贵财富，是新时代中国特色社会主义文化的根基和重要组成部分，源远流长、博大精深、魅力无穷它有十大魅力：修齐治平的家国情怀，胸怀天下的宏大格局，无远弗界的远大志向，孜孜以求的学习精神，知行合一的道德修养，止于至善的厚德载物，慷慨赴死的英雄气概，居安思危的忧患意识，福祸相依的辩证智慧，求新求变的创新思维。汲取、弘扬中华优秀传统文化的魅力，对于坚定文化自信，实现中华民族伟大复兴具有重要意义。</strong></span></p>', '<p><span style="font-size: 22px;"><strong>中华优秀传统文化是人类文明的宝贵财富，是新时代中国特色社会主义文化的根基和重要组成部分，源远流长、博大精深、魅力无穷它有十大魅力：修齐治平的家国情怀，胸怀天下的宏大格局，无远弗界的远大志向，孜孜以求的学习精神，知行合一的道德修养，止于至善的厚德载物，慷慨赴死的英雄气概，居安思危的忧患意识，福祸相依的辩证智慧，求新求变的创新思维。汲取、弘扬中华优秀传统文化的魅力，对于坚定文化自信，实现中华民族伟大复兴具有重要意义。</strong></span></p>', 'https://web-framework-cwj.oss-cn-chengdu.aliyuncs.com/8eaa12a9-3bb6-49e8-92aa-6b6f44753f37.jpg', NULL, 1),
	(13, '2025-04-11 16:06:22', '2025-11-13 17:53:24', 1848, '韋', '文创商品解码：如何用设计语言讲好文化故事？', '<ul><li>引言：从故宫胶带纸到敦煌飞天盲盒，文创商品正成为年轻人追捧的文化消费新宠。但如何让传统文化"活"起来？设计是关键密码。<br></li><li>符号提取与重构：案例解析三星堆青铜面具如何被转化为潮玩造型（如简化线条、夸张比例）；<br></li><li>功能性嫁接：苏州博物馆"文徵明紫藤种子"礼盒，用植物生长连接历史与生活仪式感；<br></li><li>情感共鸣公式：故宫猫IP的成功逻辑——萌化严肃文化，降低认知门槛；<br></li><li>互动体验设计：AR明信片、可拼装古建筑模型如何让消费者从"旁观者"变为"参与者"。<br></li><li>结语：文创不是文物复刻，而是用现代语言重译文化基因。</li></ul>', '<ul><li>引言：从故宫胶带纸到敦煌飞天盲盒，文创商品正成为年轻人追捧的文化消费新宠。但如何让传统文化"活"起来？设计是关键密码。<br></li><li>符号提取与重构：案例解析三星堆青铜面具如何被转化为潮玩造型（如简化线条、夸张比例）；<br></li><li>功能性嫁接：苏州博物馆"文徵明紫藤种子"礼盒，用植物生长连接历史与生活仪式感；<br></li><li>情感共鸣公式：故宫猫IP的成功逻辑——萌化严肃文化，降低认知门槛；<br></li><li>互动体验设计：AR明信片、可拼装古建筑模型如何让消费者从"旁观者"变为"参与者"。<br></li><li>结语：文创不是文物复刻，而是用现代语言重译文化基因。</li></ul>', 'https://web-framework-cwj.oss-cn-chengdu.aliyuncs.com/dfa73368-939e-4500-9acc-81c847fd3d5d.jpg', NULL, 1),
	(14, '2025-04-11 16:06:50', '2025-11-13 17:53:26', 1848, '韋', '从书签到潮鞋：文创如何打破次元壁征服Z世代？', '现象观察：当非遗刺绣出现在运动鞋上，当《山海经》神兽变成桌游角色，跨界联名正在重构文创边界。\r\n破圈逻辑：\r\n\r\n场景渗透：河南博物院"考古盲盒"将考古体验搬进客厅，让文化消费日常化；\r\n圈层共鸣：汉服+电竞、戏曲+说唱——用青年文化语态解构传统；\r\n社交货币属性：敦煌研究院"飞天冰淇淋"为何成为打卡标配？颜值经济+文化认同双重驱动；\r\n限量营销策略：故宫"十二花神杯"饥饿营销背后的身份认同消费心理。\r\n数据支撑：引用《2023文创消费报告》中Z世代购买动机数据（如"拍照分享"占比超60%）。', '现象观察：当非遗刺绣出现在运动鞋上，当《山海经》神兽变成桌游角色，跨界联名正在重构文创边界。\r\n破圈逻辑：\r\n\r\n场景渗透：河南博物院"考古盲盒"将考古体验搬进客厅，让文化消费日常化；\r\n圈层共鸣：汉服+电竞、戏曲+说唱——用青年文化语态解构传统；\r\n社交货币属性：敦煌研究院"飞天冰淇淋"为何成为打卡标配？颜值经济+文化认同双重驱动；\r\n限量营销策略：故宫"十二花神杯"饥饿营销背后的身份认同消费心理。\r\n数据支撑：引用《2023文创消费报告》中Z世代购买动机数据（如"拍照分享"占比超60%）。', 'https://web-framework-cwj.oss-cn-chengdu.aliyuncs.com/24bb14fa-7c21-4f09-b0ee-9b36a6eb5efd.jpg', NULL, 1),
	(15, '2025-04-11 16:07:33', '2025-11-13 17:53:27', 1848, '韋', '文创产品的"灵魂三问"：有趣、有用、有温度？', '痛点分析：为什么有些文创叫好不叫座？脱离实用性、过度堆砌文化符号是致命伤。\r\n成功要素拆解：\r\n\r\n有趣不肤浅：陕西历史博物馆"唐妞"IP的表情包衍生品，用幽默化解历史距离感；\r\n有用不鸡肋：中国国家图书馆"甲骨文调味罐"，让3000年前文字融入厨房美学；\r\n有温度不矫情：大英博物馆"罗塞塔石碑U盘"，用存储功能隐喻文明传承使命；\r\n可持续价值：景德镇陶瓷文创如何通过材料创新实现环保与文化的双赢。\r\n消费者访谈：引用真实用户评价，如"买的不只是产品，是能被使用的文化记忆"。', '痛点分析：为什么有些文创叫好不叫座？脱离实用性、过度堆砌文化符号是致命伤。\r\n成功要素拆解：\r\n\r\n有趣不肤浅：陕西历史博物馆"唐妞"IP的表情包衍生品，用幽默化解历史距离感；\r\n有用不鸡肋：中国国家图书馆"甲骨文调味罐"，让3000年前文字融入厨房美学；\r\n有温度不矫情：大英博物馆"罗塞塔石碑U盘"，用存储功能隐喻文明传承使命；\r\n可持续价值：景德镇陶瓷文创如何通过材料创新实现环保与文化的双赢。\r\n消费者访谈：引用真实用户评价，如"买的不只是产品，是能被使用的文化记忆"。', 'https://web-framework-cwj.oss-cn-chengdu.aliyuncs.com/839f47cb-f7a5-4383-9113-f9a9803b002f.jpg', NULL, 1),
	(16, '2025-04-11 16:07:53', '2025-11-13 17:53:28', 1848, '韋', '从伴手礼到文化输出：文创商品如何撬动千亿市场？', '<p>行业洞察：全球文创产业规模突破4万亿美元，中国IP衍生品开发仍处于爆发前夜。<br></p><p>市场突围策略：<br></p><p><img src="https://web-framework-cwj.oss-cn-chengdu.aliyuncs.com/506726ac-de27-4d19-a44d-41cad501d112.jpg" alt="" data-href="" style=""/></p><p>在地文化挖掘：案例：泉州"蟳埔女"簪花头饰如何从渔村习俗变身文旅爆款；<br></p><p>科技赋能体验：3D打印定制皮影、数字藏品NFT的虚实融合玩法；<br></p><p>产业链升级：景德镇陶溪川文创园如何打造"设计-生产-销售"生态闭环；<br></p><p>出海路径探索：李子柒IP文创在YouTube的传播启示——用视觉叙事跨越语言障碍。<br></p><p>专家观点：引用清华大学文创研究院关于"文化转译力"的论述，强调降低文化折扣率的重要性。</p>', '<p>行业洞察：全球文创产业规模突破4万亿美元，中国IP衍生品开发仍处于爆发前夜。<br></p><p>市场突围策略：<br></p><p><img src="https://web-framework-cwj.oss-cn-chengdu.aliyuncs.com/506726ac-de27-4d19-a44d-41cad501d112.jpg" alt="" data-href="" style=""/></p><p>在地文化挖掘：案例：泉州"蟳埔女"簪花头饰如何从渔村习俗变身文旅爆款；<br></p><p>科技赋能体验：3D打印定制皮影、数字藏品NFT的虚实融合玩法；<br></p><p>产业链升级：景德镇陶溪川文创园如何打造"设计-生产-销售"生态闭环；<br></p><p>出海路径探索：李子柒IP文创在YouTube的传播启示——用视觉叙事跨越语言障碍。<br></p><p>专家观点：引用清华大学文创研究院关于"文化转译力"的论述，强调降低文化折扣率的重要性。</p>', 'https://web-framework-cwj.oss-cn-chengdu.aliyuncs.com/ac0ea7db-d230-4487-92c9-a3d380ff2d70.jpg', NULL, 1),
	(28, '2025-12-01 16:10:12', '2025-12-01 16:10:29', 1853, 'cwj', '博客', '<h1 data-line="0" id="标题1">标题1</h1>\n<p data-line="1">舞狮是驱邪避害的吉祥瑞物，每逢节庆或有重大活动必有舞狮助兴，长盛不衰，历代相传。</p>\n<h1 data-line="2" id="标题2">标题2</h1>\n<p data-line="3">舞狮活动也广泛流传于海外华人社区，有华人之处，必有舞狮，这成为了扬民族之威、立中国之魂的重要仪式，以及海外同胞认祖归宗的文化桥梁，其文化价值和影响十分深远。</p>\n<h1 data-line="4" id="标题3">标题3</h1>\n<p data-line="5">据说这一习俗是起源于三国时期，在南北朝时开始流行，至今已有一千多年的历史。传说，它最早是从西域传入的，狮子是文殊菩萨的坐骑，随着佛教传入中国，舞狮子的活动也输入中国。狮子是汉武帝派张骞出使西域后，和孔雀等一同带回的贡品。而狮舞的技艺却是引自西凉的＂假面戏＂，也有人认为狮舞是五世纪时产生于刘宋的军队，后来传入民间的。两种说法都各有依据，今天已很难判断其是非。</p>\n', '# 标题1\n舞狮是驱邪避害的吉祥瑞物，每逢节庆或有重大活动必有舞狮助兴，长盛不衰，历代相传。\n# 标题2\n舞狮活动也广泛流传于海外华人社区，有华人之处，必有舞狮，这成为了扬民族之威、立中国之魂的重要仪式，以及海外同胞认祖归宗的文化桥梁，其文化价值和影响十分深远。\n# 标题3\n据说这一习俗是起源于三国时期，在南北朝时开始流行，至今已有一千多年的历史。传说，它最早是从西域传入的，狮子是文殊菩萨的坐骑，随着佛教传入中国，舞狮子的活动也输入中国。狮子是汉武帝派张骞出使西域后，和孔雀等一同带回的贡品。而狮舞的技艺却是引自西凉的＂假面戏＂，也有人认为狮舞是五世纪时产生于刘宋的军队，后来传入民间的。两种说法都各有依据，今天已很难判断其是非。', 'http://127.0.0.1:8080/localFile/20251201/blog-image/99_65152cdb-3455-4db5-bdfd-7cff5dd9eb29.jpg', '这篇文章介绍了舞狮的相关内容：它作为驱邪避害的吉祥瑞物，在节庆或重大活动中助兴并历代相传；其活动广泛流传于海外华人社区，是扬民族之威、立中国之魂的重要仪式及海外同胞认祖归宗的文化桥梁，文化价值深远。文章还提到舞狮习俗起源于三国时期，南北朝时开始流行，关于其起源有两种说法（一说从西域传入，与佛教、张骞带回贡品及西凉“假面戏”有关；一说五世纪产生于刘宋军队后传入民间），两者难辨是非。', 1);

-- 导出  表 wcg_mall_plus.comments 结构
CREATE TABLE IF NOT EXISTS `comments` (
  `id` bigint(20) NOT NULL AUTO_INCREMENT COMMENT '评论ID',
  `pid` bigint(20) DEFAULT NULL COMMENT '父级评论ID',
  `fid` bigint(20) DEFAULT NULL COMMENT '关联ID',
  `module` varchar(50) COLLATE utf8_unicode_ci DEFAULT NULL COMMENT '模块标识',
  `root_id` bigint(20) DEFAULT NULL COMMENT '根节点ID',
  `user_id` bigint(20) DEFAULT NULL COMMENT '评论人ID',
  `create_time` datetime DEFAULT NULL COMMENT '评论时间',
  `update_time` datetime DEFAULT NULL COMMENT '更新时间',
  `comment` mediumtext COLLATE utf8_unicode_ci COMMENT '评论内容',
  PRIMARY KEY (`id`)
) ENGINE=MyISAM AUTO_INCREMENT=113 DEFAULT CHARSET=utf8 COLLATE=utf8_unicode_ci;

-- 正在导出表  wcg_mall_plus.comments 的数据：4 rows
/*!40000 ALTER TABLE `comments` DISABLE KEYS */;
INSERT INTO `comments` (`id`, `pid`, `fid`, `module`, `root_id`, `user_id`, `create_time`, `update_time`, `comment`) VALUES
	(99, NULL, 61, 'product', 99, 1848, '2025-11-13 14:29:00', '2025-11-13 14:29:00', '11'),
	(102, NULL, 63, 'product', 102, 1848, '2025-11-18 15:22:14', '2025-11-18 15:22:14', '111'),
	(109, NULL, 27, 'blog', 109, 1853, '2025-12-01 11:51:32', '2025-12-01 11:51:32', '你好'),
	(110, 109, 27, 'blog', 109, 1853, '2025-12-01 11:51:37', '2025-12-01 11:51:37', '1');
/*!40000 ALTER TABLE `comments` ENABLE KEYS */;

-- 导出  表 wcg_mall_plus.file_detail 结构
CREATE TABLE IF NOT EXISTS `file_detail` (
  `id` varchar(64) NOT NULL COMMENT '文件id',
  `url` varchar(512) NOT NULL COMMENT '文件访问地址',
  `size` bigint(20) DEFAULT NULL COMMENT '文件大小，单位字节',
  `filename` varchar(256) DEFAULT NULL COMMENT '文件名称',
  `original_filename` varchar(256) DEFAULT NULL COMMENT '原始文件名',
  `base_path` varchar(256) DEFAULT NULL COMMENT '基础存储路径',
  `path` varchar(256) DEFAULT NULL COMMENT '存储路径',
  `ext` varchar(32) DEFAULT NULL COMMENT '文件扩展名',
  `content_type` varchar(128) DEFAULT NULL COMMENT 'MIME类型',
  `platform` varchar(32) DEFAULT NULL COMMENT '存储平台',
  `th_url` varchar(512) DEFAULT NULL COMMENT '缩略图访问路径',
  `th_filename` varchar(256) DEFAULT NULL COMMENT '缩略图名称',
  `th_size` bigint(20) DEFAULT NULL COMMENT '缩略图大小，单位字节',
  `th_content_type` varchar(128) DEFAULT NULL COMMENT '缩略图MIME类型',
  `object_id` varchar(32) DEFAULT NULL COMMENT '文件所属对象id',
  `object_type` varchar(32) DEFAULT NULL COMMENT '文件所属对象类型，例如用户头像，评价图片',
  `metadata` text COMMENT '文件元数据',
  `user_metadata` text COMMENT '文件用户元数据',
  `th_metadata` text COMMENT '缩略图元数据',
  `th_user_metadata` text COMMENT '缩略图用户元数据',
  `attr` text COMMENT '附加属性',
  `file_acl` varchar(32) DEFAULT NULL COMMENT '文件ACL',
  `th_file_acl` varchar(32) DEFAULT NULL COMMENT '缩略图文件ACL',
  `hash_info` text COMMENT '哈希信息',
  `upload_id` varchar(128) DEFAULT NULL COMMENT '上传ID，仅在手动分片上传时使用',
  `upload_status` int(11) DEFAULT NULL COMMENT '上传状态，仅在手动分片上传时使用，1：初始化完成，2：上传完成',
  `source` varchar(25) DEFAULT NULL COMMENT '图片来源',
  `create_time` datetime DEFAULT NULL COMMENT '创建时间',
  PRIMARY KEY (`id`) USING BTREE
) ENGINE=InnoDB DEFAULT CHARSET=utf8 ROW_FORMAT=DYNAMIC COMMENT='文件记录表';

-- 正在导出表  wcg_mall_plus.file_detail 的数据：~85 rows (大约)
INSERT INTO `file_detail` (`id`, `url`, `size`, `filename`, `original_filename`, `base_path`, `path`, `ext`, `content_type`, `platform`, `th_url`, `th_filename`, `th_size`, `th_content_type`, `object_id`, `object_type`, `metadata`, `user_metadata`, `th_metadata`, `th_user_metadata`, `attr`, `file_acl`, `th_file_acl`, `hash_info`, `upload_id`, `upload_status`, `source`, `create_time`) VALUES
	('040b74b3a9b0364335a75a3b0d752aa5', 'http://127.0.0.1:8080/localFile/20251111/product-detail-image/54_ab89e4d2-268e-4835-8434-881421f729c7.jpg', 48764, '54_ab89e4d2-268e-4835-8434-881421f729c7.jpg', 'ab89e4d2-268e-4835-8434-881421f729c7.jpg', '', '20251111/product-detail-image/', 'jpg', 'image/jpeg', 'local', NULL, NULL, NULL, NULL, NULL, NULL, '{}', '{}', '{}', '{}', '{"source":"product-detail-image"}', NULL, NULL, '{}', NULL, NULL, 'product-detail-image', '2025-11-11 15:49:08'),
	('05e4f0a77dbf8a7171c89efeb0c9feed', 'http://127.0.0.1:8080/localFile/20251111/product-description-image/49_8b09ffc5-e1b2-4bd7-8deb-29046e08116a.jpg', 372383, '49_8b09ffc5-e1b2-4bd7-8deb-29046e08116a.jpg', '8b09ffc5-e1b2-4bd7-8deb-29046e08116a.jpg', '', '20251111/product-description-image/', 'jpg', 'image/jpeg', 'local', NULL, NULL, NULL, NULL, NULL, NULL, '{}', '{}', '{}', '{}', '{"source":"product-description-image"}', NULL, NULL, '{}', NULL, NULL, 'product-description-image', '2025-11-11 14:50:29'),
	('077d79163c2de65d9aa8b959d4dbf5c0', 'http://127.0.0.1:8080/localFile/20251111/product-detail-image/61_4c5e66a1-057b-440c-b8f4-2f0207975559.jpg', 54162, '61_4c5e66a1-057b-440c-b8f4-2f0207975559.jpg', '4c5e66a1-057b-440c-b8f4-2f0207975559.jpg', '', '20251111/product-detail-image/', 'jpg', 'image/jpeg', 'local', NULL, NULL, NULL, NULL, NULL, NULL, '{}', '{}', '{}', '{}', '{"source":"product-detail-image"}', NULL, NULL, '{}', NULL, NULL, 'product-detail-image', '2025-11-11 15:49:08'),
	('0d0008b2ea783c909a240bae4ec60b66', 'http://127.0.0.1:8080/localFile/20251111/product-detail-image/24_bbc6bce8-c5ad-4392-8e05-2a049e5451fb.jpg', 44508, '24_bbc6bce8-c5ad-4392-8e05-2a049e5451fb.jpg', 'bbc6bce8-c5ad-4392-8e05-2a049e5451fb.jpg', '', '20251111/product-detail-image/', 'jpg', 'image/jpeg', 'local', NULL, NULL, NULL, NULL, NULL, NULL, '{}', '{}', '{}', '{}', '{"source":"product-detail-image"}', NULL, NULL, '{}', NULL, NULL, 'product-detail-image', '2025-11-11 15:53:02'),
	('0e86a98ab7658bad85fc927f9c1d7fc7', 'http://127.0.0.1:8080/localFile/20251113/35_avatar.jpg', 197560, '35_avatar.jpg', 'avatar.jpg', '', '20251113/', 'jpg', 'image/png', 'local', NULL, NULL, NULL, NULL, NULL, NULL, '{}', '{}', '{}', '{}', '{"source":null}', NULL, NULL, '{}', NULL, NULL, NULL, '2025-11-13 17:27:09'),
	('1295d7a672b3a6ec9b132e228829580b', 'http://127.0.0.1:8080/localFile/20251111/product-detail-image/90_ab89e4d2-268e-4835-8434-881421f729c7.jpg', 48764, '90_ab89e4d2-268e-4835-8434-881421f729c7.jpg', 'ab89e4d2-268e-4835-8434-881421f729c7.jpg', '', '20251111/product-detail-image/', 'jpg', 'image/jpeg', 'local', NULL, NULL, NULL, NULL, NULL, NULL, '{}', '{}', '{}', '{}', '{"source":"product-detail-image"}', NULL, NULL, '{}', NULL, NULL, 'product-detail-image', '2025-11-11 14:46:55'),
	('15677cafbae400b228d91c526524c617', 'http://127.0.0.1:8080/localFile/20251201/article-video/75_69_13609495_1920_1080_25fps.mp4', 4632268, '75_69_13609495_1920_1080_25fps.mp4', '69_13609495_1920_1080_25fps.mp4', '', '20251201/article-video/', 'mp4', 'video/mp4', 'local', NULL, NULL, NULL, NULL, NULL, NULL, '{}', '{}', '{}', '{}', '{"source":"article-video"}', NULL, NULL, '{}', NULL, NULL, 'article-video', '2025-12-01 11:11:26'),
	('1b91668bf8918b4222bf188ef386a739', 'http://127.0.0.1:8080/localFile/20251113/blog-image/13_3db9481a-35b9-4d60-8409-9bb75bd5d190.jpg', 282611, '13_3db9481a-35b9-4d60-8409-9bb75bd5d190.jpg', '3db9481a-35b9-4d60-8409-9bb75bd5d190.jpg', '', '20251113/blog-image/', 'jpg', 'image/jpeg', 'local', NULL, NULL, NULL, NULL, NULL, NULL, '{}', '{}', '{}', '{}', '{"source":"blog-image"}', NULL, NULL, '{}', NULL, NULL, 'blog-image', '2025-11-13 16:28:49'),
	('217d553de49dbc7221ff30367cf96b8b', 'http://127.0.0.1:8080/localFile/20251111/product-detail-image/24_ab89e4d2-268e-4835-8434-881421f729c7.jpg', 48764, '24_ab89e4d2-268e-4835-8434-881421f729c7.jpg', 'ab89e4d2-268e-4835-8434-881421f729c7.jpg', '', '20251111/product-detail-image/', 'jpg', 'image/jpeg', 'local', NULL, NULL, NULL, NULL, NULL, NULL, '{}', '{}', '{}', '{}', '{"source":"product-detail-image"}', NULL, NULL, '{}', NULL, NULL, 'product-detail-image', '2025-11-11 14:36:48'),
	('21a7828a0f279c37f7b74a52caa76190', 'http://127.0.0.1:8080/localFile/20251112/indexSlider-image/58_5cbd450d-7fb7-4dbd-a9e1-3d76d870cdd1.png', 3840456, '58_5cbd450d-7fb7-4dbd-a9e1-3d76d870cdd1.png', '5cbd450d-7fb7-4dbd-a9e1-3d76d870cdd1.png', '', '20251112/indexSlider-image/', 'png', 'image/png', 'local', NULL, NULL, NULL, NULL, NULL, NULL, '{}', '{}', '{}', '{}', '{"source":"indexSlider-image"}', NULL, NULL, '{}', NULL, NULL, 'indexSlider-image', '2025-11-12 10:27:00'),
	('2466c7d8dbd53081ff9169690745e5fb', 'http://127.0.0.1:8080/localFile/20251111/product-description-image/46_705c2610-5818-42df-9283-29bf2a084d3c.jpg', 420878, '46_705c2610-5818-42df-9283-29bf2a084d3c.jpg', '705c2610-5818-42df-9283-29bf2a084d3c.jpg', '', '20251111/product-description-image/', 'jpg', 'image/jpeg', 'local', NULL, NULL, NULL, NULL, NULL, NULL, '{}', '{}', '{}', '{}', '{"source":"product-description-image"}', NULL, NULL, '{}', NULL, NULL, 'product-description-image', '2025-11-11 15:53:49'),
	('24cec9b19149ca81dc0fd05b17706b4a', 'http://127.0.0.1:8080/localFile/20251111/product-description-image/93_b7d6de5f-7f11-4732-bc25-b18069c5ccf6.jpg', 203594, '93_b7d6de5f-7f11-4732-bc25-b18069c5ccf6.jpg', 'b7d6de5f-7f11-4732-bc25-b18069c5ccf6.jpg', '', '20251111/product-description-image/', 'jpg', 'image/jpeg', 'local', NULL, NULL, NULL, NULL, NULL, NULL, '{}', '{}', '{}', '{}', '{"source":"product-description-image"}', NULL, NULL, '{}', NULL, NULL, 'product-description-image', '2025-11-11 16:22:49'),
	('266a615b7cf2b88765ca5712583166c6', 'http://127.0.0.1:8080/localFile/20251113/blog-image/79_3db9481a-35b9-4d60-8409-9bb75bd5d190.jpg', 282611, '79_3db9481a-35b9-4d60-8409-9bb75bd5d190.jpg', '3db9481a-35b9-4d60-8409-9bb75bd5d190.jpg', '', '20251113/blog-image/', 'jpg', 'image/jpeg', 'local', NULL, NULL, NULL, NULL, NULL, NULL, '{}', '{}', '{}', '{}', '{"source":"blog-image"}', NULL, NULL, '{}', NULL, NULL, 'blog-image', '2025-11-13 16:34:50'),
	('286eb889cc8b991e95b94fed5bacca12', 'http://127.0.0.1:8080/localFile/20251112/indexSlider-image/65_69547a42-983b-4e39-8524-d5a175da0ba7.png', 1830061, '65_69547a42-983b-4e39-8524-d5a175da0ba7.png', '69547a42-983b-4e39-8524-d5a175da0ba7.png', '', '20251112/indexSlider-image/', 'png', 'image/png', 'local', NULL, NULL, NULL, NULL, NULL, NULL, '{}', '{}', '{}', '{}', '{"source":"indexSlider-image"}', NULL, NULL, '{}', NULL, NULL, 'indexSlider-image', '2025-11-12 10:24:34'),
	('2c9ae8f073fca4d498c99ec9168f892b', 'http://localhost:8080/localFile/20251103/filemanager/29_River-logo.png', 29834, '29_River-logo.png', 'River-logo.png', '', '20251103/filemanager/', 'png', 'image/png', 'local', NULL, NULL, NULL, NULL, NULL, NULL, '{}', '{}', '{}', '{}', '{"source":"filemanager"}', NULL, NULL, '{}', NULL, NULL, 'filemanager', '2025-11-03 15:10:10'),
	('2ce8e65e91f7a8460e7caa767642c8e5', 'http://127.0.0.1:8080/localFile/20251111/blog-image/30_65152cdb-3455-4db5-bdfd-7cff5dd9eb29.jpg', 358190, '30_65152cdb-3455-4db5-bdfd-7cff5dd9eb29.jpg', '65152cdb-3455-4db5-bdfd-7cff5dd9eb29.jpg', '', '20251111/blog-image/', 'jpg', 'image/jpeg', 'local', NULL, NULL, NULL, NULL, NULL, NULL, '{}', '{}', '{}', '{}', '{"source":"blog-image"}', NULL, NULL, '{}', NULL, NULL, 'blog-image', '2025-11-11 17:37:32'),
	('2f473d313bde449cd927f17097feea44', 'http://127.0.0.1:8080/localFile/20251111/product-image/63_4c5e66a1-057b-440c-b8f4-2f0207975559.jpg', 54162, '63_4c5e66a1-057b-440c-b8f4-2f0207975559.jpg', '4c5e66a1-057b-440c-b8f4-2f0207975559.jpg', '', '20251111/product-image/', 'jpg', 'image/jpeg', 'local', NULL, NULL, NULL, NULL, NULL, NULL, '{}', '{}', '{}', '{}', '{"source":"product-image"}', NULL, NULL, '{}', NULL, NULL, 'product-image', '2025-11-11 15:50:49'),
	('2fe1e7fdc79e12ecbfb239b058275ab5', 'http://127.0.0.1:8080/localFile/20251111/product-description-image/68_5a79763f-d81b-41a4-80e0-05869801092f.jpg', 240117, '68_5a79763f-d81b-41a4-80e0-05869801092f.jpg', '5a79763f-d81b-41a4-80e0-05869801092f.jpg', '', '20251111/product-description-image/', 'jpg', 'image/jpeg', 'local', NULL, NULL, NULL, NULL, NULL, NULL, '{}', '{}', '{}', '{}', '{"source":"product-description-image"}', NULL, NULL, '{}', NULL, NULL, 'product-description-image', '2025-11-11 14:50:29'),
	('2fece2a4018c3ae2668093de61c48c7e', 'http://127.0.0.1:8080/localFile/20251111/product-detail-image/29_122cea7b-7101-4a17-8b01-af9dddefe760.jpg', 97691, '29_122cea7b-7101-4a17-8b01-af9dddefe760.jpg', '122cea7b-7101-4a17-8b01-af9dddefe760.jpg', '', '20251111/product-detail-image/', 'jpg', 'image/jpeg', 'local', NULL, NULL, NULL, NULL, NULL, NULL, '{}', '{}', '{}', '{}', '{"source":"product-detail-image"}', NULL, NULL, '{}', NULL, NULL, 'product-detail-image', '2025-11-11 15:49:08'),
	('300617a58dcf5130d7401361253a21f6', 'http://127.0.0.1:8080/localFile/20251111/product-description-image/49_cf05aa03-297c-4c77-9e52-5e7e73d0aa75.jpg', 512297, '49_cf05aa03-297c-4c77-9e52-5e7e73d0aa75.jpg', 'cf05aa03-297c-4c77-9e52-5e7e73d0aa75.jpg', '', '20251111/product-description-image/', 'jpg', 'image/jpeg', 'local', NULL, NULL, NULL, NULL, NULL, NULL, '{}', '{}', '{}', '{}', '{"source":"product-description-image"}', NULL, NULL, '{}', NULL, NULL, 'product-description-image', '2025-11-11 14:50:29'),
	('3009d62791cf5b0fd583af848793d416', 'http://127.0.0.1:8080/localFile/20251111/product-detail-image/40_ad9b6505-9cca-41e6-b0e2-a1be2193eb8b.jpg', 35767, '40_ad9b6505-9cca-41e6-b0e2-a1be2193eb8b.jpg', 'ad9b6505-9cca-41e6-b0e2-a1be2193eb8b.jpg', '', '20251111/product-detail-image/', 'jpg', 'image/jpeg', 'local', NULL, NULL, NULL, NULL, NULL, NULL, '{}', '{}', '{}', '{}', '{"source":"product-detail-image"}', NULL, NULL, '{}', NULL, NULL, 'product-detail-image', '2025-11-11 14:46:55'),
	('30cf622ab12420accfc2aa16cb2e4f73', 'http://127.0.0.1:8080/localFile/20251201/blog-content/04_65152cdb-3455-4db5-bdfd-7cff5dd9eb29.jpg', 358190, '04_65152cdb-3455-4db5-bdfd-7cff5dd9eb29.jpg', '65152cdb-3455-4db5-bdfd-7cff5dd9eb29.jpg', '', '20251201/blog-content/', 'jpg', 'image/jpeg', 'local', NULL, NULL, NULL, NULL, NULL, NULL, '{}', '{}', '{}', '{}', '{"source":"blog-content"}', NULL, NULL, '{}', NULL, NULL, 'blog-content', '2025-12-01 10:31:55'),
	('312550b1312d0049f03d761f7fb1531c', 'http://127.0.0.1:8080/localFile/20251111/product-detail-image/22_8bee92a6-a306-41aa-ab54-36a970968ce3.jpg', 36983, '22_8bee92a6-a306-41aa-ab54-36a970968ce3.jpg', '8bee92a6-a306-41aa-ab54-36a970968ce3.jpg', '', '20251111/product-detail-image/', 'jpg', 'image/jpeg', 'local', NULL, NULL, NULL, NULL, NULL, NULL, '{}', '{}', '{}', '{}', '{"source":"product-detail-image"}', NULL, NULL, '{}', NULL, NULL, 'product-detail-image', '2025-11-11 15:53:02'),
	('32db48a6ae32d2d9ad767c8eed5f7beb', 'http://127.0.0.1:8080/localFile/20251111/product-detail-image/80_157a37cc-4138-432e-8685-a840162a2f64.jpg', 76531, '80_157a37cc-4138-432e-8685-a840162a2f64.jpg', '157a37cc-4138-432e-8685-a840162a2f64.jpg', '', '20251111/product-detail-image/', 'jpg', 'image/jpeg', 'local', NULL, NULL, NULL, NULL, NULL, NULL, '{}', '{}', '{}', '{}', '{"source":"product-detail-image"}', NULL, NULL, '{}', NULL, NULL, 'product-detail-image', '2025-11-11 15:19:08'),
	('341f9bb9fbcd4fdc76aa320991d29edc', 'http://127.0.0.1:8080/localFile/20251111/product-description-image/31_dd0437b4-72c8-40d7-aa99-48c1b755f25e.jpg', 381044, '31_dd0437b4-72c8-40d7-aa99-48c1b755f25e.jpg', 'dd0437b4-72c8-40d7-aa99-48c1b755f25e.jpg', '', '20251111/product-description-image/', 'jpg', 'image/jpeg', 'local', NULL, NULL, NULL, NULL, NULL, NULL, '{}', '{}', '{}', '{}', '{"source":"product-description-image"}', NULL, NULL, '{}', NULL, NULL, 'product-description-image', '2025-11-11 16:25:56'),
	('34318a3c4020506399878b1d11062b59', 'http://127.0.0.1:8080/localFile/20251111/product-detail-image/01_1923099f-e39d-47be-b7a9-5a8c98669b83.jpg', 46424, '01_1923099f-e39d-47be-b7a9-5a8c98669b83.jpg', '1923099f-e39d-47be-b7a9-5a8c98669b83.jpg', '', '20251111/product-detail-image/', 'jpg', 'image/jpeg', 'local', NULL, NULL, NULL, NULL, NULL, NULL, '{}', '{}', '{}', '{}', '{"source":"product-detail-image"}', NULL, NULL, '{}', NULL, NULL, 'product-detail-image', '2025-11-11 14:36:48'),
	('3862f808be4beba7c4164f7db8a6aaf5', 'http://127.0.0.1:8080/localFile/20251111/product-description-image/10_b7d6de5f-7f11-4732-bc25-b18069c5ccf6.jpg', 203594, '10_b7d6de5f-7f11-4732-bc25-b18069c5ccf6.jpg', 'b7d6de5f-7f11-4732-bc25-b18069c5ccf6.jpg', '', '20251111/product-description-image/', 'jpg', 'image/jpeg', 'local', NULL, NULL, NULL, NULL, NULL, NULL, '{}', '{}', '{}', '{}', '{"source":"product-description-image"}', NULL, NULL, '{}', NULL, NULL, 'product-description-image', '2025-11-11 16:25:56'),
	('39d239d843e25911026dcfb6afc2117e', 'http://127.0.0.1:8080/localFile/20251111/blog-image/45_3db9481a-35b9-4d60-8409-9bb75bd5d190.jpg', 282611, '45_3db9481a-35b9-4d60-8409-9bb75bd5d190.jpg', '3db9481a-35b9-4d60-8409-9bb75bd5d190.jpg', '', '20251111/blog-image/', 'jpg', 'image/jpeg', 'local', NULL, NULL, NULL, NULL, NULL, NULL, '{}', '{}', '{}', '{}', '{"source":"blog-image"}', NULL, NULL, '{}', NULL, NULL, 'blog-image', '2025-11-11 17:15:59'),
	('3dd842efdd0d5470f27658c6966e5c53', 'http://127.0.0.1:8080/localFile/20251113/blog-image/10_3db9481a-35b9-4d60-8409-9bb75bd5d190.jpg', 282611, '10_3db9481a-35b9-4d60-8409-9bb75bd5d190.jpg', '3db9481a-35b9-4d60-8409-9bb75bd5d190.jpg', '', '20251113/blog-image/', 'jpg', 'image/jpeg', 'local', NULL, NULL, NULL, NULL, NULL, NULL, '{}', '{}', '{}', '{}', '{"source":"blog-image"}', NULL, NULL, '{}', NULL, NULL, 'blog-image', '2025-11-13 16:00:52'),
	('3e88bce84d2282865f6b5c5716e1d05a', 'http://127.0.0.1:8080/localFile/20251111/product-detail-image/85_69523061-e093-48f9-a708-38512ef28a71.jpg', 36640, '85_69523061-e093-48f9-a708-38512ef28a71.jpg', '69523061-e093-48f9-a708-38512ef28a71.jpg', '', '20251111/product-detail-image/', 'jpg', 'image/jpeg', 'local', NULL, NULL, NULL, NULL, NULL, NULL, '{}', '{}', '{}', '{}', '{"source":"product-detail-image"}', NULL, NULL, '{}', NULL, NULL, 'product-detail-image', '2025-11-11 15:53:02'),
	('3ea12b992935e95aa24b766ef17263ba', 'https://web-framework-cwj.oss-cn-chengdu.aliyuncs.com/wcgmall-plus/file/20251216/product-review/00_712e7176-e8f4-41d9-aae6-4df781011933.png', 559727, '00_712e7176-e8f4-41d9-aae6-4df781011933.png', '712e7176-e8f4-41d9-aae6-4df781011933.png', 'wcgmall-plus/file/', '20251216/product-review/', 'png', 'image/png', 'ali', NULL, NULL, NULL, NULL, NULL, NULL, '{}', '{}', '{}', '{}', '{"source":"product-review"}', NULL, NULL, '{}', NULL, NULL, 'product-review', '2025-12-16 14:40:57'),
	('3f9ac098ed5fb7eed4106d1e48ddff49', 'https://web-framework-cwj.oss-cn-chengdu.aliyuncs.com/wcgmall-plus/file/20251205/product-image/53_avatar.png', 2910, '53_avatar.png', 'avatar.png', 'wcgmall-plus/file/', '20251205/product-image/', 'png', 'image/png', 'ali', NULL, NULL, NULL, NULL, NULL, NULL, '{}', '{}', '{}', '{}', '{"source":"product-image"}', NULL, NULL, '{}', NULL, NULL, 'product-image', '2025-12-05 17:01:54'),
	('417885bcd3e91fc5f852c801f186fb07', 'http://127.0.0.1:8080/localFile/20251111/product-detail-image/31_157a37cc-4138-432e-8685-a840162a2f64.jpg', 76531, '31_157a37cc-4138-432e-8685-a840162a2f64.jpg', '157a37cc-4138-432e-8685-a840162a2f64.jpg', '', '20251111/product-detail-image/', 'jpg', 'image/jpeg', 'local', NULL, NULL, NULL, NULL, NULL, NULL, '{}', '{}', '{}', '{}', '{"source":"product-detail-image"}', NULL, NULL, '{}', NULL, NULL, 'product-detail-image', '2025-11-11 15:49:08'),
	('41c3e50ce91e9433a282f9ddf8a25884', 'http://127.0.0.1:8080/localFile/20251112/shopSlider-image/48_0908fab0-a978-4001-93e2-2dba0eb48182.png', 183589, '48_0908fab0-a978-4001-93e2-2dba0eb48182.png', '0908fab0-a978-4001-93e2-2dba0eb48182.png', '', '20251112/shopSlider-image/', 'png', 'image/png', 'local', NULL, NULL, NULL, NULL, NULL, NULL, '{}', '{}', '{}', '{}', '{"source":"shopSlider-image"}', NULL, NULL, '{}', NULL, NULL, 'shopSlider-image', '2025-11-12 10:26:39'),
	('4a39f47d68e52ce4464ddec75441676e', 'http://127.0.0.1:8080/localFile/20251111/product-description-image/83_cf05aa03-297c-4c77-9e52-5e7e73d0aa75.jpg', 512297, '83_cf05aa03-297c-4c77-9e52-5e7e73d0aa75.jpg', 'cf05aa03-297c-4c77-9e52-5e7e73d0aa75.jpg', '', '20251111/product-description-image/', 'jpg', 'image/jpeg', 'local', NULL, NULL, NULL, NULL, NULL, NULL, '{}', '{}', '{}', '{}', '{"source":"product-description-image"}', NULL, NULL, '{}', NULL, NULL, 'product-description-image', '2025-11-11 15:49:23'),
	('4c1510125f4031fbda2e6e2fd37f0978', 'http://127.0.0.1:8080/localFile/20251111/product-detail-image/30_e7dd3ee9-ee56-4b50-9164-ff76c243711f.jpg', 26340, '30_e7dd3ee9-ee56-4b50-9164-ff76c243711f.jpg', 'e7dd3ee9-ee56-4b50-9164-ff76c243711f.jpg', '', '20251111/product-detail-image/', 'jpg', 'image/jpeg', 'local', NULL, NULL, NULL, NULL, NULL, NULL, '{}', '{}', '{}', '{}', '{"source":"product-detail-image"}', NULL, NULL, '{}', NULL, NULL, 'product-detail-image', '2025-11-11 15:53:02'),
	('50539d5b0ca8e1e48b595daf1f6ebd95', 'http://127.0.0.1:8080/localFile/20251111/product-description-image/62_0931a1ce-1793-45f7-8e43-81f896c97eab.jpg', 523101, '62_0931a1ce-1793-45f7-8e43-81f896c97eab.jpg', '0931a1ce-1793-45f7-8e43-81f896c97eab.jpg', '', '20251111/product-description-image/', 'jpg', 'image/jpeg', 'local', NULL, NULL, NULL, NULL, NULL, NULL, '{}', '{}', '{}', '{}', '{"source":"product-description-image"}', NULL, NULL, '{}', NULL, NULL, 'product-description-image', '2025-11-11 16:22:49'),
	('50bd366e97f9c2b1673e843259aac821', 'http://127.0.0.1:8080/localFile/20251111/product-detail-image/94_ab89e4d2-268e-4835-8434-881421f729c7.jpg', 48764, '94_ab89e4d2-268e-4835-8434-881421f729c7.jpg', 'ab89e4d2-268e-4835-8434-881421f729c7.jpg', '', '20251111/product-detail-image/', 'jpg', 'image/jpeg', 'local', NULL, NULL, NULL, NULL, NULL, NULL, '{}', '{}', '{}', '{}', '{"source":"product-detail-image"}', NULL, NULL, '{}', NULL, NULL, 'product-detail-image', '2025-11-11 14:50:22'),
	('5173ac63571b5161960361344bcacb5e', 'http://127.0.0.1:8080/localFile/20251128/avatar/03_avatar.png', 2910, '03_avatar.png', 'avatar.png', '', '20251128/avatar/', 'png', 'image/png', 'local', NULL, NULL, NULL, NULL, NULL, NULL, '{}', '{}', '{}', '{}', '{"source":"avatar"}', NULL, NULL, '{}', NULL, NULL, 'avatar', '2025-11-28 14:43:00'),
	('532553eed8aab489975cbbbfd2bbd4ae', 'http://127.0.0.1:8080/localFile/20251111/product-detail-image/86_157a37cc-4138-432e-8685-a840162a2f64.jpg', 76531, '86_157a37cc-4138-432e-8685-a840162a2f64.jpg', '157a37cc-4138-432e-8685-a840162a2f64.jpg', '', '20251111/product-detail-image/', 'jpg', 'image/jpeg', 'local', NULL, NULL, NULL, NULL, NULL, NULL, '{}', '{}', '{}', '{}', '{"source":"product-detail-image"}', NULL, NULL, '{}', NULL, NULL, 'product-detail-image', '2025-11-11 14:36:48'),
	('53cdfcb3293db18dd901633fb485856c', 'http://127.0.0.1:8080/localFile/20251111/product-image/85_4c5e66a1-057b-440c-b8f4-2f0207975559.jpg', 54162, '85_4c5e66a1-057b-440c-b8f4-2f0207975559.jpg', '4c5e66a1-057b-440c-b8f4-2f0207975559.jpg', '', '20251111/product-image/', 'jpg', 'image/jpeg', 'local', NULL, NULL, NULL, NULL, NULL, NULL, '{}', '{}', '{}', '{}', '{"source":"product-image"}', NULL, NULL, '{}', NULL, NULL, 'product-image', '2025-11-11 14:36:34'),
	('540a39b3a382f99d4b4311fde1747e3b', 'https://web-framework-cwj.oss-cn-chengdu.aliyuncs.com/wcgmall-plus/file/20251212/site/97_logo-header.jpg', 2941, '97_logo-header.jpg', 'logo-header.jpg', 'wcgmall-plus/file/', '20251212/site/', 'jpg', 'image/jpeg', 'ali', NULL, NULL, NULL, NULL, NULL, NULL, '{}', '{}', '{}', '{}', '{"source":"site"}', NULL, NULL, '{}', NULL, NULL, 'site', '2025-12-12 10:32:01'),
	('55cdbbbf24f1071833c71916c25d4d5c', 'http://127.0.0.1:8080/localFile/20251111/product-detail-image/06_157a37cc-4138-432e-8685-a840162a2f64.jpg', 76531, '06_157a37cc-4138-432e-8685-a840162a2f64.jpg', '157a37cc-4138-432e-8685-a840162a2f64.jpg', '', '20251111/product-detail-image/', 'jpg', 'image/jpeg', 'local', NULL, NULL, NULL, NULL, NULL, NULL, '{}', '{}', '{}', '{}', '{"source":"product-detail-image"}', NULL, NULL, '{}', NULL, NULL, 'product-detail-image', '2025-11-11 14:50:22'),
	('57d2a6a5d9b6a1325a311adcf0f3eb08', 'http://127.0.0.1:8080/localFile/20251111/product-detail-image/01_122cea7b-7101-4a17-8b01-af9dddefe760.jpg', 97691, '01_122cea7b-7101-4a17-8b01-af9dddefe760.jpg', '122cea7b-7101-4a17-8b01-af9dddefe760.jpg', '', '20251111/product-detail-image/', 'jpg', 'image/jpeg', 'local', NULL, NULL, NULL, NULL, NULL, NULL, '{}', '{}', '{}', '{}', '{"source":"product-detail-image"}', NULL, NULL, '{}', NULL, NULL, 'product-detail-image', '2025-11-11 15:50:53'),
	('59679030a17c0516bfd14f8c4ebd03e8', 'http://127.0.0.1:8080/localFile/20251113/31_avatar.jpg', 197560, '31_avatar.jpg', 'avatar.jpg', '', '20251113/', 'jpg', 'image/png', 'local', NULL, NULL, NULL, NULL, NULL, NULL, '{}', '{}', '{}', '{}', '{"source":null}', NULL, NULL, '{}', NULL, NULL, NULL, '2025-11-13 17:25:23'),
	('5b969c6bcfa0ecf8d0fbc93416f6b960', 'https://web-framework-cwj.oss-cn-chengdu.aliyuncs.com/wcgmall-plus/file/20251212/site/80_logo-footer.jpg', 1545, '80_logo-footer.jpg', 'logo-footer.jpg', 'wcgmall-plus/file/', '20251212/site/', 'jpg', 'image/jpeg', 'ali', NULL, NULL, NULL, NULL, NULL, NULL, '{}', '{}', '{}', '{}', '{"source":"site"}', NULL, NULL, '{}', NULL, NULL, 'site', '2025-12-12 10:29:13'),
	('5bc1eca5bb352946bbcaf4b23cccaf1a', 'http://127.0.0.1:8080/localFile/20251113/blog-image/95_3db9481a-35b9-4d60-8409-9bb75bd5d190.jpg', 282611, '95_3db9481a-35b9-4d60-8409-9bb75bd5d190.jpg', '3db9481a-35b9-4d60-8409-9bb75bd5d190.jpg', '', '20251113/blog-image/', 'jpg', 'image/jpeg', 'local', NULL, NULL, NULL, NULL, NULL, NULL, '{}', '{}', '{}', '{}', '{"source":"blog-image"}', NULL, NULL, '{}', NULL, NULL, 'blog-image', '2025-11-13 16:07:19'),
	('5cd7dc179e7de93458b9d287797da53b', 'https://web-framework-cwj.oss-cn-chengdu.aliyuncs.com/wcgmall-plus/file/20251205/blog-image/35_avatar.png', 2910, '35_avatar.png', 'avatar.png', 'wcgmall-plus/file/', '20251205/blog-image/', 'png', 'image/png', 'ali', NULL, NULL, NULL, NULL, NULL, NULL, '{}', '{}', '{}', '{}', '{"source":"blog-image"}', NULL, NULL, '{}', NULL, NULL, 'blog-image', '2025-12-05 17:01:01'),
	('610704367662d0458c8a0c3d7355d3de', 'http://127.0.0.1:8080/localFile/20251128/avatar/33_ad9b6505-9cca-41e6-b0e2-a1be2193eb8b.jpg', 35767, '33_ad9b6505-9cca-41e6-b0e2-a1be2193eb8b.jpg', 'ad9b6505-9cca-41e6-b0e2-a1be2193eb8b.jpg', '', '20251128/avatar/', 'jpg', 'image/jpeg', 'local', NULL, NULL, NULL, NULL, NULL, NULL, '{}', '{}', '{}', '{}', '{"source":"avatar"}', NULL, NULL, '{}', NULL, NULL, 'avatar', '2025-11-28 16:21:53'),
	('634c43374f3fdd1e49574d47f4b3019c', 'http://127.0.0.1:8080/localFile/20251201/blog-image/80_65152cdb-3455-4db5-bdfd-7cff5dd9eb29.jpg', 358190, '80_65152cdb-3455-4db5-bdfd-7cff5dd9eb29.jpg', '65152cdb-3455-4db5-bdfd-7cff5dd9eb29.jpg', '', '20251201/blog-image/', 'jpg', 'image/jpeg', 'local', NULL, NULL, NULL, NULL, NULL, NULL, '{}', '{}', '{}', '{}', '{"source":"blog-image"}', NULL, NULL, '{}', NULL, NULL, 'blog-image', '2025-12-01 10:31:24'),
	('6405fa06f07f8a63bad5da69f3c81077', 'http://127.0.0.1:8080/localFile/20251113/23_avatar.jpg', 197560, '23_avatar.jpg', 'avatar.jpg', '', '20251113/', 'jpg', 'image/png', 'local', NULL, NULL, NULL, NULL, NULL, NULL, '{}', '{}', '{}', '{}', '{"source":null}', NULL, NULL, '{}', NULL, NULL, NULL, '2025-11-13 17:40:19'),
	('662d1e8718168f9642e0c341b895779b', 'http://127.0.0.1:8080/localFile/20251111/product-image/76_8bee92a6-a306-41aa-ab54-36a970968ce3.jpg', 36983, '76_8bee92a6-a306-41aa-ab54-36a970968ce3.jpg', '8bee92a6-a306-41aa-ab54-36a970968ce3.jpg', '', '20251111/product-image/', 'jpg', 'image/jpeg', 'local', NULL, NULL, NULL, NULL, NULL, NULL, '{}', '{}', '{}', '{}', '{"source":"product-image"}', NULL, NULL, '{}', NULL, NULL, 'product-image', '2025-11-11 15:52:56'),
	('66eecb328d91f59436d41ec339b5c604', 'http://127.0.0.1:8080/localFile/20251128/avatar/07_1923099f-e39d-47be-b7a9-5a8c98669b83.jpg', 46424, '07_1923099f-e39d-47be-b7a9-5a8c98669b83.jpg', '1923099f-e39d-47be-b7a9-5a8c98669b83.jpg', '', '20251128/avatar/', 'jpg', 'image/jpeg', 'local', NULL, NULL, NULL, NULL, NULL, NULL, '{}', '{}', '{}', '{}', '{"source":"avatar"}', NULL, NULL, '{}', NULL, NULL, 'avatar', '2025-11-28 14:43:42'),
	('6915250bbbbbde57dddc595b5d2cfac1', 'http://127.0.0.1:8080/localFile/20251111/product-description-image/93_5a79763f-d81b-41a4-80e0-05869801092f.jpg', 240117, '93_5a79763f-d81b-41a4-80e0-05869801092f.jpg', '5a79763f-d81b-41a4-80e0-05869801092f.jpg', '', '20251111/product-description-image/', 'jpg', 'image/jpeg', 'local', NULL, NULL, NULL, NULL, NULL, NULL, '{}', '{}', '{}', '{}', '{"source":"product-description-image"}', NULL, NULL, '{}', NULL, NULL, 'product-description-image', '2025-11-11 14:47:10'),
	('6b490bbec50b65155d82ec4f71d41453', 'http://127.0.0.1:8080/localFile/20251111/product-description-image/98_e40b9f44-2b17-401b-9f01-a0e07997fb45.jpg', 274380, '98_e40b9f44-2b17-401b-9f01-a0e07997fb45.jpg', 'e40b9f44-2b17-401b-9f01-a0e07997fb45.jpg', '', '20251111/product-description-image/', 'jpg', 'image/jpeg', 'local', NULL, NULL, NULL, NULL, NULL, NULL, '{}', '{}', '{}', '{}', '{"source":"product-description-image"}', NULL, NULL, '{}', NULL, NULL, 'product-description-image', '2025-11-11 14:47:10'),
	('6be96fbdc6b8c4d1b456190fff73b5c6', 'http://127.0.0.1:8080/localFile/20251111/blog-image/37_3db9481a-35b9-4d60-8409-9bb75bd5d190.jpg', 282611, '37_3db9481a-35b9-4d60-8409-9bb75bd5d190.jpg', '3db9481a-35b9-4d60-8409-9bb75bd5d190.jpg', '', '20251111/blog-image/', 'jpg', 'image/jpeg', 'local', NULL, NULL, NULL, NULL, NULL, NULL, '{}', '{}', '{}', '{}', '{"source":"blog-image"}', NULL, NULL, '{}', NULL, NULL, 'blog-image', '2025-11-11 17:07:01'),
	('6c545eaad1dd73da4e113650d23b9a74', 'http://127.0.0.1:8080/localFile/20251111/product-image/23_4c5e66a1-057b-440c-b8f4-2f0207975559.jpg', 54162, '23_4c5e66a1-057b-440c-b8f4-2f0207975559.jpg', '4c5e66a1-057b-440c-b8f4-2f0207975559.jpg', '', '20251111/product-image/', 'jpg', 'image/jpeg', 'local', NULL, NULL, NULL, NULL, NULL, NULL, '{}', '{}', '{}', '{}', '{"source":"product-image"}', NULL, NULL, '{}', NULL, NULL, 'product-image', '2025-11-11 15:19:04'),
	('6f2a37e196967ac3c6b67f3e8d92c23d', 'http://127.0.0.1:8080/localFile/20251111/product-description-image/17_705c2610-5818-42df-9283-29bf2a084d3c.jpg', 420878, '17_705c2610-5818-42df-9283-29bf2a084d3c.jpg', '705c2610-5818-42df-9283-29bf2a084d3c.jpg', '', '20251111/product-description-image/', 'jpg', 'image/jpeg', 'local', NULL, NULL, NULL, NULL, NULL, NULL, '{}', '{}', '{}', '{}', '{"source":"product-description-image"}', NULL, NULL, '{}', NULL, NULL, 'product-description-image', '2025-11-11 16:22:49'),
	('6f820b76c77c07bee7b5af8975f78eb1', 'http://127.0.0.1:8080/localFile/20251111/product-detail-image/58_edc07e97-ca92-424e-b9ea-332c553001cb.jpg', 23718, '58_edc07e97-ca92-424e-b9ea-332c553001cb.jpg', 'edc07e97-ca92-424e-b9ea-332c553001cb.jpg', '', '20251111/product-detail-image/', 'jpg', 'image/jpeg', 'local', NULL, NULL, NULL, NULL, NULL, NULL, '{}', '{}', '{}', '{}', '{"source":"product-detail-image"}', NULL, NULL, '{}', NULL, NULL, 'product-detail-image', '2025-11-11 15:53:02'),
	('7a1c6988936818af7501b2ab96fa4382', 'http://127.0.0.1:8080/localFile/20251111/product-detail-image/64_1923099f-e39d-47be-b7a9-5a8c98669b83.jpg', 46424, '64_1923099f-e39d-47be-b7a9-5a8c98669b83.jpg', '1923099f-e39d-47be-b7a9-5a8c98669b83.jpg', '', '20251111/product-detail-image/', 'jpg', 'image/jpeg', 'local', NULL, NULL, NULL, NULL, NULL, NULL, '{}', '{}', '{}', '{}', '{"source":"product-detail-image"}', NULL, NULL, '{}', NULL, NULL, 'product-detail-image', '2025-11-11 15:49:08'),
	('7b775551cb649b4976b35bfb2d33cbdb', 'http://127.0.0.1:8080/localFile/20251201/blog-image/24_65152cdb-3455-4db5-bdfd-7cff5dd9eb29.jpg', 358190, '24_65152cdb-3455-4db5-bdfd-7cff5dd9eb29.jpg', '65152cdb-3455-4db5-bdfd-7cff5dd9eb29.jpg', '', '20251201/blog-image/', 'jpg', 'image/jpeg', 'local', NULL, NULL, NULL, NULL, NULL, NULL, '{}', '{}', '{}', '{}', '{"source":"blog-image"}', NULL, NULL, '{}', NULL, NULL, 'blog-image', '2025-12-01 11:27:51'),
	('7e29d775c0dec1c4a3fc03bf8286c5a2', 'http://127.0.0.1:8080/localFile/20251111/product-detail-image/46_1923099f-e39d-47be-b7a9-5a8c98669b83.jpg', 46424, '46_1923099f-e39d-47be-b7a9-5a8c98669b83.jpg', '1923099f-e39d-47be-b7a9-5a8c98669b83.jpg', '', '20251111/product-detail-image/', 'jpg', 'image/jpeg', 'local', NULL, NULL, NULL, NULL, NULL, NULL, '{}', '{}', '{}', '{}', '{"source":"product-detail-image"}', NULL, NULL, '{}', NULL, NULL, 'product-detail-image', '2025-11-11 15:19:08'),
	('7e8f93896c332541e246b19cececaf7e', 'http://127.0.0.1:8080/localFile/20251113/12_avatar.jpg', 197560, '12_avatar.jpg', 'avatar.jpg', '', '20251113/', 'jpg', 'image/png', 'local', NULL, NULL, NULL, NULL, NULL, NULL, '{}', '{}', '{}', '{}', '{"source":null}', NULL, NULL, '{}', NULL, NULL, NULL, '2025-11-13 17:17:18'),
	('850d0bc075ba96d6b43aa7f3b6044e81', 'http://127.0.0.1:8080/localFile/20251111/product-detail-image/90_1923099f-e39d-47be-b7a9-5a8c98669b83.jpg', 46424, '90_1923099f-e39d-47be-b7a9-5a8c98669b83.jpg', '1923099f-e39d-47be-b7a9-5a8c98669b83.jpg', '', '20251111/product-detail-image/', 'jpg', 'image/jpeg', 'local', NULL, NULL, NULL, NULL, NULL, NULL, '{}', '{}', '{}', '{}', '{"source":"product-detail-image"}', NULL, NULL, '{}', NULL, NULL, 'product-detail-image', '2025-11-11 14:50:22'),
	('8a469d93991642a231b39f4afd266e3c', 'http://127.0.0.1:8080/localFile/20251111/product-detail-image/19_1923099f-e39d-47be-b7a9-5a8c98669b83.jpg', 46424, '19_1923099f-e39d-47be-b7a9-5a8c98669b83.jpg', '1923099f-e39d-47be-b7a9-5a8c98669b83.jpg', '', '20251111/product-detail-image/', 'jpg', 'image/jpeg', 'local', NULL, NULL, NULL, NULL, NULL, NULL, '{}', '{}', '{}', '{}', '{"source":"product-detail-image"}', NULL, NULL, '{}', NULL, NULL, 'product-detail-image', '2025-11-11 14:46:55'),
	('8ca35cc5412cc361edd215b36516ee15', 'https://web-framework-cwj.oss-cn-chengdu.aliyuncs.com/wcgmall-plus/file/20251205/indexSlider-image/76_avatar.png', 2910, '76_avatar.png', 'avatar.png', 'wcgmall-plus/file/', '20251205/indexSlider-image/', 'png', 'image/png', 'ali', NULL, NULL, NULL, NULL, NULL, NULL, '{}', '{}', '{}', '{}', '{"source":"indexSlider-image"}', NULL, NULL, '{}', NULL, NULL, 'indexSlider-image', '2025-12-05 17:00:38'),
	('8cc05abd07849742085ce628a41e9e80', 'http://127.0.0.1:8080/localFile/20251111/product-detail-image/77_122cea7b-7101-4a17-8b01-af9dddefe760.jpg', 97691, '77_122cea7b-7101-4a17-8b01-af9dddefe760.jpg', '122cea7b-7101-4a17-8b01-af9dddefe760.jpg', '', '20251111/product-detail-image/', 'jpg', 'image/jpeg', 'local', NULL, NULL, NULL, NULL, NULL, NULL, '{}', '{}', '{}', '{}', '{"source":"product-detail-image"}', NULL, NULL, '{}', NULL, NULL, 'product-detail-image', '2025-11-11 14:46:55'),
	('92127efbf3447a9709a53e6486c15121', 'https://web-framework-cwj.oss-cn-chengdu.aliyuncs.com/wcgmall-plus/file/20251216/product-review/70_avatar.png', 2910, '70_avatar.png', 'avatar.png', 'wcgmall-plus/file/', '20251216/product-review/', 'png', 'image/png', 'ali', NULL, NULL, NULL, NULL, NULL, NULL, '{}', '{}', '{}', '{}', '{"source":"product-review"}', NULL, NULL, '{}', NULL, NULL, 'product-review', '2025-12-16 14:15:32'),
	('925bb01f4eb3b0a42eb5bb9b97847763', 'http://127.0.0.1:8080/localFile/20251113/87_avatar.jpg', 1192, '87_avatar.jpg', 'avatar.jpg', '', '20251113/', 'jpg', 'image/png', 'local', NULL, NULL, NULL, NULL, NULL, NULL, '{}', '{}', '{}', '{}', '{"source":null}', NULL, NULL, '{}', NULL, NULL, NULL, '2025-11-13 17:40:59'),
	('929d340e63c89590e67ddaf8fb2869ae', 'http://127.0.0.1:8080/localFile/20251111/product-description-image/11_8b09ffc5-e1b2-4bd7-8deb-29046e08116a.jpg', 372383, '11_8b09ffc5-e1b2-4bd7-8deb-29046e08116a.jpg', '8b09ffc5-e1b2-4bd7-8deb-29046e08116a.jpg', '', '20251111/product-description-image/', 'jpg', 'image/jpeg', 'local', NULL, NULL, NULL, NULL, NULL, NULL, '{}', '{}', '{}', '{}', '{"source":"product-description-image"}', NULL, NULL, '{}', NULL, NULL, 'product-description-image', '2025-11-11 15:49:23'),
	('9400a81ce982308720db0409b9bb1975', 'http://127.0.0.1:8080/localFile/20251113/blog-image/38_3db9481a-35b9-4d60-8409-9bb75bd5d190.jpg', 282611, '38_3db9481a-35b9-4d60-8409-9bb75bd5d190.jpg', '3db9481a-35b9-4d60-8409-9bb75bd5d190.jpg', '', '20251113/blog-image/', 'jpg', 'image/jpeg', 'local', NULL, NULL, NULL, NULL, NULL, NULL, '{}', '{}', '{}', '{}', '{"source":"blog-image"}', NULL, NULL, '{}', NULL, NULL, 'blog-image', '2025-11-13 16:14:37'),
	('99c3baebfa978b9ccff6ddaed4a95779', 'http://127.0.0.1:8080/localFile/20251111/product-detail-image/47_ad9b6505-9cca-41e6-b0e2-a1be2193eb8b.jpg', 35767, '47_ad9b6505-9cca-41e6-b0e2-a1be2193eb8b.jpg', 'ad9b6505-9cca-41e6-b0e2-a1be2193eb8b.jpg', '', '20251111/product-detail-image/', 'jpg', 'image/jpeg', 'local', NULL, NULL, NULL, NULL, NULL, NULL, '{}', '{}', '{}', '{}', '{"source":"product-detail-image"}', NULL, NULL, '{}', NULL, NULL, 'product-detail-image', '2025-11-11 15:49:08'),
	('9dfe4679cf29e8f1de9e382952e7adb0', 'http://127.0.0.1:8080/localFile/20251111/product-description-image/01_5a79763f-d81b-41a4-80e0-05869801092f.jpg', 240117, '01_5a79763f-d81b-41a4-80e0-05869801092f.jpg', '5a79763f-d81b-41a4-80e0-05869801092f.jpg', '', '20251111/product-description-image/', 'jpg', 'image/jpeg', 'local', NULL, NULL, NULL, NULL, NULL, NULL, '{}', '{}', '{}', '{}', '{"source":"product-description-image"}', NULL, NULL, '{}', NULL, NULL, 'product-description-image', '2025-11-11 15:19:16'),
	('9f9ebadecaa8d976b065073fe6b56a74', 'http://127.0.0.1:8080/localFile/20251111/product-detail-image/56_ad9b6505-9cca-41e6-b0e2-a1be2193eb8b.jpg', 35767, '56_ad9b6505-9cca-41e6-b0e2-a1be2193eb8b.jpg', 'ad9b6505-9cca-41e6-b0e2-a1be2193eb8b.jpg', '', '20251111/product-detail-image/', 'jpg', 'image/jpeg', 'local', NULL, NULL, NULL, NULL, NULL, NULL, '{}', '{}', '{}', '{}', '{"source":"product-detail-image"}', NULL, NULL, '{}', NULL, NULL, 'product-detail-image', '2025-11-11 14:36:48'),
	('a0da2f8ec14a4ec75eab32362d19bfc6', 'http://127.0.0.1:8080/localFile/20251111/product-detail-image/83_4c5e66a1-057b-440c-b8f4-2f0207975559.jpg', 54162, '83_4c5e66a1-057b-440c-b8f4-2f0207975559.jpg', '4c5e66a1-057b-440c-b8f4-2f0207975559.jpg', '', '20251111/product-detail-image/', 'jpg', 'image/jpeg', 'local', NULL, NULL, NULL, NULL, NULL, NULL, '{}', '{}', '{}', '{}', '{"source":"product-detail-image"}', NULL, NULL, '{}', NULL, NULL, 'product-detail-image', '2025-11-11 14:46:55'),
	('a1c13f911647057673b5a91ae7647436', 'http://127.0.0.1:8080/localFile/20251128/avatar/24_Snipaste_2025-10-28_14-41-06.png', 15722, '24_Snipaste_2025-10-28_14-41-06.png', 'Snipaste_2025-10-28_14-41-06.png', '', '20251128/avatar/', 'png', 'image/png', 'local', NULL, NULL, NULL, NULL, NULL, NULL, '{}', '{}', '{}', '{}', '{"source":"avatar"}', NULL, NULL, '{}', NULL, NULL, 'avatar', '2025-11-28 14:39:07'),
	('a4b786bd4d79e8ea1a91568d72d6eab4', 'http://127.0.0.1:8080/localFile/20251111/product-description-image/73_3d867d0c-47d4-47fb-989b-dee48ab4fde4.jpg', 88719, '73_3d867d0c-47d4-47fb-989b-dee48ab4fde4.jpg', '3d867d0c-47d4-47fb-989b-dee48ab4fde4.jpg', '', '20251111/product-description-image/', 'jpg', 'image/jpeg', 'local', NULL, NULL, NULL, NULL, NULL, NULL, '{}', '{}', '{}', '{}', '{"source":"product-description-image"}', NULL, NULL, '{}', NULL, NULL, 'product-description-image', '2025-11-11 16:22:49'),
	('aa3b472623c2fde463a640696676a33e', 'http://127.0.0.1:8080/localFile/20251111/product-image/52_4c5e66a1-057b-440c-b8f4-2f0207975559.jpg', 54162, '52_4c5e66a1-057b-440c-b8f4-2f0207975559.jpg', '4c5e66a1-057b-440c-b8f4-2f0207975559.jpg', '', '20251111/product-image/', 'jpg', 'image/jpeg', 'local', NULL, NULL, NULL, NULL, NULL, NULL, '{}', '{}', '{}', '{}', '{"source":"product-image"}', NULL, NULL, '{}', NULL, NULL, 'product-image', '2025-11-11 14:46:49'),
	('ab593389e971fbfd557f7654f5c76381', 'http://127.0.0.1:8080/localFile/20251111/product-description-image/08_e40b9f44-2b17-401b-9f01-a0e07997fb45.jpg', 274380, '08_e40b9f44-2b17-401b-9f01-a0e07997fb45.jpg', 'e40b9f44-2b17-401b-9f01-a0e07997fb45.jpg', '', '20251111/product-description-image/', 'jpg', 'image/jpeg', 'local', NULL, NULL, NULL, NULL, NULL, NULL, '{}', '{}', '{}', '{}', '{"source":"product-description-image"}', NULL, NULL, '{}', NULL, NULL, 'product-description-image', '2025-11-11 14:37:35'),
	('ab6ff8e68b2bff0c0d46efc8b3094f31', 'http://127.0.0.1:8080/localFile/20251111/product-description-image/68_dd0437b4-72c8-40d7-aa99-48c1b755f25e.jpg', 381044, '68_dd0437b4-72c8-40d7-aa99-48c1b755f25e.jpg', 'dd0437b4-72c8-40d7-aa99-48c1b755f25e.jpg', '', '20251111/product-description-image/', 'jpg', 'image/jpeg', 'local', NULL, NULL, NULL, NULL, NULL, NULL, '{}', '{}', '{}', '{}', '{"source":"product-description-image"}', NULL, NULL, '{}', NULL, NULL, 'product-description-image', '2025-11-11 16:22:49'),
	('acd28af74ad6734f3cfe6d8c89826af2', 'http://127.0.0.1:8080/localFile/20251111/product-image/08_avatar.png', 2910, '08_avatar.png', 'avatar.png', '', '20251111/product-image/', 'png', 'image/png', 'local', NULL, NULL, NULL, NULL, NULL, NULL, '{}', '{}', '{}', '{}', '{"source":"product-image"}', NULL, NULL, '{}', NULL, NULL, 'product-image', '2025-11-11 14:27:15'),
	('af4758862b89083ccecbd02d57947783', 'https://web-framework-cwj.oss-cn-chengdu.aliyuncs.com/wcgmall-plus/file/20251212/site/40_favicon.jpg', 1163, '40_favicon.jpg', 'favicon.jpg', 'wcgmall-plus/file/', '20251212/site/', 'jpg', 'image/jpeg', 'ali', NULL, NULL, NULL, NULL, NULL, NULL, '{}', '{}', '{}', '{}', '{"source":"site"}', NULL, NULL, '{}', NULL, NULL, 'site', '2025-12-12 10:31:49'),
	('b1a35762fd385aa43a5dc6e1c19f8185', 'http://127.0.0.1:8080/localFile/20251111/product-description-image/72_dd0437b4-72c8-40d7-aa99-48c1b755f25e.jpg', 381044, '72_dd0437b4-72c8-40d7-aa99-48c1b755f25e.jpg', 'dd0437b4-72c8-40d7-aa99-48c1b755f25e.jpg', '', '20251111/product-description-image/', 'jpg', 'image/jpeg', 'local', NULL, NULL, NULL, NULL, NULL, NULL, '{}', '{}', '{}', '{}', '{"source":"product-description-image"}', NULL, NULL, '{}', NULL, NULL, 'product-description-image', '2025-11-11 16:15:38'),
	('b54890fc167dc1a74e25b2d8495b4f1a', 'http://127.0.0.1:8080/localFile/20251111/product-image/97_4c5e66a1-057b-440c-b8f4-2f0207975559.jpg', 54162, '97_4c5e66a1-057b-440c-b8f4-2f0207975559.jpg', '4c5e66a1-057b-440c-b8f4-2f0207975559.jpg', '', '20251111/product-image/', 'jpg', 'image/jpeg', 'local', NULL, NULL, NULL, NULL, NULL, NULL, '{}', '{}', '{}', '{}', '{"source":"product-image"}', NULL, NULL, '{}', NULL, NULL, 'product-image', '2025-11-11 14:50:15'),
	('b6d4b1b635c72e934cf2782508b1399a', 'http://127.0.0.1:8080/localFile/20251111/product-detail-image/02_157a37cc-4138-432e-8685-a840162a2f64.jpg', 76531, '02_157a37cc-4138-432e-8685-a840162a2f64.jpg', '157a37cc-4138-432e-8685-a840162a2f64.jpg', '', '20251111/product-detail-image/', 'jpg', 'image/jpeg', 'local', NULL, NULL, NULL, NULL, NULL, NULL, '{}', '{}', '{}', '{}', '{"source":"product-detail-image"}', NULL, NULL, '{}', NULL, NULL, 'product-detail-image', '2025-11-11 14:46:55'),
	('ba9b678e614ab91f21040a13b2928011', 'http://127.0.0.1:8080/localFile/20251112/shopSlider-image/66_712e7176-e8f4-41d9-aae6-4df781011933.png', 559727, '66_712e7176-e8f4-41d9-aae6-4df781011933.png', '712e7176-e8f4-41d9-aae6-4df781011933.png', '', '20251112/shopSlider-image/', 'png', 'image/png', 'local', NULL, NULL, NULL, NULL, NULL, NULL, '{}', '{}', '{}', '{}', '{"source":"shopSlider-image"}', NULL, NULL, '{}', NULL, NULL, 'shopSlider-image', '2025-11-12 10:26:50'),
	('c0af35108ab5eae0be0913317e7bccd8', 'http://127.0.0.1:8080/localFile/20251111/product-description-image/17_0931a1ce-1793-45f7-8e43-81f896c97eab.jpg', 523101, '17_0931a1ce-1793-45f7-8e43-81f896c97eab.jpg', '0931a1ce-1793-45f7-8e43-81f896c97eab.jpg', '', '20251111/product-description-image/', 'jpg', 'image/jpeg', 'local', NULL, NULL, NULL, NULL, NULL, NULL, '{}', '{}', '{}', '{}', '{"source":"product-description-image"}', NULL, NULL, '{}', NULL, NULL, 'product-description-image', '2025-11-11 16:25:56'),
	('c183dd200d32bddd6d5d62d2bb0e4441', 'http://127.0.0.1:8080/localFile/20251111/product-description-image/03_5a79763f-d81b-41a4-80e0-05869801092f.jpg', 240117, '03_5a79763f-d81b-41a4-80e0-05869801092f.jpg', '5a79763f-d81b-41a4-80e0-05869801092f.jpg', '', '20251111/product-description-image/', 'jpg', 'image/jpeg', 'local', NULL, NULL, NULL, NULL, NULL, NULL, '{}', '{}', '{}', '{}', '{"source":"product-description-image"}', NULL, NULL, '{}', NULL, NULL, 'product-description-image', '2025-11-11 14:37:35'),
	('c7ba0a8750ef753ec89511d22b00fd48', 'http://127.0.0.1:8080/localFile/20251128/avatar/13_Snipaste_2025-10-28_14-41-06.png', 15722, '13_Snipaste_2025-10-28_14-41-06.png', 'Snipaste_2025-10-28_14-41-06.png', '', '20251128/avatar/', 'png', 'image/png', 'local', NULL, NULL, NULL, NULL, NULL, NULL, '{}', '{}', '{}', '{}', '{"source":"avatar"}', NULL, NULL, '{}', NULL, NULL, 'avatar', '2025-11-28 14:38:23'),
	('c867d8b1de06ee5c1c3bb7df6406b1c2', 'http://127.0.0.1:8080/localFile/20251111/product-detail-image/43_122cea7b-7101-4a17-8b01-af9dddefe760.jpg', 97691, '43_122cea7b-7101-4a17-8b01-af9dddefe760.jpg', '122cea7b-7101-4a17-8b01-af9dddefe760.jpg', '', '20251111/product-detail-image/', 'jpg', 'image/jpeg', 'local', NULL, NULL, NULL, NULL, NULL, NULL, '{}', '{}', '{}', '{}', '{"source":"product-detail-image"}', NULL, NULL, '{}', NULL, NULL, 'product-detail-image', '2025-11-11 14:36:48'),
	('c8d352c68e630503670938a5e063387f', 'http://127.0.0.1:8080/localFile/20251111/product-description-image/93_e40b9f44-2b17-401b-9f01-a0e07997fb45.jpg', 274380, '93_e40b9f44-2b17-401b-9f01-a0e07997fb45.jpg', 'e40b9f44-2b17-401b-9f01-a0e07997fb45.jpg', '', '20251111/product-description-image/', 'jpg', 'image/jpeg', 'local', NULL, NULL, NULL, NULL, NULL, NULL, '{}', '{}', '{}', '{}', '{"source":"product-description-image"}', NULL, NULL, '{}', NULL, NULL, 'product-description-image', '2025-11-11 15:49:23'),
	('ced2c04c8d807711af3760e30cad02dd', 'http://127.0.0.1:8080/localFile/20251111/product-description-image/67_8b09ffc5-e1b2-4bd7-8deb-29046e08116a.jpg', 372383, '67_8b09ffc5-e1b2-4bd7-8deb-29046e08116a.jpg', '8b09ffc5-e1b2-4bd7-8deb-29046e08116a.jpg', '', '20251111/product-description-image/', 'jpg', 'image/jpeg', 'local', NULL, NULL, NULL, NULL, NULL, NULL, '{}', '{}', '{}', '{}', '{"source":"product-description-image"}', NULL, NULL, '{}', NULL, NULL, 'product-description-image', '2025-11-11 14:47:10'),
	('cf18de624bddf98cf5a8ffb93abb38d0', 'http://127.0.0.1:8080/localFile/20251111/blog-content/67_3db9481a-35b9-4d60-8409-9bb75bd5d190.jpg', 282611, '67_3db9481a-35b9-4d60-8409-9bb75bd5d190.jpg', '3db9481a-35b9-4d60-8409-9bb75bd5d190.jpg', '', '20251111/blog-content/', 'jpg', 'image/jpeg', 'local', NULL, NULL, NULL, NULL, NULL, NULL, '{}', '{}', '{}', '{}', '{"source":"blog-content"}', NULL, NULL, '{}', NULL, NULL, 'blog-content', '2025-11-11 17:20:09'),
	('d27ff75015d76734b440982968ac2b00', 'http://127.0.0.1:8080/localFile/20251111/product-image/92_4c5e66a1-057b-440c-b8f4-2f0207975559.jpg', 54162, '92_4c5e66a1-057b-440c-b8f4-2f0207975559.jpg', '4c5e66a1-057b-440c-b8f4-2f0207975559.jpg', '', '20251111/product-image/', 'jpg', 'image/jpeg', 'local', NULL, NULL, NULL, NULL, NULL, NULL, '{}', '{}', '{}', '{}', '{"source":"product-image"}', NULL, NULL, '{}', NULL, NULL, 'product-image', '2025-11-11 15:49:01'),
	('d52996416f3d56c83e949b1578009e72', 'http://127.0.0.1:8080/localFile/20251128/avatar/47_avatar.png', 2910, '47_avatar.png', 'avatar.png', '', '20251128/avatar/', 'png', 'image/png', 'local', NULL, NULL, NULL, NULL, NULL, NULL, '{}', '{}', '{}', '{}', '{"source":"avatar"}', NULL, NULL, '{}', NULL, NULL, 'avatar', '2025-11-28 14:44:19'),
	('d669fb2c1dc5e042cdf59934fc8ad81b', 'http://127.0.0.1:8080/localFile/20251111/product-description-image/26_5a79763f-d81b-41a4-80e0-05869801092f.jpg', 240117, '26_5a79763f-d81b-41a4-80e0-05869801092f.jpg', '5a79763f-d81b-41a4-80e0-05869801092f.jpg', '', '20251111/product-description-image/', 'jpg', 'image/jpeg', 'local', NULL, NULL, NULL, NULL, NULL, NULL, '{}', '{}', '{}', '{}', '{"source":"product-description-image"}', NULL, NULL, '{}', NULL, NULL, 'product-description-image', '2025-11-11 15:51:05'),
	('d6c98a8487c5f923cad98d12364c64b2', 'http://127.0.0.1:8080/localFile/20251111/product-description-image/34_cf05aa03-297c-4c77-9e52-5e7e73d0aa75.jpg', 512297, '34_cf05aa03-297c-4c77-9e52-5e7e73d0aa75.jpg', 'cf05aa03-297c-4c77-9e52-5e7e73d0aa75.jpg', '', '20251111/product-description-image/', 'jpg', 'image/jpeg', 'local', NULL, NULL, NULL, NULL, NULL, NULL, '{}', '{}', '{}', '{}', '{"source":"product-description-image"}', NULL, NULL, '{}', NULL, NULL, 'product-description-image', '2025-11-11 14:47:10'),
	('d8399e7d6af264a50afeee2c72718ddc', 'http://127.0.0.1:8080/localFile/20251113/48_avatar.jpg', 197560, '48_avatar.jpg', 'avatar.jpg', '', '20251113/', 'jpg', 'image/png', 'local', NULL, NULL, NULL, NULL, NULL, NULL, '{}', '{}', '{}', '{}', '{"source":null}', NULL, NULL, '{}', NULL, NULL, NULL, '2025-11-13 17:16:52'),
	('d857963aa6956cdcd7f18c29b6f135f0', 'http://127.0.0.1:8080/localFile/20251113/blog-image/11_3db9481a-35b9-4d60-8409-9bb75bd5d190.jpg', 282611, '11_3db9481a-35b9-4d60-8409-9bb75bd5d190.jpg', '3db9481a-35b9-4d60-8409-9bb75bd5d190.jpg', '', '20251113/blog-image/', 'jpg', 'image/jpeg', 'local', NULL, NULL, NULL, NULL, NULL, NULL, '{}', '{}', '{}', '{}', '{"source":"blog-image"}', NULL, NULL, '{}', NULL, NULL, 'blog-image', '2025-11-13 16:13:16'),
	('d86693d851401fc6d908cca30ab910b8', 'http://127.0.0.1:8080/localFile/20251113/blog-content/50_0908fab0-a978-4001-93e2-2dba0eb48182.png', 183589, '50_0908fab0-a978-4001-93e2-2dba0eb48182.png', '0908fab0-a978-4001-93e2-2dba0eb48182.png', '', '20251113/blog-content/', 'png', 'image/png', 'local', NULL, NULL, NULL, NULL, NULL, NULL, '{}', '{}', '{}', '{}', '{"source":"blog-content"}', NULL, NULL, '{}', NULL, NULL, 'blog-content', '2025-11-13 16:08:39'),
	('d87b4efd0d67fe96384209be17c9c130', 'http://127.0.0.1:8080/localFile/20251111/blog-image/86_3db9481a-35b9-4d60-8409-9bb75bd5d190.jpg', 282611, '86_3db9481a-35b9-4d60-8409-9bb75bd5d190.jpg', '3db9481a-35b9-4d60-8409-9bb75bd5d190.jpg', '', '20251111/blog-image/', 'jpg', 'image/jpeg', 'local', NULL, NULL, NULL, NULL, NULL, NULL, '{}', '{}', '{}', '{}', '{"source":"blog-image"}', NULL, NULL, '{}', NULL, NULL, 'blog-image', '2025-11-11 17:16:29'),
	('de3a0d49b9cdf50a007e16fcfd6b0076', 'http://127.0.0.1:8080/localFile/20251111/product-description-image/11_cf05aa03-297c-4c77-9e52-5e7e73d0aa75.jpg', 512297, '11_cf05aa03-297c-4c77-9e52-5e7e73d0aa75.jpg', 'cf05aa03-297c-4c77-9e52-5e7e73d0aa75.jpg', '', '20251111/product-description-image/', 'jpg', 'image/jpeg', 'local', NULL, NULL, NULL, NULL, NULL, NULL, '{}', '{}', '{}', '{}', '{"source":"product-description-image"}', NULL, NULL, '{}', NULL, NULL, 'product-description-image', '2025-11-11 14:37:35'),
	('e875b5b281421eb2f654d4a1d33cf401', 'http://127.0.0.1:8080/localFile/20251111/product-detail-image/11_4c5e66a1-057b-440c-b8f4-2f0207975559.jpg', 54162, '11_4c5e66a1-057b-440c-b8f4-2f0207975559.jpg', '4c5e66a1-057b-440c-b8f4-2f0207975559.jpg', '', '20251111/product-detail-image/', 'jpg', 'image/jpeg', 'local', NULL, NULL, NULL, NULL, NULL, NULL, '{}', '{}', '{}', '{}', '{"source":"product-detail-image"}', NULL, NULL, '{}', NULL, NULL, 'product-detail-image', '2025-11-11 14:36:48'),
	('e926f00b1893ce457f14c2b640928f92', 'http://127.0.0.1:8080/localFile/20251203/blog-image/54_65152cdb-3455-4db5-bdfd-7cff5dd9eb29.jpg', 358190, '54_65152cdb-3455-4db5-bdfd-7cff5dd9eb29.jpg', '65152cdb-3455-4db5-bdfd-7cff5dd9eb29.jpg', '', '20251203/blog-image/', 'jpg', 'image/jpeg', 'local', NULL, NULL, NULL, NULL, NULL, NULL, '{}', '{}', '{}', '{}', '{"source":"blog-image"}', NULL, NULL, '{}', NULL, NULL, 'blog-image', '2025-12-03 15:28:04'),
	('eed0d6b50a3116545e8bbc65c53b7dd2', 'http://127.0.0.1:8080/localFile/20251203/blog-image/11_65152cdb-3455-4db5-bdfd-7cff5dd9eb29.jpg', 358190, '11_65152cdb-3455-4db5-bdfd-7cff5dd9eb29.jpg', '65152cdb-3455-4db5-bdfd-7cff5dd9eb29.jpg', '', '20251203/blog-image/', 'jpg', 'image/jpeg', 'local', NULL, NULL, NULL, NULL, NULL, NULL, '{}', '{}', '{}', '{}', '{"source":"blog-image"}', NULL, NULL, '{}', NULL, NULL, 'blog-image', '2025-12-03 15:26:20'),
	('f1e5568a34e6f8535ef1476ca3133c24', 'http://127.0.0.1:8080/localFile/20251201/blog-image/99_65152cdb-3455-4db5-bdfd-7cff5dd9eb29.jpg', 358190, '99_65152cdb-3455-4db5-bdfd-7cff5dd9eb29.jpg', '65152cdb-3455-4db5-bdfd-7cff5dd9eb29.jpg', '', '20251201/blog-image/', 'jpg', 'image/jpeg', 'local', NULL, NULL, NULL, NULL, NULL, NULL, '{}', '{}', '{}', '{}', '{"source":"blog-image"}', NULL, NULL, '{}', NULL, NULL, 'blog-image', '2025-12-01 16:10:08'),
	('f24d848d7ff67422c75090e8febe815b', 'http://127.0.0.1:8080/localFile/20251128/avatar/61_Snipaste_2025-10-28_14-41-06.png', 15722, '61_Snipaste_2025-10-28_14-41-06.png', 'Snipaste_2025-10-28_14-41-06.png', '', '20251128/avatar/', 'png', 'image/png', 'local', NULL, NULL, NULL, NULL, NULL, NULL, '{}', '{}', '{}', '{}', '{"source":"avatar"}', NULL, NULL, '{}', NULL, NULL, 'avatar', '2025-11-28 14:42:09'),
	('f261f697086daa1c5a8a040460a67e33', 'http://127.0.0.1:8080/localFile/20251113/00_avatar.jpg', 197560, '00_avatar.jpg', 'avatar.jpg', '', '20251113/', 'jpg', 'image/png', 'local', NULL, NULL, NULL, NULL, NULL, NULL, '{}', '{}', '{}', '{}', '{"source":null}', NULL, NULL, '{}', NULL, NULL, NULL, '2025-11-13 17:26:02'),
	('f60124f93323e45c51b28f65e5701d53', 'http://127.0.0.1:8080/localFile/20251113/61_avatar.jpg', 197560, '61_avatar.jpg', 'avatar.jpg', '', '20251113/', 'jpg', 'image/png', 'local', NULL, NULL, NULL, NULL, NULL, NULL, '{}', '{}', '{}', '{}', '{"source":null}', NULL, NULL, '{}', NULL, NULL, NULL, '2025-11-13 17:22:37'),
	('f6ecfae2e57db3997ddb017437e9ee54', 'http://127.0.0.1:8080/localFile/20251128/avatar/34_Snipaste_2025-10-28_14-41-06.png', 15722, '34_Snipaste_2025-10-28_14-41-06.png', 'Snipaste_2025-10-28_14-41-06.png', '', '20251128/avatar/', 'png', 'image/png', 'local', NULL, NULL, NULL, NULL, NULL, NULL, '{}', '{}', '{}', '{}', '{"source":"avatar"}', NULL, NULL, '{}', NULL, NULL, 'avatar', '2025-11-28 14:37:29'),
	('f87c13898b18de9ce40551064cde9280', 'http://127.0.0.1:8080/localFile/20251201/blog-content/44_1923099f-e39d-47be-b7a9-5a8c98669b83.jpg', 46424, '44_1923099f-e39d-47be-b7a9-5a8c98669b83.jpg', '1923099f-e39d-47be-b7a9-5a8c98669b83.jpg', '', '20251201/blog-content/', 'jpg', 'image/jpeg', 'local', NULL, NULL, NULL, NULL, NULL, NULL, '{}', '{}', '{}', '{}', '{"source":"blog-content"}', NULL, NULL, '{}', NULL, NULL, 'blog-content', '2025-12-01 11:08:31'),
	('f9d13183ebf61bbf4e8836d554ac11c1', 'http://127.0.0.1:8080/localFile/20251111/product-detail-image/68_ad9b6505-9cca-41e6-b0e2-a1be2193eb8b.jpg', 35767, '68_ad9b6505-9cca-41e6-b0e2-a1be2193eb8b.jpg', 'ad9b6505-9cca-41e6-b0e2-a1be2193eb8b.jpg', '', '20251111/product-detail-image/', 'jpg', 'image/jpeg', 'local', NULL, NULL, NULL, NULL, NULL, NULL, '{}', '{}', '{}', '{}', '{"source":"product-detail-image"}', NULL, NULL, '{}', NULL, NULL, 'product-detail-image', '2025-11-11 15:04:25'),
	('fbea64fc9516fa01e9c334f557d9a508', 'https://web-framework-cwj.oss-cn-chengdu.aliyuncs.com/wcgmall-plus/file/20251205/indexSlider-image/87_0908fab0-a978-4001-93e2-2dba0eb48182.png', 183589, '87_0908fab0-a978-4001-93e2-2dba0eb48182.png', '0908fab0-a978-4001-93e2-2dba0eb48182.png', 'wcgmall-plus/file/', '20251205/indexSlider-image/', 'png', 'image/png', 'ali', NULL, NULL, NULL, NULL, NULL, NULL, '{}', '{}', '{}', '{}', '{"source":"indexSlider-image"}', NULL, NULL, '{}', NULL, NULL, 'indexSlider-image', '2025-12-05 16:48:14'),
	('fd87b0c61f3d2e3800a601db25680718', 'http://127.0.0.1:8080/localFile/20251111/product-description-image/36_705c2610-5818-42df-9283-29bf2a084d3c.jpg', 420878, '36_705c2610-5818-42df-9283-29bf2a084d3c.jpg', '705c2610-5818-42df-9283-29bf2a084d3c.jpg', '', '20251111/product-description-image/', 'jpg', 'image/jpeg', 'local', NULL, NULL, NULL, NULL, NULL, NULL, '{}', '{}', '{}', '{}', '{"source":"product-description-image"}', NULL, NULL, '{}', NULL, NULL, 'product-description-image', '2025-11-11 16:25:56');

-- 导出  表 wcg_mall_plus.file_part_detail 结构
CREATE TABLE IF NOT EXISTS `file_part_detail` (
  `id` varchar(32) NOT NULL COMMENT '分片id',
  `platform` varchar(32) DEFAULT NULL COMMENT '存储平台',
  `upload_id` varchar(128) DEFAULT NULL COMMENT '上传ID，仅在手动分片上传时使用',
  `e_tag` varchar(255) DEFAULT NULL COMMENT '分片 ETag',
  `part_number` int(11) DEFAULT NULL COMMENT '分片号。每一个上传的分片都有一个分片号，一般情况下取值范围是1~10000',
  `part_size` bigint(20) DEFAULT NULL COMMENT '文件大小，单位字节',
  `hash_info` text COMMENT '哈希信息',
  `create_time` datetime DEFAULT NULL COMMENT '创建时间',
  PRIMARY KEY (`id`)
) ENGINE=InnoDB DEFAULT CHARSET=utf8 COMMENT='文件分片信息表，仅在手动分片上传时使用';

-- 正在导出表  wcg_mall_plus.file_part_detail 的数据：~0 rows (大约)

-- 导出  表 wcg_mall_plus.gen_table 结构
CREATE TABLE IF NOT EXISTS `gen_table` (
  `table_id` bigint(20) NOT NULL AUTO_INCREMENT COMMENT '编号',
  `table_name` varchar(200) DEFAULT '' COMMENT '表名称',
  `table_comment` varchar(500) DEFAULT '' COMMENT '表描述',
  `create_time` datetime DEFAULT NULL COMMENT '创建时间',
  `update_time` datetime DEFAULT NULL COMMENT '修改时间',
  PRIMARY KEY (`table_id`) USING BTREE
) ENGINE=InnoDB AUTO_INCREMENT=160 DEFAULT CHARSET=utf8mb4 ROW_FORMAT=DYNAMIC COMMENT='代码生成业务表';

-- 正在导出表  wcg_mall_plus.gen_table 的数据：~1 rows (大约)
INSERT INTO `gen_table` (`table_id`, `table_name`, `table_comment`, `create_time`, `update_time`) VALUES
	(159, 'address_book', '', '2025-11-13 16:39:40', NULL);

-- 导出  表 wcg_mall_plus.gen_table_column 结构
CREATE TABLE IF NOT EXISTS `gen_table_column` (
  `column_id` bigint(20) NOT NULL AUTO_INCREMENT COMMENT '编号',
  `table_id` bigint(20) NOT NULL COMMENT '归属表编号',
  `column_name` varchar(200) DEFAULT NULL COMMENT '列名称',
  `column_comment` varchar(500) DEFAULT NULL COMMENT '列描述',
  `column_type` varchar(100) DEFAULT NULL COMMENT '列类型',
  `java_type` varchar(500) DEFAULT NULL COMMENT 'JAVA类型',
  `java_field` varchar(200) DEFAULT NULL COMMENT 'JAVA字段名',
  `is_pk` char(1) DEFAULT NULL COMMENT '是否主键（1是）',
  `is_required` char(1) DEFAULT NULL COMMENT '是否必填（1是）',
  `is_insert` char(1) DEFAULT NULL COMMENT '是否为插入字段（1是）',
  `is_edit` char(1) DEFAULT NULL COMMENT '是否编辑字段（1是）',
  `is_list` char(1) DEFAULT NULL COMMENT '是否列表字段（1是）',
  `is_query` char(1) DEFAULT NULL COMMENT '是否查询字段（1是）',
  `query_type` varchar(200) DEFAULT 'EQ' COMMENT '查询方式（等于、不等于、大于、小于、范围）',
  `html_type` varchar(200) DEFAULT NULL COMMENT '显示类型（文本框、文本域、下拉框、复选框、单选框、日期控件）',
  `sort` int(11) DEFAULT NULL COMMENT '排序',
  PRIMARY KEY (`column_id`) USING BTREE
) ENGINE=InnoDB AUTO_INCREMENT=1667 DEFAULT CHARSET=utf8mb4 ROW_FORMAT=DYNAMIC COMMENT='代码生成业务表字段';

-- 正在导出表  wcg_mall_plus.gen_table_column 的数据：~8 rows (大约)
INSERT INTO `gen_table_column` (`column_id`, `table_id`, `column_name`, `column_comment`, `column_type`, `java_type`, `java_field`, `is_pk`, `is_required`, `is_insert`, `is_edit`, `is_list`, `is_query`, `query_type`, `html_type`, `sort`) VALUES
	(1659, 159, 'id', '主键ID', 'bigint', 'Long', 'id', '1', '1', '1', '1', '1', '1', 'EQ', 'input', 1),
	(1660, 159, 'user_id', '用户ID', 'bigint', 'Long', 'userId', '0', '0', '1', '1', '1', '1', 'EQ', 'input', 2),
	(1661, 159, 'consignee', '收货人姓名', 'varchar', 'String', 'consignee', '0', '0', '1', '1', '1', '1', 'EQ', 'input', 3),
	(1662, 159, 'consignee_address', '收货地址', 'varchar', 'String', 'consigneeAddress', '0', '0', '1', '1', '1', '1', 'EQ', 'input', 4),
	(1663, 159, 'consignee_phone', '收货人电话', 'varchar', 'String', 'consigneePhone', '0', '0', '1', '1', '1', '1', 'EQ', 'input', 5),
	(1664, 159, 'is_default', '是否默认地址 0:否 1:是', 'int', 'Integer', 'isDefault', '0', '0', '1', '1', '1', '1', 'EQ', 'input', 6),
	(1665, 159, 'create_time', '创建时间', 'datetime', 'LocalDateTime', 'createTime', '0', '0', '1', '1', '1', '1', 'EQ', 'input', 7),
	(1666, 159, 'update_time', '更新时间', 'datetime', 'LocalDateTime', 'updateTime', '0', '0', '1', '1', '1', '1', 'EQ', 'input', 8);

-- 导出  表 wcg_mall_plus.index_slider 结构
CREATE TABLE IF NOT EXISTS `index_slider` (
  `id` bigint(20) NOT NULL AUTO_INCREMENT COMMENT '主键ID',
  `url` varchar(255) COLLATE utf8_unicode_ci DEFAULT NULL COMMENT '轮播图URL',
  `title` varchar(50) COLLATE utf8_unicode_ci DEFAULT NULL COMMENT '标题',
  `subtitle` varchar(50) COLLATE utf8_unicode_ci DEFAULT NULL COMMENT '副标题',
  `cta` varchar(50) COLLATE utf8_unicode_ci DEFAULT NULL COMMENT '按钮内容',
  `link` varchar(50) COLLATE utf8_unicode_ci DEFAULT NULL COMMENT '链接',
  `create_time` datetime DEFAULT NULL COMMENT '创建时间',
  `update_time` datetime DEFAULT NULL COMMENT '更新时间',
  PRIMARY KEY (`id`)
) ENGINE=MyISAM AUTO_INCREMENT=20 DEFAULT CHARSET=utf8 COLLATE=utf8_unicode_ci;

-- 正在导出表  wcg_mall_plus.index_slider 的数据：2 rows
/*!40000 ALTER TABLE `index_slider` DISABLE KEYS */;
INSERT INTO `index_slider` (`id`, `url`, `title`, `subtitle`, `cta`, `link`, `create_time`, `update_time`) VALUES
	(17, 'http://127.0.0.1:8080/localFile/20251112/indexSlider-image/65_69547a42-983b-4e39-8524-d5a175da0ba7.png', '最新的', '独一无二的文创产品', '去购物', '/shop', '2025-11-12 10:24:28', '2025-11-12 10:24:35'),
	(18, 'http://127.0.0.1:8080/localFile/20251112/indexSlider-image/58_5cbd450d-7fb7-4dbd-a9e1-3d76d870cdd1.png', '最新的', '展现中国传统文化的魅力，走进中国文化', '去购物', '/shop', '2025-11-12 10:27:00', '2025-11-18 14:38:34');
/*!40000 ALTER TABLE `index_slider` ENABLE KEYS */;

-- 导出  表 wcg_mall_plus.official_collection 结构
CREATE TABLE IF NOT EXISTS `official_collection` (
  `id` bigint(20) NOT NULL AUTO_INCREMENT COMMENT '主键ID',
  `product_id` bigint(20) NOT NULL COMMENT '商品ID',
  `create_time` datetime DEFAULT NULL COMMENT '创建时间',
  `update_time` datetime DEFAULT NULL COMMENT '更新时间',
  PRIMARY KEY (`id`)
) ENGINE=MyISAM AUTO_INCREMENT=30 DEFAULT CHARSET=utf8 COLLATE=utf8_unicode_ci;

-- 正在导出表  wcg_mall_plus.official_collection 的数据：6 rows
/*!40000 ALTER TABLE `official_collection` DISABLE KEYS */;
INSERT INTO `official_collection` (`id`, `product_id`, `create_time`, `update_time`) VALUES
	(21, 63, '2025-11-12 16:39:25', NULL),
	(25, 64, '2025-11-13 17:47:55', NULL),
	(26, 65, '2025-11-13 17:47:56', NULL),
	(27, 66, '2025-11-13 17:47:57', NULL),
	(28, 67, '2025-11-13 17:47:58', NULL),
	(29, 61, '2025-12-05 17:01:40', NULL);
/*!40000 ALTER TABLE `official_collection` ENABLE KEYS */;

-- 导出  表 wcg_mall_plus.order_detail 结构
CREATE TABLE IF NOT EXISTS `order_detail` (
  `id` bigint(20) NOT NULL AUTO_INCREMENT COMMENT '主键ID',
  `order_number` varchar(50) COLLATE utf8_unicode_ci DEFAULT NULL COMMENT '订单编号',
  `product_id` bigint(20) DEFAULT NULL COMMENT '商品ID',
  `product_number` int(11) DEFAULT NULL COMMENT '商品数量',
  `confirm_status` tinyint(2) DEFAULT '0' COMMENT '商品确认收货状态: 0=未确认, 1=已确认',
  `confirm_time` datetime DEFAULT NULL COMMENT '商品确认收货时间',
  `create_time` datetime DEFAULT NULL COMMENT '创建时间',
  `update_time` datetime DEFAULT NULL COMMENT '更新时间',
  PRIMARY KEY (`id`),
  KEY `idx_confirm_status` (`confirm_status`),
  KEY `idx_order_product` (`order_number`,`product_id`)
) ENGINE=MyISAM AUTO_INCREMENT=171 DEFAULT CHARSET=utf8 COLLATE=utf8_unicode_ci;

-- 正在导出表  wcg_mall_plus.order_detail 的数据：4 rows
/*!40000 ALTER TABLE `order_detail` DISABLE KEYS */;
INSERT INTO `order_detail` (`id`, `order_number`, `product_id`, `product_number`, `confirm_status`, `confirm_time`, `create_time`, `update_time`) VALUES
	(165, '17648159444961853', 73, 6, 0, NULL, '2025-12-04 10:39:05', NULL),
	(168, '17658656032451853', 67, 1, 1, '2025-12-16 14:15:11', '2025-12-16 14:13:23', '2025-12-16 14:15:11'),
	(169, '17658656032451853', 66, 1, 0, '2025-12-16 14:15:21', '2025-12-16 14:13:23', '2025-12-16 14:15:21'),
	(170, '17658658775731853', 67, 1, 0, '2025-12-16 14:19:12', '2025-12-16 14:17:58', '2025-12-16 14:19:12');
/*!40000 ALTER TABLE `order_detail` ENABLE KEYS */;

-- 导出  表 wcg_mall_plus.order_logistics 结构
CREATE TABLE IF NOT EXISTS `order_logistics` (
  `id` bigint(20) NOT NULL AUTO_INCREMENT COMMENT '主键',
  `order_number` varchar(64) NOT NULL COMMENT '订单编号',
  `waybill_no` varchar(64) DEFAULT NULL COMMENT '顺丰运单号',
  `sf_order_id` varchar(64) DEFAULT NULL COMMENT '顺丰订单号',
  `sender_name` varchar(64) DEFAULT NULL COMMENT '发件人姓名',
  `sender_phone` varchar(32) DEFAULT NULL COMMENT '发件人电话',
  `sender_province` varchar(32) DEFAULT NULL COMMENT '发件省',
  `sender_city` varchar(32) DEFAULT NULL COMMENT '发件市',
  `sender_county` varchar(32) DEFAULT NULL COMMENT '发件区/县',
  `sender_address` varchar(255) DEFAULT NULL COMMENT '发件详细地址',
  `status` tinyint(4) DEFAULT '0' COMMENT '状态：0待下单 1已下单 2运输中 3已签收',
  `filter_result` tinyint(4) DEFAULT NULL COMMENT '筛单结果：1人工确认 2可收派 3不可收派',
  `create_time` datetime DEFAULT CURRENT_TIMESTAMP COMMENT '创建时间',
  `update_time` datetime DEFAULT CURRENT_TIMESTAMP ON UPDATE CURRENT_TIMESTAMP COMMENT '更新时间',
  PRIMARY KEY (`id`),
  UNIQUE KEY `uk_order_number` (`order_number`),
  KEY `idx_waybill_no` (`waybill_no`)
) ENGINE=InnoDB AUTO_INCREMENT=5 DEFAULT CHARSET=utf8mb4 COMMENT='订单物流信息表';

-- 正在导出表  wcg_mall_plus.order_logistics 的数据：~4 rows (大约)
INSERT INTO `order_logistics` (`id`, `order_number`, `waybill_no`, `sf_order_id`, `sender_name`, `sender_phone`, `sender_province`, `sender_city`, `sender_county`, `sender_address`, `status`, `filter_result`, `create_time`, `update_time`) VALUES
	(1, '17648162642691853', 'SF7444700451594', '17648162642691853', '韋', '18223354992', '重庆市', '重庆市', '两江新区', '柚米社区', 1, 2, '2025-12-05 11:03:05', '2025-12-05 11:03:05'),
	(2, '17649042913111853', 'SF7444700452003', '17649042913111853', '韋', '13290010299', '重庆市', '重庆市', '重庆市', '两江新区蔡家岗街道柚米社区', 1, 2, '2025-12-05 11:14:28', '2025-12-05 11:14:28'),
	(3, '17658656032451853', 'SF7444700638411', '17658656032451853', '韋', '13290010299', '重庆市', '重庆市', '重庆市', '两江新区蔡家岗街道柚米社区', 1, 2, '2025-12-16 14:14:49', '2025-12-16 14:14:49'),
	(4, '17658658775731853', 'SF7444700638484', '17658658775731853', '韋', '13290010299', '重庆市', '重庆市', '重庆市', '两江新区蔡家岗街道柚米社区', 1, 2, '2025-12-16 14:18:57', '2025-12-16 14:18:57');

-- 导出  表 wcg_mall_plus.product 结构
CREATE TABLE IF NOT EXISTS `product` (
  `id` bigint(20) NOT NULL AUTO_INCREMENT COMMENT '主键ID',
  `create_time` datetime DEFAULT NULL COMMENT '创建时间',
  `update_time` datetime DEFAULT NULL COMMENT '更新时间',
  `user_id` bigint(20) DEFAULT NULL COMMENT '创建用户ID',
  `name` varchar(100) COLLATE utf8_unicode_ci DEFAULT NULL COMMENT '商品名称',
  `category_id` bigint(20) DEFAULT '0' COMMENT '分类ID',
  `brand_id` bigint(20) DEFAULT '0' COMMENT '品牌ID',
  `price` decimal(10,2) DEFAULT NULL COMMENT '价格',
  `inventory` int(11) DEFAULT NULL COMMENT '库存',
  `image` varchar(255) COLLATE utf8_unicode_ci DEFAULT NULL COMMENT '主图',
  `detail_images` text COLLATE utf8_unicode_ci COMMENT '详情图片',
  `description` text COLLATE utf8_unicode_ci COMMENT '商品描述',
  `description_image` text COLLATE utf8_unicode_ci COMMENT '描述图片',
  `label` varchar(255) COLLATE utf8_unicode_ci DEFAULT NULL COMMENT '标签',
  `status` int(11) DEFAULT '0' COMMENT '状态 0:下架 1:上架',
  PRIMARY KEY (`id`)
) ENGINE=MyISAM AUTO_INCREMENT=87 DEFAULT CHARSET=utf8 COLLATE=utf8_unicode_ci;

-- 正在导出表  wcg_mall_plus.product 的数据：24 rows
/*!40000 ALTER TABLE `product` DISABLE KEYS */;
INSERT INTO `product` (`id`, `create_time`, `update_time`, `user_id`, `name`, `category_id`, `brand_id`, `price`, `inventory`, `image`, `detail_images`, `description`, `description_image`, `label`, `status`) VALUES
	(61, '2025-11-11 15:49:25', '2025-11-11 16:10:02', 1848, '吉祥托福', 16, 8, 1198.00, 4, 'http://127.0.0.1:8080/localFile/20251111/product-image/92_4c5e66a1-057b-440c-b8f4-2f0207975559.jpg', '["http://127.0.0.1:8080/localFile/20251111/product-detail-image/61_4c5e66a1-057b-440c-b8f4-2f0207975559.jpg","http://127.0.0.1:8080/localFile/20251111/product-detail-image/29_122cea7b-7101-4a17-8b01-af9dddefe760.jpg","http://127.0.0.1:8080/localFile/20251111/product-detail-image/31_157a37cc-4138-432e-8685-a840162a2f64.jpg","http://127.0.0.1:8080/localFile/20251111/product-detail-image/64_1923099f-e39d-47be-b7a9-5a8c98669b83.jpg","http://127.0.0.1:8080/localFile/20251111/product-detail-image/54_ab89e4d2-268e-4835-8434-881421f729c7.jpg","http://127.0.0.1:8080/localFile/20251111/product-detail-image/47_ad9b6505-9cca-41e6-b0e2-a1be2193eb8b.jpg"]', '这个铜制摆件是由高品质的铜材料制成的装饰品，它的设计精美、工艺精湛。这件摆件可能是一件艺术品、雕塑或者是一个装饰品，它可能具有特定的主题或者寓意。铜制摆件通常具有较强的装饰性，可以用于家居装饰或者办公场所摆放。铜制摆件通常具有历史价值和艺术价值，是一种能够体现个人品味和文化修养的装饰品。它可以是一个独特的礼物，也可以是一个收藏品，展现着艺术家的创意和工匠的技艺。', '["http://127.0.0.1:8080/localFile/20251111/product-description-image/26_5a79763f-d81b-41a4-80e0-05869801092f.jpg","http://127.0.0.1:8080/localFile/20251111/product-description-image/11_8b09ffc5-e1b2-4bd7-8deb-29046e08116a.jpg","http://127.0.0.1:8080/localFile/20251111/product-description-image/83_cf05aa03-297c-4c77-9e52-5e7e73d0aa75.jpg","http://127.0.0.1:8080/localFile/20251111/product-description-image/93_e40b9f44-2b17-401b-9f01-a0e07997fb45.jpg"]', '铜', 1),
	(63, '2025-11-11 15:49:25', '2025-11-11 16:10:03', 1848, '鹿喜人间铜摆件', 16, 8, 1199.00, 9, 'http://127.0.0.1:8080/localFile/20251111/product-image/76_8bee92a6-a306-41aa-ab54-36a970968ce3.jpg', '["http://127.0.0.1:8080/localFile/20251111/product-detail-image/22_8bee92a6-a306-41aa-ab54-36a970968ce3.jpg","http://127.0.0.1:8080/localFile/20251111/product-detail-image/85_69523061-e093-48f9-a708-38512ef28a71.jpg","http://127.0.0.1:8080/localFile/20251111/product-detail-image/24_bbc6bce8-c5ad-4392-8e05-2a049e5451fb.jpg","http://127.0.0.1:8080/localFile/20251111/product-detail-image/30_e7dd3ee9-ee56-4b50-9164-ff76c243711f.jpg","http://127.0.0.1:8080/localFile/20251111/product-detail-image/58_edc07e97-ca92-424e-b9ea-332c553001cb.jpg"]', '鹿喜人间铜摆件是一件精美的装饰品，以鹿为主题，由高品质的铜材料制成。这件摆件可能展现了鹿的优雅形态，寓意着吉祥和幸福。它可能是一件具有艺术价值的雕塑作品，也可能是一件用于家居装饰的精美摆件。鹿喜人间铜摆件可能成为家居或办公室装饰的焦点，展现独特的品味和文化修养。此外，它也可能是一份独特的礼物，展现着对接受者的祝福和美好愿望。这样的铜制摆件可以是一件收藏价值高的艺术品，展现着艺术家的创意和工匠的技艺。', '["http://127.0.0.1:8080/localFile/20251111/product-description-image/36_705c2610-5818-42df-9283-29bf2a084d3c.jpg","http://127.0.0.1:8080/localFile/20251111/product-description-image/17_0931a1ce-1793-45f7-8e43-81f896c97eab.jpg","http://127.0.0.1:8080/localFile/20251111/product-description-image/10_b7d6de5f-7f11-4732-bc25-b18069c5ccf6.jpg","http://127.0.0.1:8080/localFile/20251111/product-description-image/31_dd0437b4-72c8-40d7-aa99-48c1b755f25e.jpg"]', NULL, 1),
	(64, '2024-03-17 13:45:55', '2025-05-08 08:55:00', 1848, '乾隆八骏之腾雾', 16, 8, 3999.00, 6, 'https://web-framework-cwj.oss-cn-chengdu.aliyuncs.com/e272e1d4-a535-430a-8226-575d9b6c7eb4.jpg', '["https://web-framework-cwj.oss-cn-chengdu.aliyuncs.com/4efa5db9-5ea3-40b7-b1d2-9327c498eb34.jpg","https://web-framework-cwj.oss-cn-chengdu.aliyuncs.com/de631679-779d-47f8-92ce-ee9e884a4512.jpg","https://web-framework-cwj.oss-cn-chengdu.aliyuncs.com/037bb28c-a430-4e0e-9b97-076497a6699e.jpg","https://web-framework-cwj.oss-cn-chengdu.aliyuncs.com/d2cd6c74-2b64-422b-8029-7cdc08c1e1f5.jpg","https://web-framework-cwj.oss-cn-chengdu.aliyuncs.com/f70362b0-6d0f-4b4e-8cf2-bc80d1a5803d.jpg","https://web-framework-cwj.oss-cn-chengdu.aliyuncs.com/d17bb62e-30f3-4d3d-9b7b-d7f15bf373ab.jpg"]', '乾隆八骏之腾雾摆件是一件富有历史和文化价值的装饰品，以乾隆皇帝最喜爱的八骏为主题，由高品质的材料制成。这件摆件可能具有复杂的工艺和精湛的雕刻，展现了中国传统艺术的精髓。腾雾摆件可能是一件具有艺术价值的摆件，也可能是一件用于家居装饰的精美艺术品。它可能成为家居或办公室装饰的焦点，展现独特的品味和文化修养。此外，它也可能是一份独特的礼物，展现着对接受者的祝福和美好愿望。这样的摆件可以成为一件收藏价值高的艺术品，展现着艺术家的创意和工匠的技艺。', '["https://web-framework-cwj.oss-cn-chengdu.aliyuncs.com/93752b55-6125-41a8-860a-b7f5ada2a528.jpg"]', '限定', 1),
	(65, '2024-03-17 13:47:13', '2025-05-08 09:20:00', 1848, '云起龙腾铜摆件', 16, 8, 9999.00, 2, 'https://web-framework-cwj.oss-cn-chengdu.aliyuncs.com/86b9e63e-76a7-4431-8dd0-63f4006430f7.jpg', '["https://web-framework-cwj.oss-cn-chengdu.aliyuncs.com/8411a7eb-91cd-4e8d-9017-21d196109efd.jpg","https://web-framework-cwj.oss-cn-chengdu.aliyuncs.com/161a2153-920a-4e21-a1b6-f135b9ad0356.jpg","https://web-framework-cwj.oss-cn-chengdu.aliyuncs.com/36618daf-9e00-4c4d-8c70-0a7bd9f8bcb8.jpg","https://web-framework-cwj.oss-cn-chengdu.aliyuncs.com/2a8f1e45-4d88-46c3-b564-27ea6c4386f5.jpg","https://web-framework-cwj.oss-cn-chengdu.aliyuncs.com/6229a394-194b-4c51-b154-721f62c1e32b.jpg","https://web-framework-cwj.oss-cn-chengdu.aliyuncs.com/5185bb5d-9730-49fa-bff1-4dd440a0e9cd.jpg"]', '云起龙腾铜摆件是一种富有中国传统文化和神话元素的装饰品。通常以龙为主题，象征着权力、尊贵和吉祥。这样的铜制摆件可能展现了神龙腾飞的场景，具有较高的艺术价值和装饰性。它可能被用作家居装饰，也可能成为办公室或商业场所的装饰品，展现着东方文化的魅力。云起龙腾铜摆件可能被视为一种独特的礼物，传达着对接收者的祝福和美好愿望。这样的摆件还可能成为收藏者青睐的艺术品，展现着匠人的工艺和艺术家的创意。', '["https://web-framework-cwj.oss-cn-chengdu.aliyuncs.com/d46bf8c7-55c6-4c42-855b-2f98c2a77821.jpg","https://web-framework-cwj.oss-cn-chengdu.aliyuncs.com/223059ca-514a-4a7a-b2a1-074b715b1616.jpg"]', '限量发售', 1),
	(66, '2024-03-17 13:48:44', '2025-03-09 14:35:20', 1848, '宫蚕图卷笔记本系列', 17, 8, 99.00, 1000, 'https://web-framework-cwj.oss-cn-chengdu.aliyuncs.com/e7150df0-af17-46b9-895d-d9856da8174a.jpg', '["https://web-framework-cwj.oss-cn-chengdu.aliyuncs.com/d8890e31-a2a6-4f2c-9dc0-ef7ed5beb251.jpg","https://web-framework-cwj.oss-cn-chengdu.aliyuncs.com/df66b558-4d8e-40da-b2a8-f8546562831e.jpg","https://web-framework-cwj.oss-cn-chengdu.aliyuncs.com/e75b5001-3309-421b-99ab-ca7c4637337b.jpg","https://web-framework-cwj.oss-cn-chengdu.aliyuncs.com/dbef222f-2769-46fc-8684-c6523d99bd41.jpg","https://web-framework-cwj.oss-cn-chengdu.aliyuncs.com/32715945-3149-4abd-b673-2fe39f3e8312.jpg","https://web-framework-cwj.oss-cn-chengdu.aliyuncs.com/65d4f6f1-8ed2-456f-8a30-d0b4cb81d15e.jpg"]', '宫蚕图卷笔记本系列是一款以中国传统文化为主题的笔记本产品。它可能以宫廷蚕丝织物图案为设计灵感，采用精美的印刷工艺和高品质的材料制作而成。这个系列的笔记本可能具有古典美感，展现了中国传统文化的魅力，也可能是一种融合了现代设计元素的产品。宫蚕图卷笔记本系列可能被设计成不同尺寸和风格，以满足不同用户的需求。它可能成为书写、绘画或记录生活的工具，同时也可以作为一份独特的礼物，体现对接受者的美好祝愿。这个系列的笔记本可能因其独特的设计和高品质而备受欢迎，成为收藏者钟爱的文化艺术品。', '["https://web-framework-cwj.oss-cn-chengdu.aliyuncs.com/820487d5-6866-495f-80f9-d7415116d569.jpg","https://web-framework-cwj.oss-cn-chengdu.aliyuncs.com/1cd9767f-2226-45e3-a168-d82532b96aa2.jpg","https://web-framework-cwj.oss-cn-chengdu.aliyuncs.com/8e45bb4f-277e-4f28-8f58-0b20dd75c960.jpg"]', '', 1),
	(67, '2024-03-17 13:50:08', '2024-03-17 13:50:08', 1848, '兰亭雅集系列', 17, 8, 199.00, 997, 'https://web-framework-cwj.oss-cn-chengdu.aliyuncs.com/d0653273-6196-4d5b-a6b7-29b9e0cbf634.jpg', '["https://web-framework-cwj.oss-cn-chengdu.aliyuncs.com/8c8d6e42-6add-4d39-93a2-edb61fd1b019.jpg","https://web-framework-cwj.oss-cn-chengdu.aliyuncs.com/b44bfcfb-17f0-43d3-ab80-57d00417a2b2.jpg","https://web-framework-cwj.oss-cn-chengdu.aliyuncs.com/8796e9df-501c-440b-8f7a-e66ddf5677de.jpg","https://web-framework-cwj.oss-cn-chengdu.aliyuncs.com/c86c68be-513a-4887-bf96-708f8b6590cf.jpg","https://web-framework-cwj.oss-cn-chengdu.aliyuncs.com/b3197438-54c8-4fcb-b4fa-b812b58a667c.jpg","https://web-framework-cwj.oss-cn-chengdu.aliyuncs.com/79ccc080-e22e-4d6d-98ba-9b32140a9324.jpg"]', '兰亭雅集系列是一种以兰亭集序为题材的文化创意产品系列。兰亭集序是中国古代书法家王羲之的代表作之一，也是中国书法史上的经典之作。这个系列可能包括书法作品的复制品、文化衍生品、文具用品等。兰亭雅集系列可能以兰亭集序的书法艺术为设计灵感，产品可能包括笔墨纸砚、书法作品、文具、装饰品等，展现了中国传统文化的魅力。这个系列的产品可能因其独特的设计和高品质而备受欢迎，成为收藏者钟爱的文化艺术品。兰亭雅集系列可能通过创意设计和精湛工艺，将中国传统文化与现代生活巧妙结合，展现了对中国传统文化的传承和创新。', '["https://web-framework-cwj.oss-cn-chengdu.aliyuncs.com/f9fac986-98b3-4dd7-b9c6-c7895dd15e11.jpg","https://web-framework-cwj.oss-cn-chengdu.aliyuncs.com/3d93e9e4-b4a6-4e35-89aa-80951d71c4dc.jpg","https://web-framework-cwj.oss-cn-chengdu.aliyuncs.com/91abc6bd-74f7-4928-9d4c-b300b8ae6718.jpg"]', '', 1),
	(68, '2024-03-17 13:51:35', '2025-05-02 15:30:00', 1848, '寻觅笔记本', 17, 8, 120.00, 1998, 'https://web-framework-cwj.oss-cn-chengdu.aliyuncs.com/55e73207-2f07-4589-a85e-30b6db74440a.jpg', '["https://web-framework-cwj.oss-cn-chengdu.aliyuncs.com/0c2e2c2b-8745-4ff2-806d-ba963a1887b4.jpg","https://web-framework-cwj.oss-cn-chengdu.aliyuncs.com/64d6b1d7-417d-4ceb-9a06-7480d7d1aef2.jpg","https://web-framework-cwj.oss-cn-chengdu.aliyuncs.com/eff7ed8c-a4af-4690-b304-bff1f60be7d8.jpg","https://web-framework-cwj.oss-cn-chengdu.aliyuncs.com/4a014eaa-ccd1-49bf-b763-cd8cd13c8fab.jpg","https://web-framework-cwj.oss-cn-chengdu.aliyuncs.com/675cf733-7a51-46e9-bd9b-28aaf90984e6.jpg","https://web-framework-cwj.oss-cn-chengdu.aliyuncs.com/4f93a4d7-9fbc-438f-93c7-06094bf38fbf.jpg"]', '寻觅笔记本是一种专为记录和规划生活的高品质笔记本。这款笔记本可能具有精美的设计，提供便捷的书写和记录体验。寻觅笔记本可能包括各种规格和风格，适合不同的使用场景，例如日常笔记、旅行记录、绘画创作等。它可能采用优质的纸张和耐用的封面材料，确保书写质感和长久保存。此外，寻觅笔记本可能包括便捷的书签设计、内部格栅或其他功能，以满足用户的各种需求。无论是作为个人使用还是送礼佳品，寻觅笔记本可能成为生活中不可或缺的伙伴，帮助记录生活点滴、激发创造灵感。', '["https://web-framework-cwj.oss-cn-chengdu.aliyuncs.com/81f977b5-c3b6-4e3c-8261-99e0c30d6fc0.jpg"]', '热销', 1),
	(69, '2024-03-17 13:53:10', '2024-03-17 13:53:10', 1848, '富贵吉祥葫芦瓶', 15, 8, 3988.00, 98, 'https://web-framework-cwj.oss-cn-chengdu.aliyuncs.com/baab1a64-a625-4b3d-8bb9-33ab6d17e0c9.jpg', '["https://web-framework-cwj.oss-cn-chengdu.aliyuncs.com/593f35a2-0a86-410a-886d-21922dd07ae9.jpg","https://web-framework-cwj.oss-cn-chengdu.aliyuncs.com/d2469980-e89b-4a6a-89ef-7f290570bdaf.jpg","https://web-framework-cwj.oss-cn-chengdu.aliyuncs.com/53fa7c88-44e2-40d7-8a9d-eea441b45aaf.jpg","https://web-framework-cwj.oss-cn-chengdu.aliyuncs.com/1d9c44fb-445b-4b0b-b988-40f4bc49d937.jpg","https://web-framework-cwj.oss-cn-chengdu.aliyuncs.com/867a1993-ea39-443b-bf99-e798ba15196f.jpg","https://web-framework-cwj.oss-cn-chengdu.aliyuncs.com/b0bb4f39-75b9-473f-b72b-ea6cc541c9f2.jpg"]', '富贵吉祥葫芦瓶是一种具有象征意义的装饰品，融合了中国传统文化中的“富贵”和“吉祥”元素。葫芦在中国文化中被视为吉祥、福气和长寿的象征，而“富贵”则代表着繁荣、财富和好运。这样的葫芦瓶可能采用精美的工艺制作而成，可能具有华丽的外观和精湛的细节雕刻。它可能被用作家居装饰，摆放在家中或办公室，以带来吉祥和繁荣的象征意义。富贵吉祥葫芦瓶可能也是一种受欢迎的礼品，传达对接受者的美好祝愿。这样的装饰品可能因其独特的设计和象征意义而备受青睐，成为收藏者钟爱的文化艺术品。', '["https://web-framework-cwj.oss-cn-chengdu.aliyuncs.com/82f39386-12ef-451c-b5b6-a4e0fe1729e8.jpg","https://web-framework-cwj.oss-cn-chengdu.aliyuncs.com/896d5131-6d6e-4316-94f5-fba5c431c86b.jpg","https://web-framework-cwj.oss-cn-chengdu.aliyuncs.com/b33b79d7-fa97-4791-9625-16692b7efcb2.jpg","https://web-framework-cwj.oss-cn-chengdu.aliyuncs.com/05ca7ccf-28fa-4586-9bfc-61dfbbfc5526.jpg"]', '', 1),
	(70, '2024-03-17 13:54:33', '2024-03-17 13:54:33', 1848, '霓裳羽衣茶盘', 15, 8, 4998.00, 99, 'https://web-framework-cwj.oss-cn-chengdu.aliyuncs.com/d87bb7ea-17a6-46f0-a17b-da1764818a3b.jpg', '["https://web-framework-cwj.oss-cn-chengdu.aliyuncs.com/af76ef43-8fac-4ae2-bdcd-3547a89ec75b.jpg","https://web-framework-cwj.oss-cn-chengdu.aliyuncs.com/f120420b-267b-45a6-92cd-6cc1841a425c.jpg","https://web-framework-cwj.oss-cn-chengdu.aliyuncs.com/47dd44f4-4cce-4f0c-9129-cc59cd3a3426.jpg","https://web-framework-cwj.oss-cn-chengdu.aliyuncs.com/e76b0930-7b53-47d8-9071-031a7e8ec61c.jpg","https://web-framework-cwj.oss-cn-chengdu.aliyuncs.com/302c1bf9-a077-470c-bc22-f87bd8a3d871.jpg","https://web-framework-cwj.oss-cn-chengdu.aliyuncs.com/b5cc1e4f-b102-41e1-9daa-459ccc86f948.jpg"]', '霓裳羽衣茶盘可能是一种精美的茶盘，其设计可能灵感来源于中国传统的文化和艺术。茶盘可能以中国古代传说中的神话故事"霓裳羽衣"为题材，这个故事中描述了仙女穿着美丽的羽衣的情景。这款茶盘可能采用精湛的工艺制成，可能具有华丽的外观和精细的雕刻，展现了中国传统文化的独特魅力。霓裳羽衣茶盘可能被设计为一个优雅的茶具陈设品，用于沏茶、品茶或展示。它可能成为茶道爱好者和收藏家们喜爱的艺术品，也可能作为一份独特的礼物，传达对接受者的美好祝愿。这样的茶盘可能因其独特的设计和高品质而备受欢迎，成为收藏者钟爱的文化艺术品。', '["https://web-framework-cwj.oss-cn-chengdu.aliyuncs.com/a1abf5ca-7cde-49df-9f1f-2659e082088e.jpg","https://web-framework-cwj.oss-cn-chengdu.aliyuncs.com/a8405bcc-5112-44c7-858b-7b7e1f70a046.jpg","https://web-framework-cwj.oss-cn-chengdu.aliyuncs.com/7419cc59-7ac9-4ed2-a8ac-7947c545a6ba.jpg","https://web-framework-cwj.oss-cn-chengdu.aliyuncs.com/1821f917-af27-414b-ab06-d81c80407e3f.jpg"]', '', 1),
	(71, '2024-03-17 13:56:59', '2024-03-17 13:56:59', 1848, '七星高照闲云壶', 15, 8, 3788.00, 119, 'https://web-framework-cwj.oss-cn-chengdu.aliyuncs.com/10a64296-b211-4eb0-b071-ca1c77f82ccb.jpg', '["https://web-framework-cwj.oss-cn-chengdu.aliyuncs.com/d010306f-829e-498a-9ea5-f98823cfb151.jpg","https://web-framework-cwj.oss-cn-chengdu.aliyuncs.com/80bb01fb-22b7-47ba-ae1b-6e5cb2e46690.jpg","https://web-framework-cwj.oss-cn-chengdu.aliyuncs.com/8bde78dd-4f0e-4064-8331-e66ce88067e5.jpg","https://web-framework-cwj.oss-cn-chengdu.aliyuncs.com/8594955e-93de-4c2a-8c80-0132bfed2f28.jpg","https://web-framework-cwj.oss-cn-chengdu.aliyuncs.com/85cd2636-0e12-4db5-bf41-50407108875b.jpg","https://web-framework-cwj.oss-cn-chengdu.aliyuncs.com/90c56b8e-5b99-48c8-b047-ee2b989c5fcf.jpg"]', '“七星高照闲云壶”可能是一种精美的茶具，其设计可能灵感来源于中国传统的文化和艺术。这款茶壶可能带有“七星高照”和“闲云”等元素，这些可能代表着吉祥和美好的寓意。它可能采用精湛的工艺制成，外观可能华丽精致，展现了中国传统文化的独特魅力。这个茶壶可能被设计为一个优雅的茶具，用于沏茶、品茶或展示。它可能成为茶道爱好者和收藏家们喜爱的艺术品，也可能作为一份独特的礼物，传达对接受者的美好祝愿。这样的茶壶可能因其独特的设计和高品质备受推崇，成为收藏者钟爱的文化艺术品。', '["https://web-framework-cwj.oss-cn-chengdu.aliyuncs.com/4b5d25cd-9bb4-4312-afe3-5a243fd4fb3e.jpg","https://web-framework-cwj.oss-cn-chengdu.aliyuncs.com/a7e35768-059a-4036-bf8b-e69da5eea7a5.jpg","https://web-framework-cwj.oss-cn-chengdu.aliyuncs.com/acfb617e-7293-444d-a89c-bc9cbd9465bc.jpg","https://web-framework-cwj.oss-cn-chengdu.aliyuncs.com/3456927c-b267-45cf-bc49-d3ed945deaf2.jpg","https://web-framework-cwj.oss-cn-chengdu.aliyuncs.com/602c10d6-db79-4661-97f8-09dac6e8a11e.jpg","https://web-framework-cwj.oss-cn-chengdu.aliyuncs.com/bacea3c1-3557-4523-9760-c79a2a89853f.jpg","https://web-framework-cwj.oss-cn-chengdu.aliyuncs.com/b31b6b3d-a52f-4161-9046-7654bc3dbfa2.jpg","https://web-framework-cwj.oss-cn-chengdu.aliyuncs.com/6a72cee1-5b51-401a-a3a8-3db7af4e83ee.jpg"]', '陶制', 1),
	(72, '2024-03-17 14:02:37', '2024-03-17 14:02:37', 1848, '千里江山茶盘', 15, 8, 3669.00, 99, 'https://web-framework-cwj.oss-cn-chengdu.aliyuncs.com/a1d3d276-3144-42e1-8bba-06e92ce835c7.jpg', '["https://web-framework-cwj.oss-cn-chengdu.aliyuncs.com/63c4f7c3-9f3c-46d5-aa08-08ad001644f9.jpg","https://web-framework-cwj.oss-cn-chengdu.aliyuncs.com/52ab92ca-15c4-4d3a-abae-739a000f9f29.jpg","https://web-framework-cwj.oss-cn-chengdu.aliyuncs.com/3a2f16a5-77af-4e03-911c-2dc91705b4a8.jpg","https://web-framework-cwj.oss-cn-chengdu.aliyuncs.com/1f0762b2-94f6-466f-b9fd-901cb8f86900.jpg","https://web-framework-cwj.oss-cn-chengdu.aliyuncs.com/57863d8a-e621-462f-b653-0631dd0acfb5.jpg","https://web-framework-cwj.oss-cn-chengdu.aliyuncs.com/b0f5c51d-1c0d-4a23-9081-3ccc9e3ffd83.jpg"]', '千里江山茶盘是一种传统的中国茶具，它的设计可能源自中国古老的文化和艺术。这款茶盘可能以其优雅的外观和精湛的工艺而著称。千里江山茶盘可能展现了中国山水画的意境，通过精细的雕刻和绘画，再现了壮丽的山川河流景色。它可能被设计为一个优雅的茶具陈设品，用于沏茶、品茶或展示。这样的茶盘可能备受茶道爱好者和收藏家的青睐，也可能成为一份独特的礼物，传达对接受者的美好祝愿。千里江山茶盘可能因其独特的设计和高品质而备受推崇，成为收藏者钟爱的文化艺术品。', '["https://web-framework-cwj.oss-cn-chengdu.aliyuncs.com/5012f7d9-65b4-45c6-9ba8-3dceebdeb6c6.jpg"]', '', 1),
	(73, '2024-03-17 14:04:18', '2024-03-17 14:04:18', 1848, '千里江山壶', 15, 8, 4599.00, 119, 'https://web-framework-cwj.oss-cn-chengdu.aliyuncs.com/07b1b158-7583-4674-aa76-19804f21501b.jpg', '["https://web-framework-cwj.oss-cn-chengdu.aliyuncs.com/81bf77fb-ceb7-40c3-afb1-487755e130ee.jpg","https://web-framework-cwj.oss-cn-chengdu.aliyuncs.com/4e5e84c3-d54a-40aa-8e46-2c7b930ef393.jpg","https://web-framework-cwj.oss-cn-chengdu.aliyuncs.com/e5de546b-3c64-4995-b426-9d0b23247a52.jpg","https://web-framework-cwj.oss-cn-chengdu.aliyuncs.com/cfdc0db1-0ea5-4ac3-889a-89c731b12591.jpg","https://web-framework-cwj.oss-cn-chengdu.aliyuncs.com/dbe9a7ca-4d2c-4770-9794-dcc7de204a06.jpg","https://web-framework-cwj.oss-cn-chengdu.aliyuncs.com/fde344a9-d775-4a9c-bbc7-00e99a1e73e7.jpg"]', '千里江山壶可能是一种具有中国传统文化特色的茶具。它可能以精致的工艺和独特的设计著称，展现了中国山水画的意境。这种茶壶可能被设计成外观优雅，结构精致，可能带有山水图案或者其他中国传统文化元素的装饰。千里江山壶可能成为茶道爱好者和收藏家们青睐的艺术品，也可能被用作沏茶、品茶或者展示。它可能因其独特的设计和高品质备受推崇，成为收藏者钟爱的文化艺术品。这样的茶具可能也是一份独特的礼物，传达对接受者的美好祝愿。', '["https://web-framework-cwj.oss-cn-chengdu.aliyuncs.com/a9fc8977-f30e-4592-b9d5-617d36cc81c3.jpg","https://web-framework-cwj.oss-cn-chengdu.aliyuncs.com/4c6357d3-125e-4ed8-a6e9-b913f3c5616e.jpg","https://web-framework-cwj.oss-cn-chengdu.aliyuncs.com/2903863b-3265-47cf-9911-1e7ca98ab674.jpg","https://web-framework-cwj.oss-cn-chengdu.aliyuncs.com/427f863f-aacc-46f9-b033-60e73e6037b4.jpg","https://web-framework-cwj.oss-cn-chengdu.aliyuncs.com/5f2a6301-5656-4e2c-a0c9-458f82d490f1.jpg","https://web-framework-cwj.oss-cn-chengdu.aliyuncs.com/05dd5c8f-df3d-463e-8bae-968434b76933.jpg","https://web-framework-cwj.oss-cn-chengdu.aliyuncs.com/3e1175dc-d82f-429e-9a84-5e021f0e3b1b.jpg"]', '', 1),
	(74, '2024-03-17 14:06:59', '2024-03-17 14:06:59', 1848, '清流乾坤海棠盘', 15, 8, 6899.00, 99, 'https://web-framework-cwj.oss-cn-chengdu.aliyuncs.com/74c80ae9-c583-45d8-9732-a877550a957e.jpg', '["blob:http://localhost:5174/6632d543-2517-45c5-b975-3ff8bb5949f5","blob:http://localhost:5174/4f7a39b4-8ddd-44a6-9576-20b5271ef267","blob:http://localhost:5174/d26814cc-1b94-406a-be89-21bd8de0f906","blob:http://localhost:5174/9e9c681c-97b9-4742-80be-993872b3d025","blob:http://localhost:5174/6583ebe4-4be3-4b9f-91a2-1691ed7b48ca","blob:http://localhost:5174/6f2569d3-7473-434d-b51e-6221a03c0a14"]', '清流乾坤海棠盘是一款精美的茶盘，它的设计灵感源自于故宫藏品元代王冕的“墨梅图”。盘内梅花含笑盈枝，展现出孤洁神韵，传递出“只流清气满乾坤”的志向。这款盘子采用了非遗传统工艺和朱氏釉彩铜技艺进行精制，铜材质具有抑菌性，经久耐用，健康卫生。它不仅可以搭配茶壶使用，还可以盛放糖果、点心等各种小物品，功能多样。这样的茶盘融合了传统工艺与现代实用性，展现出独特的文化价值和美感，是一件非常珍贵的艺术品。', '["https://web-framework-cwj.oss-cn-chengdu.aliyuncs.com/bfe6d27c-4288-4304-9945-01e3b3a23990.jpg","https://web-framework-cwj.oss-cn-chengdu.aliyuncs.com/606bef5f-3868-49b0-868e-83b0abf7a98a.jpg","https://web-framework-cwj.oss-cn-chengdu.aliyuncs.com/cfef65ec-62d8-4097-be78-fe611f8f3cc1.jpg","https://web-framework-cwj.oss-cn-chengdu.aliyuncs.com/d6e2ab95-491f-4317-98d0-5374b1f92697.jpg","https://web-framework-cwj.oss-cn-chengdu.aliyuncs.com/7e2683b6-1efb-44df-af86-f0386db167dd.jpg","https://web-framework-cwj.oss-cn-chengdu.aliyuncs.com/9a436c5e-2a64-4791-b3b7-80bf6a786225.jpg","https://web-framework-cwj.oss-cn-chengdu.aliyuncs.com/b7b76015-efad-4001-afea-67ab52cbcf83.jpg","https://web-framework-cwj.oss-cn-chengdu.aliyuncs.com/d003c4a1-9779-4d8d-a4c9-c4e7e80637c4.jpg","https://web-framework-cwj.oss-cn-chengdu.aliyuncs.com/25d767fb-5bc4-4a0e-882c-b7281407109a.jpg"]', '限定', 1),
	(75, '2024-03-17 14:42:30', '2024-03-17 14:42:30', 1848, '花开似梦系列线香', 17, 8, 199.00, 999, 'https://web-framework-cwj.oss-cn-chengdu.aliyuncs.com/ea8bdf77-e6a0-431f-a09c-6fb25c8bf095.jpg', '["https://web-framework-cwj.oss-cn-chengdu.aliyuncs.com/e59dd3a1-9d77-4075-81af-f2b57566c85e.jpg","https://web-framework-cwj.oss-cn-chengdu.aliyuncs.com/b8c42c15-19b2-421b-8043-760a5a02b3b3.jpg","https://web-framework-cwj.oss-cn-chengdu.aliyuncs.com/3952651a-7c9f-4397-a3e1-d71491308694.jpg","https://web-framework-cwj.oss-cn-chengdu.aliyuncs.com/6070b572-805d-44c1-901d-4f82631ea535.jpg","https://web-framework-cwj.oss-cn-chengdu.aliyuncs.com/302b9058-5b53-4789-83f2-46d0d7b4c9dd.jpg","https://web-framework-cwj.oss-cn-chengdu.aliyuncs.com/2926704f-5506-4c9e-b4f3-ff137978f435.jpg"]', '花开似梦系列线香是一款精致的香氛产品，以清新的花香和梦幻般的气息而闻名。这款线香采用天然植物精油和优质香料制成，散发出迷人的花香，让人仿佛置身于花海之中。\n\n花开似梦系列线香有多种香型可供选择，包括玫瑰、茉莉、樱花等，每一种香型都有着独特的魅力，能够满足不同人的喜好。线香的包装设计精美，外观典雅，适合作为家居装饰，也是送礼的不错选择。\n\n使用花开似梦系列线香，可以为生活增添一丝浪漫和温馨的氛围，让人放松身心，享受宁静的时光。不仅如此，线香的持久香味也能够净化空气，改善室内环境，是一款非常实用的香氛产品。', '["https://web-framework-cwj.oss-cn-chengdu.aliyuncs.com/89847b13-c0b1-4c9a-8be5-58d38687ea63.jpg","https://web-framework-cwj.oss-cn-chengdu.aliyuncs.com/27dae475-6f03-4fcc-a195-f944d7685c79.jpg","https://web-framework-cwj.oss-cn-chengdu.aliyuncs.com/70a1a493-f38c-42f2-ac68-5fb37da17763.jpg","https://web-framework-cwj.oss-cn-chengdu.aliyuncs.com/f0553663-7347-4502-8d03-0908dc3c1b7f.jpg","https://web-framework-cwj.oss-cn-chengdu.aliyuncs.com/8d7eece6-cb1d-4e4c-8a4e-fea4a85ab463.jpg"]', '', 1),
	(76, '2024-03-17 14:43:57', '2024-03-17 14:43:57', 1848, '千里江山收纳盒', 17, 8, 299.00, 999, 'https://web-framework-cwj.oss-cn-chengdu.aliyuncs.com/875e95ab-174e-49f0-99d8-83936f51fab4.jpg', '["https://web-framework-cwj.oss-cn-chengdu.aliyuncs.com/71e16c02-e0a9-4099-819a-2cf3e17ebb30.jpg","https://web-framework-cwj.oss-cn-chengdu.aliyuncs.com/1c6c021e-cb92-4903-8ba6-e11e0e97a72a.jpg","https://web-framework-cwj.oss-cn-chengdu.aliyuncs.com/ae47a0c4-d8fa-440d-8422-fb3e8c462b85.jpg","https://web-framework-cwj.oss-cn-chengdu.aliyuncs.com/f0266a2f-3c50-40ea-a6fb-0624055eeb83.jpg","https://web-framework-cwj.oss-cn-chengdu.aliyuncs.com/48256a76-a962-4c73-a55e-6bcacd3c069f.jpg","https://web-framework-cwj.oss-cn-chengdu.aliyuncs.com/6cfd67c4-3bb2-44df-b70d-04eb3ad65228.jpg"]', '千里江山收纳盒是一款设计精美的收纳盒，外观简约大方，采用高品质的环保材料制成，经久耐用。收纳盒的设计灵感源自中国传统山水画，以千里江山为主题，图案精美细致，寓意着广阔的胸怀和收纳空间。\n\n收纳盒内部结构合理，可以有效地分类收纳各种物品，如文具、首饰、化妆品等，让杂乱的物品有条不紊地摆放整齐。盒子的大小适中，方便携带和摆放，不占用过多的空间。\n\n千里江山收纳盒不仅能够让生活更加整洁有序，还可以作为家居装饰，增添一份文雅和艺术气息。无论是自用还是送礼，都是一款实用且具有美感的收纳盒。', '["https://web-framework-cwj.oss-cn-chengdu.aliyuncs.com/14a55185-7690-4fed-a70e-3560cf37730c.jpg","https://web-framework-cwj.oss-cn-chengdu.aliyuncs.com/5ee6019e-0cb8-46d1-a668-5ef2e5118b2c.jpg","https://web-framework-cwj.oss-cn-chengdu.aliyuncs.com/a7dbf287-6181-41c2-960d-bdb2719b6c4b.jpg","https://web-framework-cwj.oss-cn-chengdu.aliyuncs.com/dc203cc7-ed01-42d6-b12d-879e1de5cc0f.jpg","https://web-framework-cwj.oss-cn-chengdu.aliyuncs.com/ea62d11d-7ac6-446b-9d97-8caa4d4270d5.jpg"]', '', 1),
	(77, '2024-03-17 14:45:34', '2024-03-17 14:45:34', 1848, '山林清欢系列线香', 17, 8, 199.00, 999, 'https://web-framework-cwj.oss-cn-chengdu.aliyuncs.com/c73daac0-13fe-43b9-9141-5da5957df79f.jpg', '["https://web-framework-cwj.oss-cn-chengdu.aliyuncs.com/3115f7bd-3074-4cc9-b5ce-8700ff82cd55.jpg","https://web-framework-cwj.oss-cn-chengdu.aliyuncs.com/34e62aab-8de8-408e-a491-d7fd729a80a4.jpg","https://web-framework-cwj.oss-cn-chengdu.aliyuncs.com/cf9df437-3c9e-4f15-9c10-2fc489398407.jpg","https://web-framework-cwj.oss-cn-chengdu.aliyuncs.com/3e51ee1d-82f7-46db-998a-45252aef3c3e.jpg","https://web-framework-cwj.oss-cn-chengdu.aliyuncs.com/dba4c698-e351-4d66-a119-fa66ec52068f.jpg","https://web-framework-cwj.oss-cn-chengdu.aliyuncs.com/033b8cd7-4cc0-4346-a61a-cabe598c39ca.jpg"]', '山林清欢系列线香是一款清新、自然的香气产品，散发出深入山林的芳香气息。这款线香选用了天然的植物香料和精油，打造出清新的松木、柏木和竹叶等独特的山林香气，让人仿佛置身于大自然之中。\n\n山林清欢系列线香具有持久的香味，能够有效净化室内空气，带来放松和舒缓的感受。线香的包装设计简约典雅，展现出清新自然的风格，适合作为家居香氛装饰，也是送礼的不错选择。\n\n使用山林清欢系列线香，可以为生活增添一份清新自然的气息，让人感受到大自然的宁静和舒适。这款线香不仅能够提升居室的氛围，还能够带来身心的放松和愉悦，是一款非常实用的香氛产品。', '["https://web-framework-cwj.oss-cn-chengdu.aliyuncs.com/a6ff6e56-4928-4dfd-a9d0-f4a2ef1ed543.jpg","https://web-framework-cwj.oss-cn-chengdu.aliyuncs.com/44ea03c8-b467-440d-86ae-e0a2f4ed900c.jpg","https://web-framework-cwj.oss-cn-chengdu.aliyuncs.com/fad16b37-0839-4c77-b44e-5b7a1d4a9e43.jpg","https://web-framework-cwj.oss-cn-chengdu.aliyuncs.com/da91b855-40c0-443c-8bed-fa947f288554.jpg","https://web-framework-cwj.oss-cn-chengdu.aliyuncs.com/d12cbbd6-0d22-463a-a1a0-181302a54a38.jpg"]', '', 1),
	(78, '2024-03-17 14:47:40', '2024-03-17 14:47:40', 1848, '喜悦如意收纳盒', 17, 8, 399.00, 499, 'https://web-framework-cwj.oss-cn-chengdu.aliyuncs.com/337295f0-3cca-4483-a5e4-aedf85c938f8.jpg', '["https://web-framework-cwj.oss-cn-chengdu.aliyuncs.com/f2cf5f0b-3e77-4f02-afc1-fcf2274e022a.jpg","https://web-framework-cwj.oss-cn-chengdu.aliyuncs.com/f4f8da3b-52fc-436b-84c5-cce3d51402cc.jpg","https://web-framework-cwj.oss-cn-chengdu.aliyuncs.com/e182942f-53d2-4d8b-8918-ff12061c6a9c.jpg","https://web-framework-cwj.oss-cn-chengdu.aliyuncs.com/f33a974e-4226-4446-b1ab-5bac91e26c0f.jpg","https://web-framework-cwj.oss-cn-chengdu.aliyuncs.com/a08ca233-effa-441a-ad57-dbe941a8a14a.jpg","https://web-framework-cwj.oss-cn-chengdu.aliyuncs.com/9c0132b6-7146-413b-b495-37f0712a8aa3.jpg"]', '喜悦如意收纳盒是一款设计精美的收纳容器，外观充满了喜庆和美好的意象。它通常采用优质的环保材料制成，具有良好的耐用性和质感。收纳盒的设计通常寓意着幸福如意，常常搭配一些吉祥图案或者祝福语，适合用来收纳珠宝、首饰、文具或其他小件物品。它不仅能够帮助整理物品，还能为居室增添一份幸福的氛围。这样的收纳盒在生活中也可以作为一份美好的礼物，用来表达对他人的祝福和关怀。喜悦如意收纳盒是一款设计精美的收纳容器，外观充满了喜庆和美好的意象。', '["https://web-framework-cwj.oss-cn-chengdu.aliyuncs.com/be6a0baa-e6ec-4045-acbf-8f0c2f42183d.jpg","https://web-framework-cwj.oss-cn-chengdu.aliyuncs.com/0d220c6e-3622-41db-8c73-08e2070bfc70.jpg","https://web-framework-cwj.oss-cn-chengdu.aliyuncs.com/e6d3a2f8-7cfb-477f-a25a-2de2fd35bf43.jpg","https://web-framework-cwj.oss-cn-chengdu.aliyuncs.com/31a62b7d-252a-49f9-ac0f-a4c94440b244.jpg","https://web-framework-cwj.oss-cn-chengdu.aliyuncs.com/f5afdaa5-1cd0-4a9e-a926-d5ba0080e6c1.jpg","https://web-framework-cwj.oss-cn-chengdu.aliyuncs.com/09182c1a-2426-473a-be53-2bc7aa14a361.jpg","https://web-framework-cwj.oss-cn-chengdu.aliyuncs.com/a0b9fa6b-de04-45fb-8cc0-50e75c7b8d53.jpg"]', '限定', 1),
	(79, '2024-03-17 14:49:07', '2024-03-17 14:49:07', 1848, '春玉满堂系列白玉首饰', 14, 8, 12999.00, 499, 'https://web-framework-cwj.oss-cn-chengdu.aliyuncs.com/efcdb559-f1f0-4390-b1f5-9ea25b61209a.jpg', '["https://web-framework-cwj.oss-cn-chengdu.aliyuncs.com/f91fdef1-d3c8-4b64-b80f-98870f993f63.jpg","https://web-framework-cwj.oss-cn-chengdu.aliyuncs.com/6ce52360-f1f6-4483-84ef-a5e0427566da.jpg","https://web-framework-cwj.oss-cn-chengdu.aliyuncs.com/d42c8d05-6ba9-42a8-91fe-f7d8da2c4ed8.jpg","https://web-framework-cwj.oss-cn-chengdu.aliyuncs.com/0571dfb4-3ce9-4406-9b98-7c5fe9f1e42a.jpg","https://web-framework-cwj.oss-cn-chengdu.aliyuncs.com/464a334d-72a9-4ffe-bfae-75af6d0a91e4.jpg","https://web-framework-cwj.oss-cn-chengdu.aliyuncs.com/241bafde-c9bd-4ae9-ba13-b4fd76fa1e2e.jpg"]', '春玉满堂系列白玉首饰是一系列精美的珠宝首饰，以白玉为主要材料，设计时尚典雅。白玉在中国传统文化中象征着纯洁和吉祥，因此这款首饰系列常常寓意着吉祥如意、幸福美满。首饰设计精美，包括项链、手镯、耳环等，每件都展现了高品质的工艺和精湛的设计。白玉的自然纹理和光泽使得每件首饰看起来独一无二，散发着迷人的光芒。这些首饰不仅适合日常佩戴，也是搭配正装的完美选择，展现出优雅与高贵。春玉满堂系列白玉首饰不仅能够提升整体气质，还能成为送礼的不错选择，传达祝福和美好的愿望。', '["https://web-framework-cwj.oss-cn-chengdu.aliyuncs.com/660a7c80-9e59-44bd-8506-7a31cd32a12c.jpg","https://web-framework-cwj.oss-cn-chengdu.aliyuncs.com/2eaf78a1-9c18-4f4e-98bc-32563497a68b.jpg"]', '玉石', 1),
	(80, '2024-03-17 14:50:22', '2024-03-17 14:50:22', 1848, '福禄迭至水晶手串', 14, 8, 8999.00, 300, 'https://web-framework-cwj.oss-cn-chengdu.aliyuncs.com/938f9eda-d219-467c-9981-5516a3cd1ca4.jpg', '["https://web-framework-cwj.oss-cn-chengdu.aliyuncs.com/ace49279-585f-4906-abbc-2e97020250e1.jpg","https://web-framework-cwj.oss-cn-chengdu.aliyuncs.com/3b0e18ca-0438-401b-b9e1-b7becb5fd31f.jpg","https://web-framework-cwj.oss-cn-chengdu.aliyuncs.com/862d251e-dc9f-42ff-8aa2-df72a905265b.jpg","https://web-framework-cwj.oss-cn-chengdu.aliyuncs.com/eff9105d-70e3-4eea-8ed3-d6e58f8e3d10.jpg","https://web-framework-cwj.oss-cn-chengdu.aliyuncs.com/6463282d-d8ce-44b0-8e93-ed389730ad14.jpg","https://web-framework-cwj.oss-cn-chengdu.aliyuncs.com/8e19a847-3ba7-4a8d-b037-9c3177f507bd.jpg"]', '福禄迭至水晶手串是一种具有独特寓意的手饰，以水晶材质制成，寓意着福禄寿喜齐至。水晶被认为具有净化和平衡能量的功效，能够带来积极的能量和好运。这款手串通常以细致的手工制作而成，每颗水晶珠都经过精心挑选，串成手链，展现出优雅的光泽和天然的美感。福禄迭至水晶手串不仅适合佩戴，还可以作为一种具有美好祝愿的礼物，传达对他人的祝福和关怀。佩戴这款手串可以让人感受到内心的宁静与平和，同时也能成为日常穿搭的点睛之笔，增添亮点和美感。', '["https://web-framework-cwj.oss-cn-chengdu.aliyuncs.com/02e2217d-ebd8-4ee1-8241-62f73e5ce363.jpg","https://web-framework-cwj.oss-cn-chengdu.aliyuncs.com/cabe2fc1-cd9d-4e1a-9cfb-e7570bec14ac.jpg"]', '限定', 1),
	(81, '2024-03-17 14:52:03', '2024-03-17 14:52:03', 1848, '福禄绵长系列白玉首饰', 14, 8, 15999.00, 100, 'https://web-framework-cwj.oss-cn-chengdu.aliyuncs.com/f63c99c4-db0c-4da4-8e69-50c575eeee44.jpg', '["https://web-framework-cwj.oss-cn-chengdu.aliyuncs.com/a4f85bae-1268-4620-8964-9f818018034d.jpg","https://web-framework-cwj.oss-cn-chengdu.aliyuncs.com/85c9a308-ac13-4db7-b1f3-ae87d6f19da3.jpg","https://web-framework-cwj.oss-cn-chengdu.aliyuncs.com/dce2872e-f713-4552-8092-2e3e36ecb0a2.jpg","https://web-framework-cwj.oss-cn-chengdu.aliyuncs.com/aa511794-138a-47f0-8d62-4f12c00ae619.jpg","https://web-framework-cwj.oss-cn-chengdu.aliyuncs.com/246d0908-555b-4638-b0b0-025f92740d42.jpg","https://web-framework-cwj.oss-cn-chengdu.aliyuncs.com/7781da3e-fd8b-4d58-96f8-40468358ce3b.jpg"]', '福禄绵长系列白玉首饰以白玉为主要材质制成，代表着幸福、富贵和长寿的象征。这一系列的首饰设计精美，包括项链、手镯、耳环等，每一件都展现了高品质的工艺和精湛的设计。白玉的自然纹理和光泽使得每件首饰看起来独一无二，散发着迷人的光芒。福禄绵长系列白玉首饰不仅适合日常佩戴，也是搭配正装的完美选择，展现出优雅与高贵。这些首饰不仅能够提升整体气质，还能成为送礼的不错选择，传达祝福和美好的愿望。佩戴这些首饰可以让人感受到内心的宁静与平和，同时也能成为日常穿搭的点睛之笔，增添亮点和美感。', '["https://web-framework-cwj.oss-cn-chengdu.aliyuncs.com/53f05f6a-8555-4afa-a6a0-c404af23d87a.jpg","https://web-framework-cwj.oss-cn-chengdu.aliyuncs.com/94785ffc-6b21-49ea-a61b-ad65291d7326.jpg"]', '限量', 1),
	(82, '2024-03-17 14:53:21', '2024-03-17 14:53:21', 1848, '事事如意系列首饰', 14, 8, 29999.00, 10, 'https://web-framework-cwj.oss-cn-chengdu.aliyuncs.com/b36c7166-78fd-4904-aa64-69cbf95609da.jpg', '["https://web-framework-cwj.oss-cn-chengdu.aliyuncs.com/e26b22ad-564e-4725-89de-375cd20c2388.jpg","https://web-framework-cwj.oss-cn-chengdu.aliyuncs.com/164cc097-993e-46ea-9ca4-98aeaad1958e.jpg","https://web-framework-cwj.oss-cn-chengdu.aliyuncs.com/680ace73-c1ad-4368-bdb6-4c90934bd1d5.jpg","https://web-framework-cwj.oss-cn-chengdu.aliyuncs.com/00d7c6a2-9527-4e5e-87a4-cb216f84b556.jpg","https://web-framework-cwj.oss-cn-chengdu.aliyuncs.com/06816834-96ab-4f31-916c-ef20fe2a1ee2.jpg","https://web-framework-cwj.oss-cn-chengdu.aliyuncs.com/864f8ddc-4fca-486d-8ea2-efd16ebb366a.jpg"]', '事事如意系列首饰是一款具有美好寓意的饰品系列，旨在传达吉祥如意、幸福美满的祝福。这一系列的首饰设计精美，通常以精致的工艺制成，包括项链、手镯、耳环等，每一件都展现了高品质的制作和精湛的设计。饰品常常搭配一些吉祥图案或者寓意吉祥的吉祥语，如如意、福禄寿喜等。这些首饰不仅能够提升整体气质，还能成为送礼的不错选择，传达祝福和美好的愿望。佩戴这些首饰可以让人感受到内心的宁静与平和，同时也能成为日常穿搭的点睛之笔，增添亮点和美感。', '["https://web-framework-cwj.oss-cn-chengdu.aliyuncs.com/9c974843-d74a-43bc-aaa9-31b945ff1fe7.jpg","https://web-framework-cwj.oss-cn-chengdu.aliyuncs.com/cf332234-d03d-4834-8693-778641f105eb.jpg"]', '限量', 1),
	(83, '2024-03-17 14:55:28', '2024-03-17 14:55:28', 1848, '鹤舞青松丝巾', 14, 8, 999.00, 1000, 'https://web-framework-cwj.oss-cn-chengdu.aliyuncs.com/3620e4f6-f5bc-44e4-9893-91684de73b99.jpg', '["https://web-framework-cwj.oss-cn-chengdu.aliyuncs.com/e02a8269-daa8-46ea-816f-75b56957293e.jpg","https://web-framework-cwj.oss-cn-chengdu.aliyuncs.com/872254c9-273c-4744-81aa-a756f26710fa.jpg","https://web-framework-cwj.oss-cn-chengdu.aliyuncs.com/f9371bd3-d127-4b0e-aa32-48b7e92e1d63.jpg","https://web-framework-cwj.oss-cn-chengdu.aliyuncs.com/e15d980d-927e-4f68-9817-1546c965fd28.jpg","https://web-framework-cwj.oss-cn-chengdu.aliyuncs.com/fbd6733f-0cc1-432c-b10f-d88df98acbd5.jpg","https://web-framework-cwj.oss-cn-chengdu.aliyuncs.com/b6884432-8115-4e76-a60a-837566193955.jpg"]', '鹤舞青松丝巾是一款精美的丝质面料制成的围巾，通常以鹤舞和青松等优美图案或者寓意吉祥的图案进行装饰。这款丝巾通常采用优质的丝绸材料制成，具有柔软光滑的手感和光泽。其设计灵感常常来自中国传统文化中的吉祥元素，如鹤和青松，象征着长寿、吉祥和幸福。这样的丝巾在日常穿搭中既能增添亮点，又能展现出优雅的气质。它不仅可以作为配饰搭配服装，还可以作为礼物送给亲朋好友，传达对他们的祝福和关怀。鹤舞青松丝巾的设计精美，寓意美好，是一款值得收藏和佩戴的精美饰品。', '["https://web-framework-cwj.oss-cn-chengdu.aliyuncs.com/d7ece9e0-79a2-4ef3-b5f6-e71848809262.jpg","https://web-framework-cwj.oss-cn-chengdu.aliyuncs.com/747d8bb1-6641-49c1-9d05-f95b9a8d721a.jpg","https://web-framework-cwj.oss-cn-chengdu.aliyuncs.com/b0e8c0b3-45a2-40ea-ac07-3752e29fb2bc.jpg","https://web-framework-cwj.oss-cn-chengdu.aliyuncs.com/040c2891-2638-4b44-b652-13b4bed45608.jpg","https://web-framework-cwj.oss-cn-chengdu.aliyuncs.com/706441e8-8eac-4fd0-a607-ae5acc789641.jpg","https://web-framework-cwj.oss-cn-chengdu.aliyuncs.com/277a223d-c5c2-409c-a609-4b3b3e6d74d9.jpg","https://web-framework-cwj.oss-cn-chengdu.aliyuncs.com/b278a9a2-c5a2-463c-9c4d-aa8af964376a.jpg","https://web-framework-cwj.oss-cn-chengdu.aliyuncs.com/5c2ee3c2-740a-4efc-9c67-1bdcd82a6fb0.jpg","https://web-framework-cwj.oss-cn-chengdu.aliyuncs.com/2826ec88-9270-4f64-afd1-41bd11a3bf89.jpg","https://web-framework-cwj.oss-cn-chengdu.aliyuncs.com/49677dec-d7a6-4bd9-ab29-948fe2c5b5c8.jpg","https://web-framework-cwj.oss-cn-chengdu.aliyuncs.com/5b9cafcc-d2c2-408e-8af8-6002ff5a4522.jpg","https://web-framework-cwj.oss-cn-chengdu.aliyuncs.com/ed022669-9878-4e65-9f76-2a373d0715ff.jpg"]', '真丝', 1),
	(84, '2024-03-17 14:57:09', '2025-04-18 15:52:37', 1848, '珍宝庄严丝巾', 14, 8, 798.00, 1200, 'https://web-framework-cwj.oss-cn-chengdu.aliyuncs.com/3a87a218-ba9e-41f5-a791-ddb8f674d43c.jpg', '["https://web-framework-cwj.oss-cn-chengdu.aliyuncs.com/09ba1cfd-17d1-4f37-b2c8-7e25b33f7158.jpg","https://web-framework-cwj.oss-cn-chengdu.aliyuncs.com/4437a70f-1e32-436c-9441-48078608a635.jpg","https://web-framework-cwj.oss-cn-chengdu.aliyuncs.com/1fb0b2fe-6706-4d1c-a855-eef4ed4c9b54.jpg","https://web-framework-cwj.oss-cn-chengdu.aliyuncs.com/202f1a04-bb48-4fd4-bf21-cc2341e540a1.jpg","https://web-framework-cwj.oss-cn-chengdu.aliyuncs.com/e8436800-fe73-49f3-bc74-35e96f3b227f.jpg","https://web-framework-cwj.oss-cn-chengdu.aliyuncs.com/6ef51c58-dd46-4120-a44e-996d5a7f1eb0.jpg"]', '珍宝庄严丝巾是一款精美的丝质面料制成的围巾，通常以庄严肃穆的图案和富丽堂皇的设计闻名。这款丝巾通常采用优质的丝绸材料制成，具有柔软光滑的手感和细腻的光泽。其设计常常融合了中国传统文化中的庄重元素和寓意吉祥的图案，如龙凤、寿桃等，展现出华贵和典雅。这样的丝巾在日常穿搭中既能增添亮点，又能展现出高贵的气质。它不仅可以作为配饰搭配服装，还可以作为珍贵的礼物，传达对亲朋好友的祝福和关怀。珍宝庄严丝巾的设计精美，充满着文化内涵，是一款值得收藏和佩戴的精美饰品。', '["https://web-framework-cwj.oss-cn-chengdu.aliyuncs.com/f3f5cc9d-3d07-4ff2-bd5f-1e698bdc23bc.jpg","https://web-framework-cwj.oss-cn-chengdu.aliyuncs.com/8e66bf0a-121c-4d24-b877-26e549556f04.jpg","https://web-framework-cwj.oss-cn-chengdu.aliyuncs.com/1144f86c-f9bf-4f4c-bd47-b7811710af57.jpg","https://web-framework-cwj.oss-cn-chengdu.aliyuncs.com/1b3a267d-ba11-47aa-af64-e5a5ba308e44.jpg","https://web-framework-cwj.oss-cn-chengdu.aliyuncs.com/e09d1be2-75c7-43d6-b084-821492001fbf.jpg","https://web-framework-cwj.oss-cn-chengdu.aliyuncs.com/4d4f042d-872b-475f-a25f-6286869d76e1.jpg","https://web-framework-cwj.oss-cn-chengdu.aliyuncs.com/096b62d3-62b4-4fd9-b287-312ec4b01793.jpg","https://web-framework-cwj.oss-cn-chengdu.aliyuncs.com/d0fcfd35-63e2-407d-8924-cc6e34afb8ec.jpg","https://web-framework-cwj.oss-cn-chengdu.aliyuncs.com/a86eb755-2b0c-49c8-9944-be63e509595e.jpg","https://web-framework-cwj.oss-cn-chengdu.aliyuncs.com/fc1eb87b-499a-4813-afe2-4637bead107d.jpg"]', '真丝', 1),
	(85, '2024-03-17 14:58:53', '2025-01-22 15:36:01', 1848, '珠光宝气丝巾', 14, 8, 1099.00, 999, 'https://web-framework-cwj.oss-cn-chengdu.aliyuncs.com/e5c95952-941e-4f57-ad0f-0625cbccc335.jpg', '["https://web-framework-cwj.oss-cn-chengdu.aliyuncs.com/7188eb3f-6d3b-4e0c-9f46-16606a278733.jpg","https://web-framework-cwj.oss-cn-chengdu.aliyuncs.com/bedc010d-1aae-4cbe-a02c-42e4f5e42598.jpg","https://web-framework-cwj.oss-cn-chengdu.aliyuncs.com/ac9d4fc2-821c-476b-b003-864d6db95b3f.jpg","https://web-framework-cwj.oss-cn-chengdu.aliyuncs.com/c9eb82b6-d846-4a2f-a0b4-fa81130bf55b.jpg","https://web-framework-cwj.oss-cn-chengdu.aliyuncs.com/908761ee-b79b-4fd7-b835-652851b81454.jpg","https://web-framework-cwj.oss-cn-chengdu.aliyuncs.com/7247c651-4451-47a6-809e-a4d5d2bec66f.jpg"]', '珠光宝气丝巾是一款时尚华丽的丝质围巾，通常以精美的图案和璀璨的珠光设计而闻名。这款丝巾通常采用高品质的丝绸面料制成，手感柔软，光泽明亮。其设计常常融合了时尚元素和富丽堂皇的设计，如珍珠、宝石等，展现出华贵和典雅。这样的丝巾在日常穿搭中既能增添亮点，又能展现出高贵的气质。它不仅可以作为配饰搭配服装，还可以作为珍贵的礼物，传递对亲朋好友的祝福和关怀。珠光宝气丝巾的设计精美，充满着时尚魅力，是一款值得收藏和佩戴的精美饰品。', '["https://web-framework-cwj.oss-cn-chengdu.aliyuncs.com/bf5eeb02-0c5d-4404-b55d-bdfedc3b751f.jpg","https://web-framework-cwj.oss-cn-chengdu.aliyuncs.com/389e61a8-6548-4b36-8ba8-fabd609cef54.gif","https://web-framework-cwj.oss-cn-chengdu.aliyuncs.com/5d9941bd-f3ca-4b71-ad08-d239a8d2f14f.gif","https://web-framework-cwj.oss-cn-chengdu.aliyuncs.com/1025ea79-43f6-4555-9704-d642f0c2ea52.gif","https://web-framework-cwj.oss-cn-chengdu.aliyuncs.com/dc9a8289-794d-47c2-b10e-ce92afc29fb2.gif","https://web-framework-cwj.oss-cn-chengdu.aliyuncs.com/529d35f8-ea23-4a63-8698-aa31b9e4bbd7.gif","https://web-framework-cwj.oss-cn-chengdu.aliyuncs.com/d2cc7552-a4c3-420e-818b-5cad7722dd0e.gif","https://web-framework-cwj.oss-cn-chengdu.aliyuncs.com/7d68b359-e2ce-4d0a-81a1-4293a53850e0.gif","https://web-framework-cwj.oss-cn-chengdu.aliyuncs.com/ea3446d5-6302-43b2-93f6-69ba3c988547.gif","https://web-framework-cwj.oss-cn-chengdu.aliyuncs.com/80cbb922-48dc-4f68-9ce7-19cfaef6c062.gif","https://web-framework-cwj.oss-cn-chengdu.aliyuncs.com/05118a24-0913-4117-a029-4b1534f743ce.gif"]', '真丝', 1);
/*!40000 ALTER TABLE `product` ENABLE KEYS */;

-- 导出  表 wcg_mall_plus.product_brand 结构
CREATE TABLE IF NOT EXISTS `product_brand` (
  `id` bigint(20) NOT NULL AUTO_INCREMENT COMMENT '主键ID',
  `create_time` datetime DEFAULT NULL COMMENT '创建时间',
  `update_time` datetime DEFAULT NULL COMMENT '更新时间',
  `user_id` bigint(20) DEFAULT NULL COMMENT '创建用户ID',
  `name` varchar(50) COLLATE utf8_unicode_ci DEFAULT NULL COMMENT '品牌名称',
  PRIMARY KEY (`id`)
) ENGINE=MyISAM AUTO_INCREMENT=12 DEFAULT CHARSET=utf8 COLLATE=utf8_unicode_ci;

-- 正在导出表  wcg_mall_plus.product_brand 的数据：2 rows
/*!40000 ALTER TABLE `product_brand` DISABLE KEYS */;
INSERT INTO `product_brand` (`id`, `create_time`, `update_time`, `user_id`, `name`) VALUES
	(8, '2025-11-11 11:54:18', '2025-11-11 11:56:41', 1848, '故宫博物馆'),
	(11, '2025-11-11 11:54:18', '2025-11-11 11:56:41', 1848, '韋设计');
/*!40000 ALTER TABLE `product_brand` ENABLE KEYS */;

-- 导出  表 wcg_mall_plus.product_category 结构
CREATE TABLE IF NOT EXISTS `product_category` (
  `id` bigint(20) NOT NULL AUTO_INCREMENT COMMENT '主键ID',
  `create_time` datetime DEFAULT NULL COMMENT '创建时间',
  `update_time` datetime DEFAULT NULL COMMENT '更新时间',
  `user_id` bigint(20) DEFAULT NULL COMMENT '创建用户ID',
  `name` varchar(50) COLLATE utf8_unicode_ci DEFAULT NULL COMMENT '分类名称',
  PRIMARY KEY (`id`)
) ENGINE=MyISAM AUTO_INCREMENT=27 DEFAULT CHARSET=utf8 COLLATE=utf8_unicode_ci;

-- 正在导出表  wcg_mall_plus.product_category 的数据：4 rows
/*!40000 ALTER TABLE `product_category` DISABLE KEYS */;
INSERT INTO `product_category` (`id`, `create_time`, `update_time`, `user_id`, `name`) VALUES
	(14, '2025-11-11 13:41:14', NULL, NULL, '首饰/手串'),
	(15, '2025-11-11 13:41:20', NULL, NULL, '瓶/壶/盘'),
	(16, '2025-11-11 13:41:24', NULL, NULL, '摆件'),
	(17, '2025-11-11 13:41:28', NULL, NULL, '工具');
/*!40000 ALTER TABLE `product_category` ENABLE KEYS */;

-- 导出  表 wcg_mall_plus.product_order 结构
CREATE TABLE IF NOT EXISTS `product_order` (
  `id` bigint(20) NOT NULL AUTO_INCREMENT COMMENT '主键ID',
  `order_number` varchar(50) COLLATE utf8_unicode_ci DEFAULT NULL COMMENT '订单编号',
  `status` int(11) DEFAULT NULL COMMENT '订单状态 0待付款 1待发货 2待收货 3待评价 4已完成 5已取消 6已退款 7部分收货',
  `user_id` bigint(20) DEFAULT NULL COMMENT '用户ID',
  `consignee` varchar(50) COLLATE utf8_unicode_ci DEFAULT NULL COMMENT '收货人姓名',
  `consignee_address` varchar(50) COLLATE utf8_unicode_ci DEFAULT NULL COMMENT '收货地址',
  `consignee_phone` varchar(11) COLLATE utf8_unicode_ci DEFAULT NULL COMMENT '收货人电话',
  `email` varchar(20) COLLATE utf8_unicode_ci DEFAULT NULL COMMENT '邮箱',
  `pay_method` varchar(50) COLLATE utf8_unicode_ci DEFAULT NULL COMMENT '支付方式',
  `pay_status` int(11) DEFAULT NULL COMMENT '支付状态 0未支付 1已支付 2退款',
  `amount` decimal(10,2) DEFAULT NULL COMMENT '订单金额',
  `order_time` datetime DEFAULT NULL COMMENT '下单时间',
  `checkout_time` datetime DEFAULT NULL COMMENT '结账时间',
  `create_time` datetime DEFAULT NULL COMMENT '创建时间',
  `update_time` datetime DEFAULT NULL COMMENT '更新时间',
  PRIMARY KEY (`id`)
) ENGINE=MyISAM AUTO_INCREMENT=262 DEFAULT CHARSET=utf8 COLLATE=utf8_unicode_ci;

-- 正在导出表  wcg_mall_plus.product_order 的数据：2 rows
/*!40000 ALTER TABLE `product_order` DISABLE KEYS */;
INSERT INTO `product_order` (`id`, `order_number`, `status`, `user_id`, `consignee`, `consignee_address`, `consignee_phone`, `email`, `pay_method`, `pay_status`, `amount`, `order_time`, `checkout_time`, `create_time`, `update_time`) VALUES
	(260, '17658656032451853', 3, 1853, '韋', '重庆市涪陵区白涛街道', '18223354992', 'hn8m6yiit9s@gmail.pm', '支付宝', 1, 298.00, '2025-12-16 14:13:23', '2025-12-16 14:13:50', '2025-12-16 14:13:23', '2025-12-16 14:14:49'),
	(261, '17658658775731853', 4, 1853, '韋', '重庆市涪陵区白涛街道', '18223354992', 'hn8m6yiit9s@gmail.pm', '支付宝', 1, 199.00, '2025-12-16 14:17:58', '2025-12-16 14:18:32', '2025-12-16 14:17:58', '2025-12-16 14:18:57');
/*!40000 ALTER TABLE `product_order` ENABLE KEYS */;

-- 导出  表 wcg_mall_plus.product_review 结构
CREATE TABLE IF NOT EXISTS `product_review` (
  `id` bigint(20) NOT NULL AUTO_INCREMENT COMMENT '评价ID',
  `order_number` varchar(50) COLLATE utf8mb4_unicode_ci NOT NULL COMMENT '订单编号',
  `product_id` bigint(20) NOT NULL COMMENT '商品ID',
  `user_id` bigint(20) NOT NULL COMMENT '评价用户ID',
  `product_score` tinyint(1) NOT NULL COMMENT '商品评分 1-5分',
  `logistics_score` tinyint(1) NOT NULL COMMENT '物流评分 1-5分',
  `merchant_score` tinyint(1) NOT NULL COMMENT '商家评分 1-5分',
  `content` text COLLATE utf8mb4_unicode_ci COMMENT '评价内容(Markdown格式)',
  `images` text COLLATE utf8mb4_unicode_ci COMMENT '评价图片URL，多个用逗号隔开',
  `parent_review_id` bigint(20) DEFAULT NULL COMMENT '父评价ID(回复时使用)',
  `root_review_id` bigint(20) DEFAULT NULL COMMENT '根评价ID(树形结构)',
  `create_time` datetime DEFAULT CURRENT_TIMESTAMP COMMENT '创建时间',
  `update_time` datetime DEFAULT CURRENT_TIMESTAMP ON UPDATE CURRENT_TIMESTAMP COMMENT '更新时间',
  `is_admin` tinyint(1) DEFAULT '0' COMMENT '是否管理员回复: 0-用户, 1-管理员',
  `admin_id` bigint(20) DEFAULT NULL COMMENT '管理员ID(当is_admin=1时)',
  PRIMARY KEY (`id`),
  KEY `idx_order_number` (`order_number`),
  KEY `idx_product_id` (`product_id`),
  KEY `idx_user_id` (`user_id`),
  KEY `idx_root_review_id` (`root_review_id`),
  KEY `idx_product_review_is_admin` (`is_admin`),
  KEY `idx_product_review_product_id` (`product_id`),
  KEY `idx_product_review_create_time` (`create_time`)
) ENGINE=InnoDB AUTO_INCREMENT=11 DEFAULT CHARSET=utf8mb4 COLLATE=utf8mb4_unicode_ci COMMENT='商品评价表';

-- 正在导出表  wcg_mall_plus.product_review 的数据：~5 rows (大约)
INSERT INTO `product_review` (`id`, `order_number`, `product_id`, `user_id`, `product_score`, `logistics_score`, `merchant_score`, `content`, `images`, `parent_review_id`, `root_review_id`, `create_time`, `update_time`, `is_admin`, `admin_id`) VALUES
	(1, '17649042913111853', 64, 1853, 2, 2, 2, '垃圾😀😀😀', '', NULL, 1, '2025-12-16 14:01:47', '2025-12-16 14:01:47', 0, NULL),
	(2, '17648162642691853', 69, 1853, 5, 5, 5, '可以', '', NULL, 2, '2025-12-16 14:05:07', '2025-12-16 14:05:07', 0, NULL),
	(4, '17658656032451853', 66, 1853, 5, 5, 5, '可以', 'https://web-framework-cwj.oss-cn-chengdu.aliyuncs.com/wcgmall-plus/file/20251216/product-review/70_avatar.png', NULL, 4, '2025-12-16 14:15:38', '2025-12-16 15:26:27', 0, NULL),
	(8, '17658658775731853', 67, 1853, 5, 5, 5, '还不错', 'https://web-framework-cwj.oss-cn-chengdu.aliyuncs.com/wcgmall-plus/file/20251216/product-review/00_712e7176-e8f4-41d9-aae6-4df781011933.png', NULL, 8, '2025-12-16 14:41:03', '2025-12-16 14:41:03', 0, NULL),
	(9, '17658658775731853', 67, 1848, 0, 0, 0, '感谢', '', 8, 8, '2025-12-16 15:11:23', '2025-12-16 15:11:23', 1, 1848);

-- 导出  表 wcg_mall_plus.shopping_cart 结构
CREATE TABLE IF NOT EXISTS `shopping_cart` (
  `id` bigint(20) NOT NULL AUTO_INCREMENT COMMENT '主键ID',
  `product_id` bigint(20) DEFAULT NULL COMMENT '商品ID',
  `user_id` bigint(20) DEFAULT NULL COMMENT '用户ID',
  `number` int(11) DEFAULT NULL COMMENT '商品数量',
  `create_time` datetime DEFAULT NULL COMMENT '创建时间',
  `update_time` datetime DEFAULT NULL COMMENT '更新时间',
  PRIMARY KEY (`id`)
) ENGINE=MyISAM AUTO_INCREMENT=254 DEFAULT CHARSET=utf8 COLLATE=utf8_unicode_ci;

-- 正在导出表  wcg_mall_plus.shopping_cart 的数据：5 rows
/*!40000 ALTER TABLE `shopping_cart` DISABLE KEYS */;
INSERT INTO `shopping_cart` (`id`, `product_id`, `user_id`, `number`, `create_time`, `update_time`) VALUES
	(224, 61, 1848, 1, '2025-11-18 13:58:36', '2025-11-18 16:53:41'),
	(225, 64, 1848, 1, '2025-11-18 15:13:15', NULL),
	(226, 63, 1848, 2, '2025-11-18 15:15:32', '2025-11-18 15:15:32'),
	(247, 63, 1853, 1, '2025-12-04 11:16:51', NULL),
	(249, 63, 1858, 1, '2025-12-04 15:24:27', NULL);
/*!40000 ALTER TABLE `shopping_cart` ENABLE KEYS */;

-- 导出  表 wcg_mall_plus.shop_slider 结构
CREATE TABLE IF NOT EXISTS `shop_slider` (
  `id` bigint(20) NOT NULL AUTO_INCREMENT COMMENT '主键ID',
  `url` varchar(255) COLLATE utf8_unicode_ci NOT NULL DEFAULT '0' COMMENT '轮播图URL',
  `create_time` datetime DEFAULT NULL COMMENT '创建时间',
  `update_time` datetime DEFAULT NULL COMMENT '更新时间',
  PRIMARY KEY (`id`)
) ENGINE=MyISAM AUTO_INCREMENT=6 DEFAULT CHARSET=utf8 COLLATE=utf8_unicode_ci;

-- 正在导出表  wcg_mall_plus.shop_slider 的数据：2 rows
/*!40000 ALTER TABLE `shop_slider` DISABLE KEYS */;
INSERT INTO `shop_slider` (`id`, `url`, `create_time`, `update_time`) VALUES
	(4, 'http://127.0.0.1:8080/localFile/20251112/shopSlider-image/48_0908fab0-a978-4001-93e2-2dba0eb48182.png', '2025-11-12 10:26:40', NULL),
	(5, 'http://127.0.0.1:8080/localFile/20251112/shopSlider-image/66_712e7176-e8f4-41d9-aae6-4df781011933.png', '2025-11-12 10:26:51', NULL);
/*!40000 ALTER TABLE `shop_slider` ENABLE KEYS */;

-- 导出  表 wcg_mall_plus.sys_config 结构
CREATE TABLE IF NOT EXISTS `sys_config` (
  `id` bigint(20) NOT NULL AUTO_INCREMENT COMMENT '参数主键',
  `config_name` varchar(100) DEFAULT '' COMMENT '参数名称',
  `config_key` varchar(100) DEFAULT '' COMMENT '参数键名',
  `config_value` varchar(500) DEFAULT '' COMMENT '参数键值',
  `config_type` varchar(4) DEFAULT 'N' COMMENT '系统内置（Y是 N否）',
  `create_time` datetime DEFAULT NULL COMMENT '创建时间',
  `update_time` datetime DEFAULT NULL COMMENT '更新时间',
  `remark` varchar(1000) DEFAULT NULL COMMENT '备注',
  PRIMARY KEY (`id`) USING BTREE
) ENGINE=InnoDB AUTO_INCREMENT=4 DEFAULT CHARSET=utf8mb4 COMMENT='参数配置表';

-- 正在导出表  wcg_mall_plus.sys_config 的数据：~3 rows (大约)
INSERT INTO `sys_config` (`id`, `config_name`, `config_key`, `config_value`, `config_type`, `create_time`, `update_time`, `remark`) VALUES
	(1, '是否开启滑块验证码', 'slider_verify_switch', 'Y', 'Y', '2025-11-03 15:37:48', '2025-11-03 15:37:48', 'Y：开启；N：关闭'),
	(2, '第三方登录模式', 'social_login_mode', 'juhe', 'Y', NULL, '2025-12-11 17:30:22', 'juhe: 聚合登录; oauth2: OAuth2登录'),
	(3, '第三方登录开关', 'social_login_enabled', 'Y', 'Y', NULL, '2025-12-11 17:30:22', 'Y: 开启; N: 关闭');

-- 导出  表 wcg_mall_plus.sys_dict 结构
CREATE TABLE IF NOT EXISTS `sys_dict` (
  `id` bigint(20) NOT NULL AUTO_INCREMENT COMMENT '主键',
  `name` varchar(255) DEFAULT NULL COMMENT '字典名称',
  `type` varchar(100) NOT NULL COMMENT '字典类型',
  `status` int(11) NOT NULL DEFAULT '1' COMMENT '是否发布(1:是，0:否)',
  `remark` varchar(255) DEFAULT NULL COMMENT '备注',
  `create_time` datetime NOT NULL DEFAULT CURRENT_TIMESTAMP COMMENT '创建时间',
  `update_time` datetime NOT NULL DEFAULT CURRENT_TIMESTAMP COMMENT '修改时间',
  `sort` int(11) DEFAULT '0' COMMENT '排序',
  PRIMARY KEY (`id`) USING BTREE
) ENGINE=InnoDB AUTO_INCREMENT=4 DEFAULT CHARSET=utf8mb4 ROW_FORMAT=DYNAMIC COMMENT='字典表';

-- 正在导出表  wcg_mall_plus.sys_dict 的数据：~2 rows (大约)
INSERT INTO `sys_dict` (`id`, `name`, `type`, `status`, `remark`, `create_time`, `update_time`, `sort`) VALUES
	(1, '存储平台', 'sys_file_oss', 1, '', '2025-11-03 14:32:39', '2025-11-03 14:32:38', 0),
	(2, '文件类型', 'sys_file_type', 1, '', '2025-11-03 14:36:39', '2025-11-03 14:36:38', 0),
	(3, '用户端登录方式', 'login_type', 1, '', '2025-12-04 14:23:40', '2025-12-04 14:23:40', 0);

-- 导出  表 wcg_mall_plus.sys_dict_data 结构
CREATE TABLE IF NOT EXISTS `sys_dict_data` (
  `id` bigint(20) NOT NULL AUTO_INCREMENT COMMENT '主键',
  `dict_id` bigint(20) NOT NULL COMMENT '字典类型id',
  `label` varchar(100) NOT NULL COMMENT '字典标签',
  `value` varchar(100) NOT NULL COMMENT '字典键值',
  `style` varchar(50) DEFAULT NULL COMMENT '回显样式',
  `is_default` varchar(10) DEFAULT '0' COMMENT '是否默认（1是 0否）',
  `sort` int(11) DEFAULT NULL COMMENT '排序',
  `remark` varchar(100) DEFAULT NULL COMMENT '备注',
  `status` int(11) DEFAULT '1',
  PRIMARY KEY (`id`) USING BTREE
) ENGINE=InnoDB AUTO_INCREMENT=21 DEFAULT CHARSET=utf8mb4 ROW_FORMAT=DYNAMIC COMMENT='字典数据表';

-- 正在导出表  wcg_mall_plus.sys_dict_data 的数据：~17 rows (大约)
INSERT INTO `sys_dict_data` (`id`, `dict_id`, `label`, `value`, `style`, `is_default`, `sort`, `remark`, `status`) VALUES
	(1, 1, '本地', 'local', 'primary', '0', 1, '', 1),
	(2, 1, '阿里云', 'ali', 'success', '0', 2, '', 1),
	(3, 2, 'png', 'png', 'primary', '0', 1, '', 1),
	(4, 2, 'jpg', 'jpg', 'success', '0', 2, '', 1),
	(5, 2, 'jpeg', 'jpeg', 'info', '0', 3, '', 1),
	(6, 2, 'gif', 'gif', 'warning', '0', 4, '', 1),
	(7, 2, 'mp4', 'mp4', 'danger', '0', 5, '', 1),
	(8, 1, '七牛云', 'qiniu', 'info', '0', 3, '', 1),
	(9, 3, 'qq', '1', 'primary', '0', 1, '', 1),
	(10, 3, 'wechat', '2', 'primary', '0', 2, '', 1),
	(11, 3, 'alipay', '3', 'primary', '0', 3, '', 0),
	(12, 3, 'weibo', '4', 'primary', '0', 4, '', 0),
	(13, 3, 'baidu', '5', 'primary', '0', 5, '', 0),
	(14, 3, 'huawei', '6', 'primary', '0', 6, '', 0),
	(15, 3, 'xiaomi', '7', 'primary', '0', 7, '', 0),
	(16, 3, 'microsoft', '8', 'primary', '0', 8, '', 0),
	(17, 3, 'dingding', '9', 'primary', '0', 9, '', 0),
	(18, 3, 'gitee', '10', 'primary', '0', 10, '', 1),
	(19, 3, 'github', '11', 'primary', '0', 11, '', 1),
	(20, 3, 'douyin', '12', 'primary', '0', 12, '', 0);

-- 导出  表 wcg_mall_plus.sys_file_oss 结构
CREATE TABLE IF NOT EXISTS `sys_file_oss` (
  `id` bigint(20) NOT NULL AUTO_INCREMENT COMMENT '主键',
  `domain` varchar(255) NOT NULL COMMENT '访问域名',
  `access_key` varchar(255) DEFAULT NULL COMMENT 'access-key',
  `secret_key` varchar(255) DEFAULT NULL COMMENT 'secret-key',
  `bucket` varchar(255) DEFAULT NULL COMMENT '空间名',
  `endpoint` varchar(255) DEFAULT NULL COMMENT '地域节点',
  `base_path` varchar(255) DEFAULT NULL COMMENT '存储基础路径',
  `platform` varchar(64) DEFAULT NULL COMMENT '存储类型',
  `is_enable` int(11) DEFAULT NULL COMMENT '是否启用存储',
  `storage_path` varchar(255) DEFAULT NULL COMMENT '本地存储路径',
  `enable_access` int(11) DEFAULT NULL COMMENT '本地启用访问',
  `path_patterns` varchar(64) DEFAULT NULL COMMENT '本地访问路径',
  `region` varchar(64) DEFAULT NULL COMMENT '仓库所在地域',
  `create_time` datetime DEFAULT NULL COMMENT '创建时间',
  PRIMARY KEY (`id`) USING BTREE
) ENGINE=InnoDB AUTO_INCREMENT=3 DEFAULT CHARSET=utf8mb4 COMMENT='存储平台';

-- 正在导出表  wcg_mall_plus.sys_file_oss 的数据：~0 rows (大约)
INSERT INTO `sys_file_oss` (`id`, `domain`, `access_key`, `secret_key`, `bucket`, `endpoint`, `base_path`, `platform`, `is_enable`, `storage_path`, `enable_access`, `path_patterns`, `region`, `create_time`) VALUES
	(1, 'http://127.0.0.1:8080/localFile/', '', '', '', NULL, '', 'local', 0, 'D:/river-files/', 1, 'localFile/**', NULL, '2025-02-14 10:52:33');
	

-- 导出  表 wcg_mall_plus.sys_job 结构
CREATE TABLE IF NOT EXISTS `sys_job` (
  `job_id` bigint(20) NOT NULL AUTO_INCREMENT COMMENT '任务ID',
  `job_name` varchar(64) NOT NULL COMMENT '任务名称',
  `job_group` varchar(64) NOT NULL COMMENT '任务组名',
  `invoke_target` varchar(500) NOT NULL COMMENT '调用目标字符串',
  `cron_expression` varchar(255) NOT NULL COMMENT 'cron执行表达式',
  `misfire_policy` varchar(20) DEFAULT '3' COMMENT '计划执行错误策略（1立即执行 2执行一次 3放弃执行）',
  `concurrent` char(1) DEFAULT '1' COMMENT '是否并发执行（0允许 1禁止）',
  `status` char(1) DEFAULT '0' COMMENT '状态（0正常 1暂停）',
  `create_time` datetime DEFAULT NULL COMMENT '创建时间',
  `update_time` datetime DEFAULT NULL COMMENT '更新时间',
  `remark` varchar(500) DEFAULT NULL COMMENT '备注信息',
  PRIMARY KEY (`job_id`) USING BTREE
) ENGINE=InnoDB AUTO_INCREMENT=4 DEFAULT CHARSET=utf8mb4 ROW_FORMAT=DYNAMIC COMMENT='定时任务调度表';

-- 正在导出表  wcg_mall_plus.sys_job 的数据：~3 rows (大约)
INSERT INTO `sys_job` (`job_id`, `job_name`, `job_group`, `invoke_target`, `cron_expression`, `misfire_policy`, `concurrent`, `status`, `create_time`, `update_time`, `remark`) VALUES
	(1, '系统默认（无参）', 'DEFAULT', 'task.runNoParams', '* * * * * ? *', '3', '1', '1', '2024-11-17 12:39:45', '2024-11-18 17:26:59', ''),
	(2, '系统默认（有参）', 'DEFAULT', 'task.runParams(\'river\')', '0/15 * * * * ?', '3', '1', '1', '2024-11-17 12:39:45', '2024-11-17 12:39:45', ''),
	(3, '系统默认（多参）', 'DEFAULT', 'task.runMultipleParams(\'river\', true, 2000L, 316.50D, 100)', '0/20 * * * * ?', '3', '1', '1', '2024-11-17 12:39:45', '2024-11-18 09:27:22', '');

-- 导出  表 wcg_mall_plus.sys_job_log 结构
CREATE TABLE IF NOT EXISTS `sys_job_log` (
  `id` bigint(20) NOT NULL AUTO_INCREMENT COMMENT '任务日志ID',
  `job_id` bigint(20) NOT NULL COMMENT '任务ID',
  `job_name` varchar(64) NOT NULL COMMENT '任务名称',
  `job_group` varchar(64) NOT NULL COMMENT '任务组名',
  `invoke_target` varchar(500) NOT NULL COMMENT '调用目标字符串',
  `job_message` varchar(500) DEFAULT NULL COMMENT '日志信息',
  `status` char(1) DEFAULT '0' COMMENT '执行状态（0正常 1失败）',
  `exception_info` varchar(2000) DEFAULT '' COMMENT '异常信息',
  `create_time` datetime DEFAULT NULL COMMENT '创建时间',
  `start_time` datetime DEFAULT NULL COMMENT '开始时间',
  `stop_time` datetime DEFAULT NULL COMMENT '结束时间',
  PRIMARY KEY (`id`) USING BTREE
) ENGINE=InnoDB AUTO_INCREMENT=17 DEFAULT CHARSET=utf8mb4 ROW_FORMAT=DYNAMIC COMMENT='定时任务调度日志表';

-- 正在导出表  wcg_mall_plus.sys_job_log 的数据：~9 rows (大约)
INSERT INTO `sys_job_log` (`id`, `job_id`, `job_name`, `job_group`, `invoke_target`, `job_message`, `status`, `exception_info`, `create_time`, `start_time`, `stop_time`) VALUES
	(8, 1, '系统默认（无参）', 'DEFAULT', 'task.neatNoParams', '系统默认（无参） 总共耗时：-3毫秒', '1', 'java.lang.NoSuchMethodException: com.river.quartz.TaskQuartz.neatNoParams()\r\n	at java.base/java.lang.Class.getDeclaredMethod(Class.java:2675)\r\n	at com.river.utils.JobInvokeUtils.invokeMethod(JobInvokeUtils.java:58)\r\n	at com.river.utils.JobInvokeUtils.invokeMethod(JobInvokeUtils.java:31)\r\n	at com.river.quartz.QuartzDisallowConcurrentExecution.doExecute(QuartzDisallowConcurrentExecution.java:15)\r\n	at com.river.quartz.AbstractQuartzJob.execute(AbstractQuartzJob.java:39)\r\n	at org.quartz.core.JobRunShell.run(JobRunShell.java:202)\r\n	at org.quartz.simpl.SimpleThreadPool$WorkerThread.run(SimpleThreadPool.java:573)\r\n', '2025-10-31 16:11:59', '2025-10-31 16:11:59', '2025-10-31 16:11:59'),
	(9, 1, '系统默认（无参）', 'DEFAULT', 'task.runNoParams', '系统默认（无参） 总共耗时：-1毫秒', '0', '', '2025-10-31 16:12:41', '2025-10-31 16:12:41', '2025-10-31 16:12:41'),
	(10, 2, '系统默认（有参）', 'DEFAULT', 'task.runtParams(\'river\')', '系统默认（有参） 总共耗时：-5毫秒', '1', 'java.lang.NoSuchMethodException: com.river.quartz.TaskQuartz.runtParams(java.lang.String)\r\n	at java.base/java.lang.Class.getDeclaredMethod(Class.java:2675)\r\n	at com.river.utils.JobInvokeUtils.invokeMethod(JobInvokeUtils.java:53)\r\n	at com.river.utils.JobInvokeUtils.invokeMethod(JobInvokeUtils.java:31)\r\n	at com.river.quartz.QuartzDisallowConcurrentExecution.doExecute(QuartzDisallowConcurrentExecution.java:15)\r\n	at com.river.quartz.AbstractQuartzJob.execute(AbstractQuartzJob.java:39)\r\n	at org.quartz.core.JobRunShell.run(JobRunShell.java:202)\r\n	at org.quartz.simpl.SimpleThreadPool$WorkerThread.run(SimpleThreadPool.java:573)\r\n', '2025-10-31 16:12:47', '2025-10-31 16:12:47', '2025-10-31 16:12:47'),
	(11, 2, '系统默认（有参）', 'DEFAULT', 'task.runtParams(\'"river\'")', '系统默认（有参） 总共耗时：0毫秒', '1', 'java.lang.NoSuchMethodException: com.river.quartz.TaskQuartz.runtParams(java.lang.String)\r\n	at java.base/java.lang.Class.getDeclaredMethod(Class.java:2675)\r\n	at com.river.utils.JobInvokeUtils.invokeMethod(JobInvokeUtils.java:53)\r\n	at com.river.utils.JobInvokeUtils.invokeMethod(JobInvokeUtils.java:31)\r\n	at com.river.quartz.QuartzDisallowConcurrentExecution.doExecute(QuartzDisallowConcurrentExecution.java:15)\r\n	at com.river.quartz.AbstractQuartzJob.execute(AbstractQuartzJob.java:39)\r\n	at org.quartz.core.JobRunShell.run(JobRunShell.java:202)\r\n	at org.quartz.simpl.SimpleThreadPool$WorkerThread.run(SimpleThreadPool.java:573)\r\n', '2025-10-31 16:13:19', '2025-10-31 16:13:19', '2025-10-31 16:13:19'),
	(12, 2, '系统默认（有参）', 'DEFAULT', 'task.runtParams(\'"river\'")', '系统默认（有参） 总共耗时：-7毫秒', '1', 'java.lang.NoSuchMethodException: com.river.quartz.TaskQuartz.runtParams(java.lang.String)\r\n	at java.base/java.lang.Class.getDeclaredMethod(Class.java:2675)\r\n	at com.river.utils.JobInvokeUtils.invokeMethod(JobInvokeUtils.java:53)\r\n	at com.river.utils.JobInvokeUtils.invokeMethod(JobInvokeUtils.java:31)\r\n	at com.river.quartz.QuartzDisallowConcurrentExecution.doExecute(QuartzDisallowConcurrentExecution.java:15)\r\n	at com.river.quartz.AbstractQuartzJob.execute(AbstractQuartzJob.java:39)\r\n	at org.quartz.core.JobRunShell.run(JobRunShell.java:202)\r\n	at org.quartz.simpl.SimpleThreadPool$WorkerThread.run(SimpleThreadPool.java:573)\r\n', '2025-10-31 16:19:29', '2025-10-31 16:19:29', '2025-10-31 16:19:29'),
	(13, 2, '系统默认（有参）', 'DEFAULT', 'task.runtParams("river")', '系统默认（有参） 总共耗时：0毫秒', '1', 'java.lang.NumberFormatException: For input string: ""river""\r\n	at java.base/java.lang.NumberFormatException.forInputString(NumberFormatException.java:67)\r\n	at java.base/java.lang.Integer.parseInt(Integer.java:654)\r\n	at java.base/java.lang.Integer.valueOf(Integer.java:999)\r\n	at com.river.utils.JobInvokeUtils.getMethodParams(JobInvokeUtils.java:138)\r\n	at com.river.utils.JobInvokeUtils.invokeMethod(JobInvokeUtils.java:26)\r\n	at com.river.quartz.QuartzDisallowConcurrentExecution.doExecute(QuartzDisallowConcurrentExecution.java:15)\r\n	at com.river.quartz.AbstractQuartzJob.execute(AbstractQuartzJob.java:39)\r\n	at org.quartz.core.JobRunShell.run(JobRunShell.java:202)\r\n	at org.quartz.simpl.SimpleThreadPool$WorkerThread.run(SimpleThreadPool.java:573)\r\n', '2025-10-31 16:20:19', '2025-10-31 16:20:19', '2025-10-31 16:20:19'),
	(14, 2, '系统默认（有参）', 'DEFAULT', 'task.runtParams(\'river\')', '系统默认（有参） 总共耗时：0毫秒', '1', 'java.lang.NoSuchMethodException: com.river.quartz.TaskQuartz.runtParams(java.lang.String)\r\n	at java.base/java.lang.Class.getDeclaredMethod(Class.java:2675)\r\n	at com.river.utils.JobInvokeUtils.invokeMethod(JobInvokeUtils.java:53)\r\n	at com.river.utils.JobInvokeUtils.invokeMethod(JobInvokeUtils.java:31)\r\n	at com.river.quartz.QuartzDisallowConcurrentExecution.doExecute(QuartzDisallowConcurrentExecution.java:15)\r\n	at com.river.quartz.AbstractQuartzJob.execute(AbstractQuartzJob.java:39)\r\n	at org.quartz.core.JobRunShell.run(JobRunShell.java:202)\r\n	at org.quartz.simpl.SimpleThreadPool$WorkerThread.run(SimpleThreadPool.java:573)\r\n', '2025-10-31 16:21:02', '2025-10-31 16:21:02', '2025-10-31 16:21:02'),
	(15, 2, '系统默认（有参）', 'DEFAULT', 'task.runParams(\'river\')', '系统默认（有参） 总共耗时：-2毫秒', '0', '', '2025-10-31 16:23:33', '2025-10-31 16:23:33', '2025-10-31 16:23:33'),
	(16, 3, '系统默认（多参）', 'DEFAULT', 'task.runMultipleParams(\'river\', true, 2000L, 316.50D, 100)', '系统默认（多参） 总共耗时：0毫秒', '0', '', '2025-10-31 16:23:40', '2025-10-31 16:23:40', '2025-10-31 16:23:40');

-- 导出  表 wcg_mall_plus.sys_menu 结构
CREATE TABLE IF NOT EXISTS `sys_menu` (
  `id` int(11) NOT NULL AUTO_INCREMENT COMMENT '主键',
  `parent_id` varchar(32) DEFAULT NULL COMMENT '上级资源ID',
  `path` varchar(255) DEFAULT NULL COMMENT '路由路径',
  `component` varchar(255) DEFAULT NULL COMMENT '组件路径',
  `title` varchar(100) DEFAULT NULL COMMENT '菜单名称',
  `sort` int(11) DEFAULT '0' COMMENT '排序',
  `icon` varchar(32) DEFAULT NULL COMMENT '资源图标',
  `type` varchar(32) DEFAULT NULL COMMENT '类型 menu、button',
  `create_time` datetime DEFAULT NULL COMMENT '创建时间',
  `update_time` datetime DEFAULT NULL COMMENT '更新时间',
  `redirect` varchar(255) DEFAULT NULL COMMENT '重定向地址',
  `name` varchar(255) DEFAULT NULL COMMENT '跳转地址',
  `hidden` int(11) DEFAULT NULL COMMENT '是否隐藏',
  `perm` varchar(255) DEFAULT NULL COMMENT '权限标识',
  `is_external` int(11) DEFAULT '0' COMMENT '是否外链 0:否  1:是',
  PRIMARY KEY (`id`) USING BTREE
) ENGINE=InnoDB AUTO_INCREMENT=203 DEFAULT CHARSET=utf8 ROW_FORMAT=DYNAMIC COMMENT='权限资源表 ';

-- 正在导出表  wcg_mall_plus.sys_menu 的数据：~110 rows (大约)
INSERT INTO `sys_menu` (`id`, `parent_id`, `path`, `component`, `title`, `sort`, `icon`, `type`, `create_time`, `update_time`, `redirect`, `name`, `hidden`, `perm`, `is_external`) VALUES
	(1, '0', '/system', 'Layout', '系统管理', 6, 'Setting', 'CATALOG', '2019-03-28 18:51:08', '2021-12-17 15:26:06', '/system/user', '', 0, NULL, 0),
	(2, '1', 'role', '/system/role/index', '角色管理', 2, 'Avatar', 'MENU', '2019-03-30 14:00:03', '2021-11-16 15:40:42', '', '', 0, NULL, 0),
	(3, '2', NULL, NULL, '角色列表', 1, '', 'BUTTON', NULL, '2024-11-18 17:56:16', '', NULL, 1, 'system:role', 0),
	(4, '0', '/monitor', 'Layout', '监控中心', 7, 'Monitor', 'CATALOG', NULL, '2024-11-17 21:38:25', '/monitor/server', '', 0, NULL, 0),
	(7, '6', '', '', '新增', 1, '', 'BUTTON', NULL, '2024-11-16 14:18:24', NULL, '', 1, 'a:b:add', 0),
	(8, '2', '', '', '新增角色', 1, '', 'BUTTON', NULL, '2024-11-21 22:16:56', NULL, '', 1, 'sys:role:add', 0),
	(9, '1', 'dict', '/system/dict/index', '字典管理', 3, 'Memo', 'MENU', '2024-11-17 21:29:51', '2024-11-17 21:39:06', NULL, '', 0, NULL, 0),
	(10, '9', '', '', '新增字典', 1, '', 'BUTTON', '2024-11-17 21:30:23', NULL, NULL, '', 1, 'sys:dict:add', 0),
	(11, '9', '', '', '修改字典', 2, '', 'BUTTON', '2024-11-17 21:32:34', '2024-11-18 18:01:35', NULL, '', 1, 'sys:dict:update', 0),
	(12, '9', '', '', '删除字典', 3, '', 'BUTTON', '2024-11-17 21:34:33', '2024-11-17 21:39:11', NULL, '', 1, 'sys:dict:delete', 0),
	(13, '1', 'menu', '/system/menu/index', '菜单管理', 5, 'Menu', 'MENU', NULL, '2021-11-18 11:26:00', '', 'menu', 0, NULL, 0),
	(14, '1', 'user', '/system/user/index', '用户管理', 1, 'User', 'MENU', '2024-11-18 01:10:52', '2024-11-18 01:11:13', NULL, '', 0, '', 0),
	(16, '4', 'server', '/monitor/server/index', '服务监控', 1, 'Crop', 'MENU', '2024-11-18 01:18:12', '2024-11-18 01:20:27', NULL, '', 0, '', 0),
	(17, '4', 'cache', '/monitor/cache/index', '缓存监控', 2, 'Coin', 'MENU', '2024-11-18 06:56:49', NULL, NULL, '', 0, '', 0),
	(18, '4', 'job', '/monitor/job/index', '定时任务', 3, 'AlarmClock', 'MENU', '2024-11-18 06:57:38', NULL, NULL, '', 0, '', 0),
	(19, '4', 'job-log', '/monitor/job/log', '任务调度日志', 4, 'Document', 'MENU', '2024-11-18 06:58:43', '2024-11-18 06:58:55', NULL, '', 0, '', 0),
	(27, '14', '', '', '新增用户', 2, '', 'BUTTON', '2024-11-18 09:18:14', '2024-11-21 22:15:30', NULL, '', 1, 'sys:user:add', 0),
	(28, '14', '', '', '编辑用户', 2, '', 'BUTTON', '2024-11-18 09:18:38', '2024-11-21 14:38:56', NULL, '', 1, 'sys:user:update', 0),
	(29, '14', '', '', '删除用户', 3, '', 'BUTTON', '2024-11-18 09:18:53', '2024-11-21 22:15:43', NULL, '', 1, 'sys:user:delete', 0),
	(30, '0', '/tool', 'Layout', '系统工具', 8, 'Suitcase', 'CATALOG', '2024-11-18 09:21:10', '2024-11-18 12:23:55', '/tool/gen', '', 0, '', 0),
	(31, '30', 'gen', '/tool/gen/index', '代码生成', 1, 'Compass', 'MENU', '2024-11-18 09:21:52', NULL, NULL, '', 0, '', 0),
	(32, '1', 'log', '', '日志管理', 5, 'DocumentCopy', 'MENU', '2024-11-18 10:52:47', '2024-11-18 10:58:00', '/system/log/operation', '', 0, '', 0),
	(33, '32', 'operation', '/system/log/operation/index', '操作日志', 1, 'CircleCheckFilled', 'MENU', '2024-11-18 10:53:10', '2024-11-18 11:05:22', NULL, '', 0, '', 0),
	(39, '14', '', '', '用户列表', 1, '', 'BUTTON', '2024-11-18 17:54:15', '2024-11-21 22:07:33', '', '', 1, 'sys:user', 0),
	(40, '2', '', '', '修改角色', 2, '', 'BUTTON', '2024-11-18 17:56:10', '2024-11-21 22:04:52', '', '', 1, 'sys:role:update', 0),
	(41, '2', '', '', '删除角色', 3, '', 'BUTTON', '2024-11-18 17:56:34', '2024-11-21 22:17:17', '', NULL, 1, 'sys:role:delete', 0),
	(43, '2', '', '', '分配权限', 5, '', 'BUTTON', '2024-11-18 17:57:28', NULL, '', NULL, 1, 'sys:role:menus', 0),
	(44, '9', '', '', '批量删除', 4, '', 'BUTTON', '2024-11-18 17:58:16', '2024-11-21 22:07:06', '', '', 1, 'sys:dict:deleteBatch', 0),
	(48, '13', '', '', '添加菜单', 1, '', 'BUTTON', '2024-11-18 17:56:58', NULL, '', NULL, 1, 'sys:menu:add', 0),
	(49, '13', '', '', '修改菜单', 2, '', 'BUTTON', '2024-11-18 17:56:58', NULL, '', NULL, 1, 'sys:menu:update', 0),
	(50, '13', '', '', '删除菜单', 3, '', 'BUTTON', '2024-11-21 21:55:49', NULL, '', '', 1, 'sys:menu:delete', 0),
	(51, '13', '', '', '菜单列表', 1, '', 'BUTTON', '2024-11-21 21:58:29', NULL, '', '', 1, 'sys:menu', 0),
	(52, '14', '', '', '重置密码', 5, '', 'BUTTON', '2024-11-21 22:00:30', NULL, '', '', 1, 'sys:user:reset', 0),
	(53, '9', '', '', '字典列表', 1, '', 'BUTTON', '2024-11-18 17:58:16', NULL, '', '', 1, 'sys:dict', 0),
	(54, '1', 'profile', '/system/user/profile/index', '个人中心', 99, 'Avatar', 'MENU', '2024-11-21 22:12:18', '2024-11-21 22:12:46', '', '', 1, '', 0),
	(55, '33', '', '', '操作日志列表', 1, '', 'BUTTON', '2024-11-18 10:53:10', '2024-11-18 11:05:22', '', '', 1, 'sys:operateLog', 0),
	(56, '33', '', '', '删除操作日志', 2, '', 'BUTTON', '2024-11-18 10:53:10', '2024-11-18 11:05:22', '', '', 1, 'sys:operateLog:delete', 0),
	(58, '18', '', '', '定时任务列表', 3, '', 'BUTTON', '2024-11-18 17:56:58', '2024-11-21 22:04:42', '', NULL, 1, 'sys:job', 0),
	(59, '18', '', '', '添加定时任务', 2, '', 'BUTTON', '2024-11-18 17:56:58', '2024-11-21 22:04:42', '', NULL, 1, 'sys:job:add', 0),
	(60, '18', '', '', '修改定时任务', 1, '', 'BUTTON', '2024-11-18 17:56:58', '2024-11-21 22:04:42', '', NULL, 1, 'sys:job:update', 0),
	(61, '18', '', '', '删除定时任务', 4, '', 'BUTTON', '2024-11-18 17:56:58', '2024-11-21 22:04:42', '', NULL, 1, 'sys:job:delete', 0),
	(62, '18', '', '', '修改任务状态', 1, '', 'BUTTON', '2024-11-18 17:56:58', '2024-11-21 22:04:42', '', NULL, 0, 'sys:job:changeStatus', 0),
	(63, '19', '', '', '删除定时任务日志', 1, '', 'BUTTON', '2024-11-21 22:26:56', '2025-08-22 17:38:15', '', '', 0, 'sys:jobLog:delete', 0),
	(64, '19', '', '', '清空定时任务日志', 2, '', 'BUTTON', '2024-11-21 22:27:09', '2025-08-22 17:38:22', '', '', 0, 'sys:jobLog:clean', 0),
	(65, '18', '', '', '批量删除定时任务', 1, '', 'BUTTON', '2024-11-21 22:37:01', '2024-11-21 22:38:05', '', '', 1, 'sys:job:deleteBatch', 0),
	(66, '19', '', '', '定时任务日志列表', 1, '', 'BUTTON', '2024-11-21 23:09:47', '2025-08-22 17:38:19', '', '', 0, 'sys:jobLog', 0),
	(67, '4', 'online', '/monitor/online/index', '在线用户', 4, 'Avatar', 'MENU', '2024-12-03 12:40:41', NULL, '', '', 0, '', 0),
	(94, '17', '', '', '清空缓存', 2, '', 'BUTTON', '2024-12-28 22:22:54', '2025-08-22 17:36:39', '', '', 0, 'monitor:cache', 0),
	(95, '17', '', '', '缓存信息', 1, '', 'BUTTON', '2024-12-28 22:23:36', '2025-08-22 17:36:06', '', '', 0, 'monitor:cache:info', 0),
	(101, '1', 'socialConfig', '/system/socialConfig/index', '第三方登录配置', 7, 'Connection', 'MENU', '2025-12-11 17:24:23', '2025-12-11 17:24:23', '', '', 0, '', 0),
	(104, '67', '', '', '列表', 1, '', 'BUTTON', '2025-01-03 15:53:46', '2025-08-22 17:38:33', '', '', 0, 'monitor:online:list', 0),
	(105, '67', '', '', '强退', 2, '', 'BUTTON', '2025-01-03 15:54:03', '2025-08-22 17:38:37', '', '', 0, 'monitor:online:forceLogout', 0),
	(128, '1', '/file', '/system/file/index', '文件管理', 6, 'Folder', 'MENU', '2025-02-13 16:01:54', NULL, '', '', 0, '', 0),
	(129, '128', '', '', '列表', 1, '', 'BUTTON', '2025-02-13 17:04:56', NULL, '', '', 1, 'sys:file:list', 0),
	(130, '128', '', '', '删除', 2, '', 'BUTTON', '2025-02-13 17:05:09', NULL, '', '', 1, 'sys:file:delete', 0),
	(131, '128', '', '', '保存oss配置', 2, '', 'BUTTON', '2025-02-13 17:05:09', NULL, '', '', 1, 'sys:oss:submit', 0),
	(136, '1', '/config', '/system/config/index', '参数管理', 4, 'Film', 'MENU', '2025-03-19 15:56:07', NULL, '', '', 0, '', 0),
	(137, '136', '', '', '列表', 1, '', 'BUTTON', '2025-03-19 16:55:57', NULL, '', '', 1, 'sys:config:list', 0),
	(138, '136', '', '', '添加', 2, '', 'BUTTON', '2025-03-19 16:56:09', NULL, '', '', 1, 'sys:config:add', 0),
	(139, '136', '', '', '修改', 3, '', 'BUTTON', '2025-03-19 16:56:20', NULL, '', '', 1, 'sys:config:update', 0),
	(140, '136', '', '', '删除', 4, '', 'BUTTON', '2025-03-19 16:56:34', NULL, '', '', 1, 'sys:config:delete', 0),
	(142, '0', '/blog', 'Layout', '博客管理', 2, 'ChatLineRound', 'CATALOG', '2025-11-07 11:10:56', NULL, 'Layout', '', 0, '', 0),
	(143, '142', 'blog', '/blog/index', '博客管理', 1, 'Document', 'MENU', '2024-11-18 01:10:52', '2024-11-18 01:11:13', '', '', 0, '', 0),
	(144, '0', '/product', 'Layout', '商品管理', 4, 'ShoppingCart', 'CATALOG', '2025-11-10 10:05:34', '2025-11-10 10:05:45', 'Layout', '', 0, '', 0),
	(145, '144', 'product', '/product/index', '商品管理', 1, 'Goods', 'MENU', '2025-11-10 10:06:52', '2025-11-10 10:07:03', '', '', 0, '', 0),
	(146, '145', '', '', '商品列表', 1, '', 'BUTTON', '2025-11-11 11:33:11', '2025-11-11 11:34:25', '', '', 1, 'sys:product', 0),
	(147, '145', '', '', '新增商品', 2, '', 'BUTTON', '2025-11-11 11:34:15', '2025-11-11 11:35:30', '', '', 1, 'sys:product:add', 0),
	(148, '145', '', '', '编辑商品', 3, '', 'BUTTON', '2025-11-11 11:33:11', '2025-11-11 11:35:32', '', '', 1, 'sys:product:update', 0),
	(149, '145', '', '', '删除商品', 4, '', 'BUTTON', '2025-11-11 11:33:11', '2025-11-11 11:35:36', '', '', 1, 'sys:product:delete', 0),
	(150, '144', 'brand', '/brand/index', '品牌管理', 2, 'Flag', 'MENU', '2025-11-11 11:36:46', '2025-11-11 11:37:35', '', '', 0, '', 0),
	(151, '150', '', '', '品牌列表', 1, '', 'BUTTON', '2025-11-11 11:36:46', NULL, '', '', 1, 'sys:brand', 0),
	(152, '150', '', '', '新增品牌', 2, '', 'BUTTON', '2025-11-11 11:36:46', '2025-11-11 11:38:27', '', '', 1, 'sys:brand:add', 0),
	(153, '150', '', '', '编辑品牌', 3, '', 'BUTTON', '2025-11-11 11:36:46', NULL, '', '', 1, 'sys:brand:update', 0),
	(154, '150', '', '', '删除品牌', 4, '', 'BUTTON', '2025-11-11 11:36:46', NULL, '', '', 1, 'sys:brand:delete', 0),
	(155, '144', 'category', '/category/index', '分类管理', 3, 'Fries', 'MENU', '2025-11-11 11:36:46', NULL, '', '', 0, '', 0),
	(156, '155', '', '', '分类列表', 1, '', 'BUTTON', '2025-11-11 11:36:46', NULL, '', '', 1, 'sys:category', 0),
	(157, '155', '', '', '新增分类', 2, '', 'BUTTON', '2025-11-11 11:36:46', NULL, '', '', 1, 'sys:category:add', 0),
	(158, '155', '', '', '编辑分类', 3, '', 'BUTTON', '2025-11-11 11:36:46', NULL, '', '', 1, 'sys:category:update', 0),
	(159, '155', '', '', '删除分类', 4, '', 'BUTTON', '2025-11-11 11:36:46', NULL, '', '', 1, 'sys:category:delete', 0),
	(160, '145', '', '', '上架下架', 5, '', 'BUTTON', '2025-11-11 16:32:52', NULL, '', '', 1, 'sys:product:status', 0),
	(161, '143', '', '', '博客列表', 1, '', 'BUTTON', '2025-11-11 17:01:52', NULL, '', '', 1, 'sys:blog', 0),
	(162, '143', '', '', '新增博客', 2, '', 'BUTTON', '2025-11-11 17:02:09', NULL, '', '', 1, 'sys:blog:add', 0),
	(163, '143', '', '', '编辑博客', 3, '', 'BUTTON', '2025-11-11 17:02:30', NULL, '', '', 1, 'sys:blog:update', 0),
	(164, '143', '', '', '删除博客', 4, '', 'BUTTON', '2025-11-11 17:02:48', NULL, '', '', 1, 'sys:blog:delete', 0),
	(165, '143', '', '', '发布博客', 5, '', 'BUTTON', '2025-11-11 17:27:17', NULL, '', '', 1, 'sys:blog:status', 0),
	(166, '0', '/comments', 'Layout', '评价管理', 3, 'ChatDotSquare', 'CATALOG', '2025-11-12 09:31:53', '2025-11-12 09:32:08', '', '', 0, '', 0),
	(167, '166', 'comments', '/comments/index', '评论管理', 1, 'ChatDotSquare', 'MENU', '2025-11-12 09:31:53', '2025-11-12 09:34:08', '', '', 0, '', 0),
	(168, '167', '', '', '评论列表', 1, '', 'BUTTON', '2025-11-12 09:31:53', '2025-11-12 09:34:35', '', '', 1, 'sys:comments', 0),
	(169, '167', '', '', '新增评论', 2, '', 'BUTTON', '2025-11-12 09:31:53', NULL, '', '', 1, 'sys:comments:add', 0),
	(170, '167', '', '', '编辑评论', 3, '', 'BUTTON', '2025-11-12 09:31:53', NULL, '', '', 1, 'sys:comments:update', 0),
	(171, '167', '', '', '删除评论', 4, '', 'BUTTON', '2025-11-12 09:31:53', NULL, '', '', 1, 'sys:comments:delete', 0),
	(172, '0', '/order', 'Layout', '订单管理', 5, 'Checked', 'CATALOG', '2024-11-18 09:21:10', '2024-11-18 12:23:55', '', '', 0, '', 0),
	(173, '172', 'order', '/order/index', '订单管理', 1, 'CircleCheck', 'MENU', '2024-11-18 09:21:10', '2024-11-18 12:23:55', '', '', 0, '', 0),
	(174, '173', '', '', '订单列表', 1, '', 'BUTTON', '2024-11-18 09:21:10', '2024-11-18 12:23:55', '', '', 1, 'sys:order', 0),
	(175, '0', '/slider', 'Layout', '轮播图管理', 1, 'FullScreen', 'CATALOG', '2024-11-18 09:21:10', '2024-11-18 12:23:55', '', '', 0, '', 0),
	(176, '175', 'indexSlider', '/slider/indexSlider/index', '首页轮播图管理', 1, 'View', 'MENU', '2024-11-18 09:21:10', '2024-11-18 12:23:55', '', '', 0, '', 0),
	(177, '175', 'shopSlider', '/slider/shopSlider/index', '商品轮播图', 2, 'VideoPlay', 'MENU', '2024-11-18 09:21:10', '2024-11-18 12:23:55', '', '', 1, '', 0),
	(178, '145', '', '', '添加官方收藏', 6, '', 'BUTTON', '2025-11-12 11:31:24', NULL, '', '', 1, 'sys:officialCollection:add', 0),
	(179, '145', '', '', '删除官方收藏', 7, '', 'BUTTON', '2025-11-12 11:31:38', NULL, '', '', 1, 'sys:officialCollection:delete', 0),
	(180, '176', '', '', '首页轮播图列表', 1, '', 'BUTTON', '2025-12-05 16:49:00', NULL, '', '', 1, 'sys:indexSlider', 0),
	(181, '176', '', '', '添加首页轮播图', 2, '', 'BUTTON', '2025-12-05 16:49:19', NULL, '', '', 1, 'sys:indexSlider:add', 0),
	(182, '176', '', '', '编辑首页轮播图', 3, '', 'BUTTON', '2024-11-18 09:21:10', '2024-11-18 12:23:55', '', '', 1, 'sys:indexSlider:update', 0),
	(183, '176', '', '', '删除首页轮播图', 4, '', 'BUTTON', '2024-11-18 09:21:10', '2024-11-18 12:23:55', '', '', 1, 'sys:indexSlider:delete', 0),
	(184, '177', '', '', '添加商品页轮播图', 1, '', 'BUTTON', '2024-11-18 09:21:10', '2024-11-18 12:23:55', '', '', 1, 'sys:shopSlider:add', 0),
	(185, '177', '', '', '编辑商品轮播图', 2, '', 'BUTTON', '2024-11-18 09:21:10', '2024-11-18 12:23:55', '', '', 1, 'sys:shopSlider:update', 0),
	(186, '177', '', '', '删除', 3, '', 'BUTTON', '2024-11-18 09:21:10', '2024-11-18 12:23:55', '', '', 1, 'sys:shopSlider:delete', 0),
	(187, '173', '', '', '添加', 2, '', 'BUTTON', '2024-11-18 09:21:10', '2024-11-18 12:23:55', '', '', 1, 'sys:order:add', 0),
	(188, '173', '', '', '修改', 3, '', 'BUTTON', '2024-11-18 09:21:10', '2024-11-18 12:23:55', '', '', 1, 'sys:order:update', 0),
	(189, '173', '', '', '删除', 4, '', 'BUTTON', '2024-11-18 09:21:10', '2024-11-18 12:23:55', '', '', 1, 'sys:order:delete', 0),
	(190, '173', '', '', '发货', 5, '', 'BUTTON', '2024-11-18 09:21:10', '2024-11-18 12:23:55', '', '', 1, 'sys:logistics:ship', 0),
	(191, '54', '', '', '修改密码', 1, '', 'BUTTON', '2024-11-18 09:21:10', '2024-11-18 12:23:55', '', '', 1, 'sys:user:updatePwd', 0),
	(192, '18', '', '', '执行', 5, '', 'BUTTON', '2024-11-18 09:21:10', '2024-11-18 12:23:55', '', '', 1, 'sys:job:run', 0),
	(193, '101', '', '', '查询', 1, '', 'BUTTON', '2025-12-11 17:28:09', NULL, '', '', 1, 'sys:socialConfig:list', 0),
	(194, '101', '', '', '新增', 2, '', 'BUTTON', '2025-12-11 17:28:23', NULL, '', '', 1, 'sys:socialConfig:add', 0),
	(195, '101', '', '', '修改', 3, '', 'BUTTON', '2025-12-11 17:24:23', '2025-12-11 17:24:23', '', '', 1, 'sys:socialConfig:update', 0),
	(196, '101', '', '', '删除', 4, '', 'BUTTON', '2025-12-11 17:24:23', '2025-12-11 17:24:23', '', '', 1, 'sys:socialConfig:delete', 0),
	(198, '1', 'site', '/system/siteConfig/index', '网站配置', 1, 'Cloudy', 'MENU', '2024-11-18 09:21:10', '2024-11-18 12:23:55', '', '', 0, '', 0),
	(199, '198', '', '', '修改网站配置', 1, '', 'BUTTON', '2025-12-12 10:27:06', NULL, '', '', 1, 'sys:siteConfig:update', 0),
	(200, '166', 'review', '/review/index', '商品评价管理', 2, 'Camera', 'MENU', '2025-11-12 09:31:53', '2025-11-12 09:32:08', '', '', 0, '', 0),
	(201, '200', '', '', '管理员回复评价', 1, '', 'BUTTON', '2025-12-16 15:08:07', NULL, '', '', 1, 'sys:review:reply', 0),
	(202, '200', '', '', '删除评价', 2, '', 'BUTTON', '2025-11-12 09:31:53', '2025-11-12 09:32:08', '', '', 1, 'sys:review:delete', 0);

-- 导出  表 wcg_mall_plus.sys_operate_log 结构
CREATE TABLE IF NOT EXISTS `sys_operate_log` (
  `id` bigint(20) NOT NULL AUTO_INCREMENT COMMENT '主键ID',
  `username` varchar(255) DEFAULT NULL COMMENT '操作用户',
  `request_url` varchar(255) DEFAULT NULL COMMENT '请求接口',
  `type` varchar(255) DEFAULT NULL COMMENT '请求方式',
  `operation_name` varchar(255) DEFAULT NULL COMMENT '操作名称',
  `ip` varchar(255) DEFAULT NULL COMMENT 'ip',
  `source` varchar(255) DEFAULT NULL COMMENT 'ip来源',
  `spend_time` bigint(20) DEFAULT NULL COMMENT '请求接口耗时',
  `create_time` datetime DEFAULT CURRENT_TIMESTAMP COMMENT '创建时间',
  `params_json` mediumtext COMMENT '请求参数',
  `class_path` varchar(255) DEFAULT NULL COMMENT '类地址',
  `method_name` varchar(255) DEFAULT NULL COMMENT '方法名',
  PRIMARY KEY (`id`) USING BTREE
) ENGINE=InnoDB AUTO_INCREMENT=2685 DEFAULT CHARSET=utf8mb4 ROW_FORMAT=DYNAMIC;

-- 正在导出表  wcg_mall_plus.sys_operate_log 的数据：~308 rows (大约)
INSERT INTO `sys_operate_log` (`id`, `username`, `request_url`, `type`, `operation_name`, `ip`, `source`, `spend_time`, `create_time`, `params_json`, `class_path`, `method_name`) VALUES
	(2350, 'admin', '/sys/user/delete/1851', 'DELETE', '批量删除用户', '127.0.0.1', '内网IP|内网IP', 90, '2025-10-31 17:43:53', '{"ids":[1851]}', 'com.river.admin.controller.system.SysUserController', 'delete'),
	(2351, 'admin', '/sys/user/delete/1850', 'DELETE', '批量删除用户', '127.0.0.1', '内网IP|内网IP', 79, '2025-10-31 17:47:45', '{"ids":[1850]}', 'com.river.admin.controller.system.SysUserController', 'delete'),
	(2352, 'admin', '/sys/user', 'POST', '新增用户', '127.0.0.1', '内网IP|内网IP', 117, '2025-10-31 17:47:55', '{"sysUserAddDto":{"user":{"id":1852,"username":"test","password":"$2a$10$jPRcrn7GnCy/5anKL6oa7OIYdbrToMjEN.DFbwjL85cjnh90S9GQe","status":1,"nickname":"est","avatar":"https://api.dicebear.com/6.x/pixel-art/svg?seed=Raccoon","mobile":"","email":"","sex":0,"createTime":1761904075192},"roleIds":[14]}}', 'com.river.admin.controller.system.SysUserController', 'addUser'),
	(2353, 'admin', '/sys/user', 'PUT', '修改用户', '127.0.0.1', '内网IP|内网IP', 19, '2025-10-31 17:52:05', '{"user":{"user":{"id":1852,"username":"test","status":1,"lastLoginTime":1761904075000,"nickname":"test","avatar":"https://api.dicebear.com/6.x/pixel-art/svg?seed=Raccoon","mobile":"","email":"","sex":0,"createTime":1761904075000,"updateTime":1761904325387},"roleIds":[14]}}', 'com.river.admin.controller.system.SysUserController', 'update'),
	(2354, 'admin', '/sys/menu', 'PUT', '修改菜单', '127.0.0.1', '内网IP|内网IP', 19, '2025-11-03 09:36:54', '{"menu":{"id":68,"parentId":0,"path":"/article","component":"Layout","title":"文章管理","sort":1,"icon":"Document","type":"CATALOG","redirect":"/article/index","name":"","hidden":1,"isExternal":0,"perm":"","createTime":1734835762000,"updateTime":1734835777000,"children":[{"id":71,"parentId":68,"path":"index","component":"/article/article/index","title":"文章管理","sort":1,"icon":"DocumentRemove","type":"MENU","redirect":"","name":"","hidden":0,"isExternal":0,"perm":"","createTime":1735105647000,"children":[{"id":75,"parentId":71,"path":"","component":"","title":"文章列表","sort":1,"icon":"","type":"BUTTON","redirect":"","name":"","hidden":1,"isExternal":0,"perm":"sys:article:list","createTime":1735394544000},{"id":76,"parentId":71,"path":"","component":"","title":"新增文章","sort":2,"icon":"","type":"BUTTON","redirect":"","name":"","hidden":1,"isExternal":0,"perm":"sys:article:add","createTime":1735394544000},{"id":79,"parentId":71,"path":"","component":"","title":"删除文章","sort":2,"icon":"","type":"BUTTON","redirect":"","name":"","hidden":1,"isExternal":0,"perm":"sys:article:delete","createTime":1735394544000},{"id":77,"parentId":71,"path":"","component":"","title":"修改文章","sort":3,"icon":"","type":"BUTTON","redirect":"","name":"","hidden":1,"isExternal":0,"perm":"sys:article:update","createTime":1735394544000},{"id":78,"parentId":71,"path":"","component":"","title":"修改状态","sort":4,"icon":"","type":"BUTTON","redirect":"","name":"","hidden":1,"isExternal":0,"perm":"sys:article:updateStatus","createTime":1735394544000},{"id":103,"parentId":71,"path":"","component":"","title":"爬取文章","sort":6,"icon":"","type":"BUTTON","redirect":"","name":"","hidden":1,"isExternal":0,"perm":"sys:article:reptile","createTime":1735806893000}]},{"id":69,"parentId":68,"path":"tag","component":"/article/tag/index","title":"标签管理","sort":2,"icon":"PriceTag","type":"MENU","redirect":"","name":"","hidden":0,"isExternal":0,"perm":"","createTime":1734835762000,"updateTime":1734835777000,"children":[{"id":80,"parentId":69,"path":"","component":"","title":"标签列表","sort":1,"icon":"","type":"BUTTON","redirect":"","name":"","hidden":1,"isExternal":0,"perm":"sys:tag:list","createTime":1735394725000},{"id":81,"parentId":69,"path":"","component":"","title":"新增标签","sort":2,"icon":"","type":"BUTTON","redirect":"","name":"","hidden":1,"isExternal":0,"perm":"sys:tag:add","createTime":1735394759000},{"id":82,"parentId":69,"path":"","component":"","title":"修改标签","sort":3,"icon":"","type":"BUTTON","redirect":"","name":"","hidden":1,"isExternal":0,"perm":"sys:tag:update","createTime":1735394786000},{"id":83,"parentId":69,"path":"","component":"","title":"删除标签","sort":4,"icon":"","type":"BUTTON","redirect":"","name":"","hidden":1,"isExternal":0,"perm":"sys:tag:delete","createTime":1735394800000}]},{"id":70,"parentId":68,"path":"category","component":"/article/category/index","title":"分类管理","sort":2,"icon":"Dessert","type":"MENU","redirect":"","name":"","hidden":0,"isExternal":0,"perm":"","createTime":1734835762000,"updateTime":1734835777000,"children":[{"id":84,"parentId":70,"path":"","component":"","title":"分类列表","sort":1,"icon":"","type":"BUTTON","redirect":"","name":"","hidden":1,"isExternal":0,"perm":"sys:category:list","createTime":1735394847000},{"id":85,"parentId":70,"path":"","component":"","title":"新增分类","sort":2,"icon":"","type":"BUTTON","redirect":"","name":"","hidden":1,"isExternal":0,"perm":"sys:category:add","createTime":1735394860000},{"id":86,"parentId":70,"path":"","component":"","title":"修改分类","sort":3,"icon":"","type":"BUTTON","redirect":"","name":"","hidden":1,"isExternal":0,"perm":"sys:category:update","createTime":1735394878000},{"id":87,"parentId":70,"path":"","component":"","title":"删除分类","sort":4,"icon":"","type":"BUTTON","redirect":"","name":"","hidden":1,"isExternal":0,"perm":"sys:category:delete","createTime":1735394891000}]},{"id":110,"parentId":68,"path":"/moments","component":"/article/moment/index","title":"说说管理","sort":4,"icon":"ChatDotRound","type":"MENU","redirect":"","name":"","hidden":0,"isExternal":0,"perm":"","createTime":1738808542000,"children":[{"id":111,"parentId":110,"path":"","component":"","title":"新增","sort":1,"icon":"","type":"BUTTON","redirect":"","name":"","hidden":1,"isExternal":0,"perm":"sys:moment:add","createTime":1738809126000},{"id":112,"parentId":110,"path":"","component":"","title":"修改","sort":2,"icon":"","type":"BUTTON","redirect":"","name":"","hidden":1,"isExternal":0,"perm":"sys:moment:update","createTime":1738809140000},{"id":113,"parentId":110,"path":"","component":"","title":"删除","sort":3,"icon":"","type":"BUTTON","redirect":"","name":"","hidden":1,"isExternal":0,"perm":"sys:moment:delete","createTime":1738809157000}]}]}}', 'com.river.admin.controller.system.SysMenuController', 'updateMenu'),
	(2355, 'admin', '/sys/menu', 'PUT', '修改菜单', '127.0.0.1', '内网IP|内网IP', 8, '2025-11-03 09:37:20', '{"menu":{"id":72,"parentId":0,"path":"/site","component":"Layout","title":"站点管理","sort":2,"icon":"DeleteLocation","type":"CATALOG","redirect":"/site/config","name":"","hidden":1,"isExternal":0,"perm":"","createTime":1735114383000,"updateTime":1735114413000,"children":[{"id":74,"parentId":72,"path":"config","component":"/site/config/index","title":"网站配置","sort":1,"icon":"AddLocation","type":"MENU","redirect":"","name":"","hidden":0,"isExternal":0,"perm":"","createTime":1735115739000,"children":[{"id":88,"parentId":74,"path":"","component":"","title":"网站列表","sort":1,"icon":"","type":"BUTTON","redirect":"","name":"","hidden":1,"isExternal":0,"perm":"sys:web:config","createTime":1735394946000},{"id":89,"parentId":74,"path":"","component":"","title":"修改配置","sort":2,"icon":"","type":"BUTTON","redirect":"","name":"","hidden":1,"isExternal":0,"perm":"sys:web:update","createTime":1735394961000}]},{"id":114,"parentId":72,"path":"/album","component":"/site/album/index","title":"相册管理","sort":1,"icon":"CreditCard","type":"MENU","redirect":"","name":"","hidden":0,"isExternal":0,"perm":"","createTime":1738896591000,"updateTime":1738896623000,"children":[{"id":115,"parentId":114,"path":"","component":"","title":"列表","sort":1,"icon":"","type":"BUTTON","redirect":"","name":"","hidden":1,"isExternal":0,"perm":"sys:album:list","createTime":1738912130000},{"id":116,"parentId":114,"path":"","component":"","title":"新增","sort":2,"icon":"","type":"BUTTON","redirect":"","name":"","hidden":1,"isExternal":0,"perm":"sys:album:add","createTime":1738912143000},{"id":117,"parentId":114,"path":"","component":"","title":"修改","sort":3,"icon":"","type":"BUTTON","redirect":"","name":"","hidden":1,"isExternal":0,"perm":"sys:album:update","createTime":1738912170000},{"id":118,"parentId":114,"path":"","component":"","title":"删除","sort":4,"icon":"","type":"BUTTON","redirect":"","name":"","hidden":1,"isExternal":0,"perm":"sys:album:delete","createTime":1738912193000},{"id":119,"parentId":114,"path":"","component":"","title":"新增照片","sort":5,"icon":"","type":"BUTTON","redirect":"","name":"","hidden":1,"isExternal":0,"perm":"sys:photo:add","createTime":1738912239000},{"id":120,"parentId":114,"path":"","component":"","title":"修改照片","sort":6,"icon":"","type":"BUTTON","redirect":"","name":"","hidden":1,"isExternal":0,"perm":"sys:photo:update","createTime":1738912255000},{"id":121,"parentId":114,"path":"","component":"","title":"删除照片","sort":7,"icon":"","type":"BUTTON","redirect":"","name":"","hidden":1,"isExternal":0,"perm":"sys:photo:delete","createTime":1738912278000},{"id":122,"parentId":114,"path":"","component":"","title":"移动照片","sort":8,"icon":"","type":"BUTTON","redirect":"","name":"","hidden":1,"isExternal":0,"perm":"sys:photo:move","createTime":1738912298000}]},{"id":73,"parentId":72,"path":"friend","component":"/site/friend/index","title":"友链管理","sort":2,"icon":"ChromeFilled","type":"MENU","redirect":"","name":"","hidden":0,"isExternal":0,"perm":"","createTime":1735114644000,"children":[{"id":90,"parentId":73,"path":"","component":"","title":"友链列表","sort":1,"icon":"","type":"BUTTON","redirect":"","name":"","hidden":1,"isExternal":0,"perm":"sys:friend:list","createTime":1735395026000},{"id":91,"parentId":73,"path":"","component":"","title":"新增友链","sort":2,"icon":"","type":"BUTTON","redirect":"","name":"","hidden":1,"isExternal":0,"perm":"sys:friend:add","createTime":1735395041000},{"id":92,"parentId":73,"path":"","component":"","title":"修改友链","sort":3,"icon":"","type":"BUTTON","redirect":"","name":"","hidden":1,"isExternal":0,"perm":"sys:friend:update","createTime":1735395069000},{"id":93,"parentId":73,"path":"","component":"","title":"删除友链","sort":4,"icon":"","type":"BUTTON","redirect":"","name":"","hidden":1,"isExternal":0,"perm":"sys:friend:delete","createTime":1735395081000}]},{"id":123,"parentId":72,"path":"/notice","component":"/site/notice/index","title":"公告管理","sort":4,"icon":"AlarmClock","type":"MENU","redirect":"","name":"","hidden":0,"isExternal":0,"perm":"","createTime":1735114383000,"updateTime":1735114413000,"children":[{"id":124,"parentId":123,"path":"","component":"","title":"列表","sort":1,"icon":"","type":"BUTTON","redirect":"","name":"","hidden":1,"isExternal":0,"perm":"sys:notice:list","createTime":1739262747000},{"id":125,"parentId":123,"path":"","component":"","title":"新增","sort":2,"icon":"","type":"BUTTON","redirect":"","name":"","hidden":1,"isExternal":0,"perm":"sys:notice:add","createTime":1739262757000},{"id":126,"parentId":123,"path":"","component":"","title":"修改","sort":3,"icon":"","type":"BUTTON","redirect":"","name":"","hidden":0,"isExternal":0,"perm":"sys:notice:update","createTime":1739262769000},{"id":127,"parentId":123,"path":"","component":"","title":"删除","sort":4,"icon":"","type":"BUTTON","redirect":"","name":"","hidden":1,"isExternal":0,"perm":"sys:notice:delete","createTime":1739262781000}]},{"id":141,"parentId":72,"path":"/site/resource","component":"/system/resource/index","title":"资源管理","sort":5,"icon":"Cloudy","type":"MENU","redirect":"","name":"","hidden":0,"isExternal":0,"perm":"","createTime":1755050797000,"updateTime":1755051746000}]}}', 'com.river.admin.controller.system.SysMenuController', 'updateMenu'),
	(2356, 'admin', '/sys/menu', 'PUT', '修改菜单', '127.0.0.1', '内网IP|内网IP', 11, '2025-11-03 09:37:25', '{"menu":{"id":96,"parentId":0,"path":"/comment","component":"Layout","title":"消息管理","sort":3,"icon":"ChatDotSquare","type":"CATALOG","redirect":"","name":"","hidden":1,"isExternal":0,"perm":"","createTime":1735782546000,"updateTime":1762133845819,"children":[{"id":97,"parentId":96,"path":"comment","component":"/message/comment/index","title":"评论管理","sort":1,"icon":"ChatDotRound","type":"MENU","redirect":"","name":"","hidden":0,"isExternal":0,"perm":"","createTime":1734835762000,"updateTime":1734835777000,"children":[{"id":98,"parentId":97,"path":"","component":"","title":"评论列表","sort":1,"icon":"","type":"BUTTON","redirect":"","name":"","hidden":1,"isExternal":0,"perm":"sys:comment:list","createTime":1735783113000},{"id":99,"parentId":97,"path":"","component":"","title":"删除评论","sort":2,"icon":"","type":"BUTTON","redirect":"","name":"","hidden":1,"isExternal":0,"perm":"sys:comment:delete","createTime":1735783130000}]},{"id":100,"parentId":96,"path":"message","component":"/message/message/index","title":"留言管理","sort":2,"icon":"ChatLineSquare","type":"MENU","redirect":"","name":"","hidden":0,"isExternal":0,"perm":"","createTime":1735783624000,"children":[{"id":101,"parentId":100,"path":"","component":"","title":"留言列表","sort":1,"icon":"","type":"BUTTON","redirect":"","name":"","hidden":1,"isExternal":0,"perm":"sys:message:list","createTime":1735783934000},{"id":102,"parentId":100,"path":"","component":"","title":"删除留言","sort":2,"icon":"","type":"BUTTON","redirect":"","name":"","hidden":1,"isExternal":0,"perm":"sys:message:delete","createTime":1735784526000}]},{"id":106,"parentId":96,"path":"feedback","component":"/message/feedback/index","title":"反馈管理","sort":3,"icon":"Checked","type":"MENU","redirect":"","name":"","hidden":0,"isExternal":0,"perm":"","createTime":1736652203000,"children":[{"id":107,"parentId":106,"path":"","component":"","title":"列表","sort":1,"icon":"","type":"BUTTON","redirect":"","name":"","hidden":1,"isExternal":0,"perm":"sys:feedback:list","createTime":1736656248000,"updateTime":1736656311000},{"id":108,"parentId":106,"path":"","component":"","title":"修改","sort":2,"icon":"","type":"BUTTON","redirect":"","name":"","hidden":1,"isExternal":0,"perm":"sys:feedback:update","createTime":1736656260000,"updateTime":1736656315000},{"id":109,"parentId":106,"path":"","component":"","title":"删除","sort":3,"icon":"","type":"BUTTON","redirect":"","name":"","hidden":1,"isExternal":0,"perm":"sys:feedback:delete","createTime":1736656274000,"updateTime":1736656279000}]}]}}', 'com.river.admin.controller.system.SysMenuController', 'updateMenu'),
	(2357, 'admin', '/sys/menu', 'POST', '添加菜单', '127.0.0.1', '内网IP|内网IP', 19, '2025-11-03 14:10:32', '{"menu":{"id":142,"parentId":32,"path":"joblog","component":"Layout","title":"定时任务日志","sort":1,"icon":"Timer","type":"CATALOG","redirect":"/monitor/job/log","name":"","hidden":0,"isExternal":0,"perm":"","createTime":1731898390000,"updateTime":1731899122000,"children":[{"id":55,"parentId":33,"path":"","component":"","title":"操作日志列表","sort":1,"icon":"","type":"BUTTON","redirect":"","name":"","hidden":1,"isExternal":0,"perm":"sys:operateLog","createTime":1731898390000,"updateTime":1731899122000},{"id":56,"parentId":33,"path":"","component":"","title":"删除操作日志","sort":2,"icon":"","type":"BUTTON","redirect":"","name":"","hidden":1,"isExternal":0,"perm":"sys:operateLog:delete","createTime":1731898390000,"updateTime":1731899122000}]}}', 'com.river.admin.controller.system.SysMenuController', 'addMenu'),
	(2358, 'admin', '/sys/menu', 'PUT', '修改菜单', '127.0.0.1', '内网IP|内网IP', 6, '2025-11-03 14:12:11', '{"menu":{"id":142,"parentId":32,"path":"job-log","component":"Layout","title":"定时任务日志","sort":2,"icon":"Timer","type":"MENU","redirect":"/monitor/job/log","name":"","hidden":0,"isExternal":0,"perm":"","createTime":1731898390000,"updateTime":1731899122000}}', 'com.river.admin.controller.system.SysMenuController', 'updateMenu'),
	(2359, 'admin', '/sys/menu', 'PUT', '修改菜单', '127.0.0.1', '内网IP|内网IP', 6, '2025-11-03 14:13:29', '{"menu":{"id":142,"parentId":32,"path":"job-log","component":"/monitor/job/log","title":"定时任务日志","sort":2,"icon":"Timer","type":"MENU","redirect":"/monitor/job/log","name":"","hidden":0,"isExternal":0,"perm":"","createTime":1731898390000,"updateTime":1731899122000}}', 'com.river.admin.controller.system.SysMenuController', 'updateMenu'),
	(2360, 'admin', '/sys/menu/142', 'DELETE', '删除菜单', '127.0.0.1', '内网IP|内网IP', 8, '2025-11-03 14:14:24', '{"id":142}', 'com.river.admin.controller.system.SysMenuController', 'deleteMenu'),
	(2361, 'admin', '/sys/menu', 'PUT', '修改菜单', '127.0.0.1', '内网IP|内网IP', 4, '2025-11-03 14:14:35', '{"menu":{"id":19,"parentId":4,"path":"job-log","component":"/monitor/job/log","title":"调度日志","sort":4,"icon":"Document","type":"MENU","name":"","hidden":0,"isExternal":0,"perm":"","createTime":1731884323000,"updateTime":1731884335000,"children":[{"id":63,"parentId":19,"path":"","component":"","title":"删除定时任务日志","sort":1,"icon":"","type":"BUTTON","redirect":"","name":"","hidden":0,"isExternal":0,"perm":"sys:jobLog:delete","createTime":1732199216000,"updateTime":1755855495000},{"id":66,"parentId":19,"path":"","component":"","title":"定时任务日志列表","sort":1,"icon":"","type":"BUTTON","redirect":"","name":"","hidden":0,"isExternal":0,"perm":"sys:jobLog","createTime":1732201787000,"updateTime":1755855499000},{"id":64,"parentId":19,"path":"","component":"","title":"清空定时任务日志","sort":2,"icon":"","type":"BUTTON","redirect":"","name":"","hidden":0,"isExternal":0,"perm":"sys:jobLog:clean","createTime":1732199229000,"updateTime":1755855502000}]}}', 'com.river.admin.controller.system.SysMenuController', 'updateMenu'),
	(2362, 'admin', '/sys/dict/add', 'POST', '添加字典', '127.0.0.1', '内网IP|内网IP', 119, '2025-11-03 14:32:38', '{"dict":{"id":1,"name":"存储平台","type":"sys_file_oss","status":1,"remark":"","createTime":1762151558832}}', 'com.river.admin.controller.system.SysDictController', 'addDict'),
	(2363, 'admin', '/sys/dictData/add', 'POST', '新增字典数据', '127.0.0.1', '内网IP|内网IP', 6, '2025-11-03 14:33:19', '{"dictData":{"id":1,"dictId":1,"label":"本地","value":"local","style":"primary","sort":0,"remark":"","status":1}}', 'com.river.admin.controller.system.SysDictDataController', 'addDictData'),
	(2364, 'admin', '/sys/dictData/update', 'PUT', '修改字典数据', '127.0.0.1', '内网IP|内网IP', 5, '2025-11-03 14:33:26', '{"dictData":{"id":1,"dictId":1,"label":"本地","value":"local","style":"primary","isDefault":0,"sort":1,"remark":"","status":1}}', 'com.river.admin.controller.system.SysDictDataController', 'updateDictData'),
	(2365, 'admin', '/sys/dictData/add', 'POST', '新增字典数据', '127.0.0.1', '内网IP|内网IP', 4, '2025-11-03 14:33:43', '{"dictData":{"id":2,"dictId":1,"label":"阿里云","value":"ali","style":"success","isDefault":0,"sort":2,"remark":"","status":1}}', 'com.river.admin.controller.system.SysDictDataController', 'addDictData'),
	(2366, 'admin', '/sys/dict/add', 'POST', '添加字典', '127.0.0.1', '内网IP|内网IP', 95, '2025-11-03 14:36:38', '{"dict":{"id":2,"name":"文件类型","type":"sys_file_type","status":1,"remark":"","createTime":1762151798720}}', 'com.river.admin.controller.system.SysDictController', 'addDict'),
	(2367, 'admin', '/sys/dictData/add', 'POST', '新增字典数据', '127.0.0.1', '内网IP|内网IP', 5, '2025-11-03 14:36:57', '{"dictData":{"id":3,"dictId":2,"label":"png","value":"png","style":"primary","sort":1,"remark":"","status":1}}', 'com.river.admin.controller.system.SysDictDataController', 'addDictData'),
	(2368, 'admin', '/sys/dictData/add', 'POST', '新增字典数据', '127.0.0.1', '内网IP|内网IP', 5, '2025-11-03 14:37:06', '{"dictData":{"id":4,"dictId":2,"label":"jpg","value":"jpg","style":"success","sort":2,"remark":"","status":1}}', 'com.river.admin.controller.system.SysDictDataController', 'addDictData'),
	(2369, 'admin', '/sys/dictData/add', 'POST', '新增字典数据', '127.0.0.1', '内网IP|内网IP', 7, '2025-11-03 14:37:22', '{"dictData":{"id":5,"dictId":2,"label":"jpeg","value":"jpeg","style":"info","sort":3,"remark":"","status":1}}', 'com.river.admin.controller.system.SysDictDataController', 'addDictData'),
	(2370, 'admin', '/sys/dictData/add', 'POST', '新增字典数据', '127.0.0.1', '内网IP|内网IP', 10, '2025-11-03 14:37:38', '{"dictData":{"id":6,"dictId":2,"label":"gif","value":"gif","style":"warning","sort":4,"remark":"","status":1}}', 'com.river.admin.controller.system.SysDictDataController', 'addDictData'),
	(2371, 'admin', '/sys/dictData/add', 'POST', '新增字典数据', '127.0.0.1', '内网IP|内网IP', 4, '2025-11-03 14:37:59', '{"dictData":{"id":7,"dictId":2,"label":"mp4","value":"mp4","style":"danger","sort":5,"remark":"","status":1}}', 'com.river.admin.controller.system.SysDictDataController', 'addDictData'),
	(2372, 'admin', '/sys/dictData/add', 'POST', '新增字典数据', '127.0.0.1', '内网IP|内网IP', 125, '2025-11-03 15:33:21', '{"dictData":{"id":8,"dictId":1,"label":"七牛云","value":"qiniu","style":"info","sort":3,"remark":"","status":1}}', 'com.river.admin.controller.system.SysDictDataController', 'addDictData'),
	(2373, 'admin', '/sys/menu/68', 'DELETE', '删除菜单', '127.0.0.1', '内网IP|内网IP', 88, '2025-11-03 15:56:03', '{"id":68}', 'com.river.admin.controller.system.SysMenuController', 'deleteMenu'),
	(2374, 'admin', '/sys/menu/72', 'DELETE', '删除菜单', '127.0.0.1', '内网IP|内网IP', 16, '2025-11-03 15:56:13', '{"id":72}', 'com.river.admin.controller.system.SysMenuController', 'deleteMenu'),
	(2375, 'admin', '/sys/menu/96', 'DELETE', '删除菜单', '127.0.0.1', '内网IP|内网IP', 12, '2025-11-03 15:56:32', '{"id":96}', 'com.river.admin.controller.system.SysMenuController', 'deleteMenu'),
	(2376, 'admin', '/sys/menu/68', 'DELETE', '删除菜单', '127.0.0.1', '内网IP|内网IP', 98, '2025-11-03 16:00:57', '{"id":68}', 'com.river.admin.controller.system.SysMenuController', 'deleteMenu'),
	(2377, 'admin', '/sys/menu/68', 'DELETE', '删除菜单', '127.0.0.1', '内网IP|内网IP', 142, '2025-11-03 16:04:10', '{"id":68}', 'com.river.admin.controller.system.SysMenuController', 'deleteMenu'),
	(2378, 'admin', '/sys/menu/72', 'DELETE', '删除菜单', '127.0.0.1', '内网IP|内网IP', 47, '2025-11-03 16:04:26', '{"id":72}', 'com.river.admin.controller.system.SysMenuController', 'deleteMenu'),
	(2379, 'admin', '/sys/menu/96', 'DELETE', '删除菜单', '127.0.0.1', '内网IP|内网IP', 35, '2025-11-03 16:04:28', '{"id":96}', 'com.river.admin.controller.system.SysMenuController', 'deleteMenu'),
	(2380, 'admin', '/sys/menu', 'PUT', '修改菜单', '127.0.0.1', '内网IP|内网IP', 16, '2025-11-03 16:08:03', '{"menu":{"id":19,"parentId":4,"path":"job-log","component":"/monitor/job/log","title":"任务调度日志","sort":4,"icon":"Document","type":"MENU","name":"","hidden":1,"isExternal":0,"perm":"","createTime":1731884323000,"updateTime":1731884335000,"children":[{"id":63,"parentId":19,"path":"","component":"","title":"删除定时任务日志","sort":1,"icon":"","type":"BUTTON","redirect":"","name":"","hidden":0,"isExternal":0,"perm":"sys:jobLog:delete","createTime":1732199216000,"updateTime":1755855495000},{"id":66,"parentId":19,"path":"","component":"","title":"定时任务日志列表","sort":1,"icon":"","type":"BUTTON","redirect":"","name":"","hidden":0,"isExternal":0,"perm":"sys:jobLog","createTime":1732201787000,"updateTime":1755855499000},{"id":64,"parentId":19,"path":"","component":"","title":"清空定时任务日志","sort":2,"icon":"","type":"BUTTON","redirect":"","name":"","hidden":0,"isExternal":0,"perm":"sys:jobLog:clean","createTime":1732199229000,"updateTime":1755855502000}]}}', 'com.river.admin.controller.system.SysMenuController', 'updateMenu'),
	(2381, 'admin', '/sys/menu', 'PUT', '修改菜单', '127.0.0.1', '内网IP|内网IP', 11, '2025-11-03 16:08:07', '{"menu":{"id":19,"parentId":4,"path":"job-log","component":"/monitor/job/log","title":"任务调度日志","sort":4,"icon":"Document","type":"MENU","name":"","hidden":0,"isExternal":0,"perm":"","createTime":1731884323000,"updateTime":1731884335000,"children":[{"id":63,"parentId":19,"path":"","component":"","title":"删除定时任务日志","sort":1,"icon":"","type":"BUTTON","redirect":"","name":"","hidden":0,"isExternal":0,"perm":"sys:jobLog:delete","createTime":1732199216000,"updateTime":1755855495000},{"id":66,"parentId":19,"path":"","component":"","title":"定时任务日志列表","sort":1,"icon":"","type":"BUTTON","redirect":"","name":"","hidden":0,"isExternal":0,"perm":"sys:jobLog","createTime":1732201787000,"updateTime":1755855499000},{"id":64,"parentId":19,"path":"","component":"","title":"清空定时任务日志","sort":2,"icon":"","type":"BUTTON","redirect":"","name":"","hidden":0,"isExternal":0,"perm":"sys:jobLog:clean","createTime":1732199229000,"updateTime":1755855502000}]}}', 'com.river.admin.controller.system.SysMenuController', 'updateMenu'),
	(2382, 'admin', '/sys/menu', 'POST', '添加菜单', '127.0.0.1', '内网IP|内网IP', 106, '2025-11-07 11:10:56', '{"menu":{"id":142,"parentId":0,"path":"/blog","component":"Layout","title":"博客管理","sort":2,"icon":"ChatLineRound","type":"CATALOG","redirect":"Layout","name":"","hidden":0,"isExternal":0,"perm":"","createTime":1762485056473}}', 'com.river.controller.system.SysMenuController', 'addMenu'),
	(2383, 'admin', '/sys/menu', 'POST', '添加菜单', '127.0.0.1', '内网IP|内网IP', 10, '2025-11-07 11:12:24', '{"menu":{"id":143,"parentId":142,"path":"blog","component":"/blog/index","title":"博客管理","sort":1,"icon":"Document","type":"MENU","redirect":"","name":"","hidden":0,"isExternal":0,"perm":"","createTime":1731863452000,"updateTime":1731863473000,"children":[{"id":39,"parentId":14,"path":"","component":"","title":"用户列表","sort":1,"icon":"","type":"BUTTON","redirect":"","name":"","hidden":1,"isExternal":0,"perm":"sys:user","createTime":1731923655000,"updateTime":1732198053000},{"id":27,"parentId":14,"path":"","component":"","title":"新增用户","sort":2,"icon":"","type":"BUTTON","name":"","hidden":1,"isExternal":0,"perm":"sys:user:add","createTime":1731892694000,"updateTime":1732198530000},{"id":28,"parentId":14,"path":"","component":"","title":"编辑用户","sort":2,"icon":"","type":"BUTTON","name":"","hidden":1,"isExternal":0,"perm":"sys:user:update","createTime":1731892718000,"updateTime":1732171136000},{"id":29,"parentId":14,"path":"","component":"","title":"删除用户","sort":3,"icon":"","type":"BUTTON","name":"","hidden":1,"isExternal":0,"perm":"sys:user:delete","createTime":1731892733000,"updateTime":1732198543000},{"id":52,"parentId":14,"path":"","component":"","title":"重置密码","sort":5,"icon":"","type":"BUTTON","redirect":"","name":"","hidden":1,"isExternal":0,"perm":"sys:user:reset","createTime":1732197630000}]}}', 'com.river.controller.system.SysMenuController', 'addMenu'),
	(2384, 'admin', '/sys/menu', 'POST', '添加菜单', '127.0.0.1', '内网IP|内网IP', 23, '2025-11-10 10:05:33', '{"menu":{"id":144,"parentId":0,"path":"/product","component":"Layout","title":"商品管理","sort":3,"icon":"ShoppingCart","type":"CATALOG","redirect":"","name":"","hidden":0,"isExternal":0,"perm":"","createTime":1762740333937}}', 'com.river.controller.system.SysMenuController', 'addMenu'),
	(2385, 'admin', '/sys/menu', 'PUT', '修改菜单', '127.0.0.1', '内网IP|内网IP', 11, '2025-11-10 10:05:44', '{"menu":{"id":144,"parentId":0,"path":"/product","component":"Layout","title":"商品管理","sort":3,"icon":"ShoppingCart","type":"CATALOG","redirect":"Layout","name":"","hidden":0,"isExternal":0,"perm":"","createTime":1762740334000,"updateTime":1762740344821}}', 'com.river.controller.system.SysMenuController', 'updateMenu'),
	(2386, 'admin', '/sys/menu', 'POST', '添加菜单', '127.0.0.1', '内网IP|内网IP', 9, '2025-11-10 10:06:51', '{"menu":{"id":145,"parentId":144,"path":"/product","component":"/product/index","title":"商品管理","sort":1,"icon":"Goods","type":"MENU","redirect":"","name":"","hidden":0,"isExternal":0,"perm":"","createTime":1762740411830}}', 'com.river.controller.system.SysMenuController', 'addMenu'),
	(2387, 'admin', '/sys/menu', 'PUT', '修改菜单', '127.0.0.1', '内网IP|内网IP', 7, '2025-11-10 10:07:03', '{"menu":{"id":145,"parentId":144,"path":"product","component":"/product/index","title":"商品管理","sort":1,"icon":"Goods","type":"MENU","redirect":"","name":"","hidden":0,"isExternal":0,"perm":"","createTime":1762740412000,"updateTime":1762740423017}}', 'com.river.controller.system.SysMenuController', 'updateMenu'),
	(2388, 'admin', '/sys/menu', 'POST', '添加菜单', '127.0.0.1', '内网IP|内网IP', 102, '2025-11-11 11:33:11', '{"menu":{"id":146,"parentId":145,"path":"","component":"","title":"商品列表","sort":1,"icon":"","type":"BUTTON","redirect":"","name":"","hidden":0,"isExternal":0,"perm":"sys:product:list","createTime":1762831991299}}', 'com.river.controller.system.SysMenuController', 'addMenu'),
	(2389, 'admin', '/sys/menu', 'POST', '添加菜单', '127.0.0.1', '内网IP|内网IP', 10, '2025-11-11 11:34:15', '{"menu":{"id":147,"parentId":145,"path":"","component":"","title":"新增商品","sort":2,"icon":"","type":"BUTTON","redirect":"","name":"","hidden":0,"isExternal":0,"perm":"sys:product:add","createTime":1762832055472}}', 'com.river.controller.system.SysMenuController', 'addMenu'),
	(2390, 'admin', '/sys/menu', 'PUT', '修改菜单', '127.0.0.1', '内网IP|内网IP', 11, '2025-11-11 11:34:24', '{"menu":{"id":146,"parentId":145,"path":"","component":"","title":"商品列表","sort":1,"icon":"","type":"BUTTON","redirect":"","name":"","hidden":0,"isExternal":0,"perm":"sys:product","createTime":1762831991000,"updateTime":1762832064869}}', 'com.river.controller.system.SysMenuController', 'updateMenu'),
	(2391, 'admin', '/sys/menu', 'POST', '添加菜单', '127.0.0.1', '内网IP|内网IP', 8, '2025-11-11 11:34:53', '{"menu":{"id":148,"parentId":145,"path":"","component":"","title":"编辑商品","sort":3,"icon":"","type":"BUTTON","redirect":"","name":"","hidden":0,"isExternal":0,"perm":"sys:product:update","createTime":1762831991000}}', 'com.river.controller.system.SysMenuController', 'addMenu'),
	(2392, 'admin', '/sys/menu', 'POST', '添加菜单', '127.0.0.1', '内网IP|内网IP', 16, '2025-11-11 11:35:14', '{"menu":{"id":149,"parentId":145,"path":"","component":"","title":"删除商品","sort":4,"icon":"","type":"BUTTON","redirect":"","name":"","hidden":0,"isExternal":0,"perm":"sys:product:delete","createTime":1762831991000}}', 'com.river.controller.system.SysMenuController', 'addMenu'),
	(2393, 'admin', '/sys/menu', 'PUT', '修改菜单', '127.0.0.1', '内网IP|内网IP', 11, '2025-11-11 11:35:26', '{"menu":{"id":146,"parentId":145,"path":"","component":"","title":"商品列表","sort":1,"icon":"","type":"BUTTON","redirect":"","name":"","hidden":1,"isExternal":0,"perm":"sys:product","createTime":1762831991000,"updateTime":1762832065000}}', 'com.river.controller.system.SysMenuController', 'updateMenu'),
	(2394, 'admin', '/sys/menu', 'PUT', '修改菜单', '127.0.0.1', '内网IP|内网IP', 17, '2025-11-11 11:35:29', '{"menu":{"id":147,"parentId":145,"path":"","component":"","title":"新增商品","sort":2,"icon":"","type":"BUTTON","redirect":"","name":"","hidden":1,"isExternal":0,"perm":"sys:product:add","createTime":1762832055000,"updateTime":1762832129703}}', 'com.river.controller.system.SysMenuController', 'updateMenu'),
	(2395, 'admin', '/sys/menu', 'PUT', '修改菜单', '127.0.0.1', '内网IP|内网IP', 10, '2025-11-11 11:35:32', '{"menu":{"id":148,"parentId":145,"path":"","component":"","title":"编辑商品","sort":3,"icon":"","type":"BUTTON","redirect":"","name":"","hidden":1,"isExternal":0,"perm":"sys:product:update","createTime":1762831991000,"updateTime":1762832132338}}', 'com.river.controller.system.SysMenuController', 'updateMenu'),
	(2396, 'admin', '/sys/menu', 'PUT', '修改菜单', '127.0.0.1', '内网IP|内网IP', 6, '2025-11-11 11:35:35', '{"menu":{"id":149,"parentId":145,"path":"","component":"","title":"删除商品","sort":4,"icon":"","type":"BUTTON","redirect":"","name":"","hidden":1,"isExternal":0,"perm":"sys:product:delete","createTime":1762831991000,"updateTime":1762832135777}}', 'com.river.controller.system.SysMenuController', 'updateMenu'),
	(2397, 'admin', '/sys/menu', 'POST', '添加菜单', '127.0.0.1', '内网IP|内网IP', 8, '2025-11-11 11:36:46', '{"menu":{"id":150,"parentId":144,"path":"Layout","component":"Layout","title":"品牌管理","sort":2,"icon":"Flag","type":"CATALOG","redirect":"","name":"","hidden":0,"isExternal":0,"perm":"","createTime":1762832206281}}', 'com.river.controller.system.SysMenuController', 'addMenu'),
	(2398, 'admin', '/sys/menu', 'PUT', '修改菜单', '127.0.0.1', '内网IP|内网IP', 15, '2025-11-11 11:37:35', '{"menu":{"id":150,"parentId":144,"path":"brand","component":"brand/index","title":"品牌管理","sort":2,"icon":"Flag","type":"MENU","redirect":"","name":"","hidden":0,"isExternal":0,"perm":"","createTime":1762832206000,"updateTime":1762832255301}}', 'com.river.controller.system.SysMenuController', 'updateMenu'),
	(2399, 'admin', '/sys/menu', 'POST', '添加菜单', '127.0.0.1', '内网IP|内网IP', 10, '2025-11-11 11:38:01', '{"menu":{"id":151,"parentId":150,"path":"","component":"","title":"品牌列表","sort":1,"icon":"","type":"BUTTON","redirect":"","name":"","hidden":1,"isExternal":0,"perm":"sys:brand","createTime":1762832206000}}', 'com.river.controller.system.SysMenuController', 'addMenu'),
	(2400, 'admin', '/sys/menu', 'POST', '添加菜单', '127.0.0.1', '内网IP|内网IP', 12, '2025-11-11 11:38:22', '{"menu":{"id":152,"parentId":150,"path":"","component":"","title":"新增品牌","sort":2,"icon":"","type":"BUTTON","redirect":"","name":"","hidden":0,"isExternal":0,"perm":"sys:brand:add","createTime":1762832206000}}', 'com.river.controller.system.SysMenuController', 'addMenu'),
	(2401, 'admin', '/sys/menu', 'PUT', '修改菜单', '127.0.0.1', '内网IP|内网IP', 7, '2025-11-11 11:38:26', '{"menu":{"id":152,"parentId":150,"path":"","component":"","title":"新增品牌","sort":2,"icon":"","type":"BUTTON","redirect":"","name":"","hidden":1,"isExternal":0,"perm":"sys:brand:add","createTime":1762832206000,"updateTime":1762832306598}}', 'com.river.controller.system.SysMenuController', 'updateMenu'),
	(2402, 'admin', '/sys/menu', 'POST', '添加菜单', '127.0.0.1', '内网IP|内网IP', 6, '2025-11-11 11:38:44', '{"menu":{"id":153,"parentId":150,"path":"","component":"","title":"编辑品牌","sort":3,"icon":"","type":"BUTTON","redirect":"","name":"","hidden":1,"isExternal":0,"perm":"sys:brand:update","createTime":1762832206000}}', 'com.river.controller.system.SysMenuController', 'addMenu'),
	(2403, 'admin', '/sys/menu', 'POST', '添加菜单', '127.0.0.1', '内网IP|内网IP', 9, '2025-11-11 11:39:05', '{"menu":{"id":154,"parentId":150,"path":"","component":"","title":"删除品牌","sort":4,"icon":"","type":"BUTTON","redirect":"","name":"","hidden":1,"isExternal":0,"perm":"sys:brand:delete","createTime":1762832206000}}', 'com.river.controller.system.SysMenuController', 'addMenu'),
	(2404, 'admin', '/sys/menu', 'POST', '添加菜单', '127.0.0.1', '内网IP|内网IP', 7, '2025-11-11 11:40:20', '{"menu":{"id":155,"parentId":144,"path":"category","component":"/category/index","title":"分类管理","sort":3,"icon":"Fries","type":"MENU","redirect":"","name":"","hidden":0,"isExternal":0,"perm":"","createTime":1762832206000}}', 'com.river.controller.system.SysMenuController', 'addMenu'),
	(2405, 'admin', '/sys/menu', 'POST', '添加菜单', '127.0.0.1', '内网IP|内网IP', 16, '2025-11-11 11:40:41', '{"menu":{"id":156,"parentId":155,"path":"","component":"","title":"分类列表","sort":1,"icon":"","type":"BUTTON","redirect":"","name":"","hidden":1,"isExternal":0,"perm":"sys:category","createTime":1762832206000}}', 'com.river.controller.system.SysMenuController', 'addMenu'),
	(2406, 'admin', '/sys/menu', 'POST', '添加菜单', '127.0.0.1', '内网IP|内网IP', 10, '2025-11-11 11:40:58', '{"menu":{"id":157,"parentId":155,"path":"","component":"","title":"新增分类","sort":2,"icon":"","type":"BUTTON","redirect":"","name":"","hidden":1,"isExternal":0,"perm":"sys:category:add","createTime":1762832206000}}', 'com.river.controller.system.SysMenuController', 'addMenu'),
	(2407, 'admin', '/sys/menu', 'POST', '添加菜单', '127.0.0.1', '内网IP|内网IP', 23, '2025-11-11 11:41:20', '{"menu":{"id":158,"parentId":155,"path":"","component":"","title":"编辑分类","sort":3,"icon":"","type":"BUTTON","redirect":"","name":"","hidden":1,"isExternal":0,"perm":"sys:category:update","createTime":1762832206000}}', 'com.river.controller.system.SysMenuController', 'addMenu'),
	(2408, 'admin', '/sys/menu', 'POST', '添加菜单', '127.0.0.1', '内网IP|内网IP', 20, '2025-11-11 11:41:40', '{"menu":{"id":159,"parentId":155,"path":"","component":"","title":"删除分类","sort":4,"icon":"","type":"BUTTON","redirect":"","name":"","hidden":1,"isExternal":0,"perm":"sys:category:delete","createTime":1762832206000}}', 'com.river.controller.system.SysMenuController', 'addMenu'),
	(2409, 'admin', '/sys/menu', 'PUT', '修改菜单', '127.0.0.1', '内网IP|内网IP', 118, '2025-11-11 11:45:03', '{"menu":{"id":150,"parentId":144,"path":"brand","component":"/brand/index","title":"品牌管理","sort":2,"icon":"Flag","type":"MENU","redirect":"","name":"","hidden":0,"isExternal":0,"perm":"","createTime":1762832206000,"updateTime":1762832255000,"children":[{"id":151,"parentId":150,"path":"","component":"","title":"品牌列表","sort":1,"icon":"","type":"BUTTON","redirect":"","name":"","hidden":1,"isExternal":0,"perm":"sys:brand","createTime":1762832206000},{"id":152,"parentId":150,"path":"","component":"","title":"新增品牌","sort":2,"icon":"","type":"BUTTON","redirect":"","name":"","hidden":1,"isExternal":0,"perm":"sys:brand:add","createTime":1762832206000,"updateTime":1762832307000},{"id":153,"parentId":150,"path":"","component":"","title":"编辑品牌","sort":3,"icon":"","type":"BUTTON","redirect":"","name":"","hidden":1,"isExternal":0,"perm":"sys:brand:update","createTime":1762832206000},{"id":154,"parentId":150,"path":"","component":"","title":"删除品牌","sort":4,"icon":"","type":"BUTTON","redirect":"","name":"","hidden":1,"isExternal":0,"perm":"sys:brand:delete","createTime":1762832206000}]}}', 'com.river.controller.system.SysMenuController', 'updateMenu'),
	(2410, 'admin', '/sys/role/menus/1', 'PUT', '修改角色权限', '127.0.0.1', '内网IP|内网IP', 37, '2025-11-11 13:46:14', '{"id":1,"menuIds":[142,143,144,145,146,147,148,149,150,151,152,153,154,155,156,157,158,159,1,14,39,27,28,29,52,2,3,8,40,41,43,9,10,53,11,12,44,136,137,138,139,140,13,48,51,49,50,32,33,55,56,128,129,130,131,54,4,16,17,95,94,18,60,62,65,59,58,61,19,63,66,64,67,104,105,30,31]}', 'com.river.controller.system.SysRoleController', 'updateRoleMenus'),
	(2411, 'admin', '/sys/role/menus/14', 'PUT', '修改角色权限', '127.0.0.1', '内网IP|内网IP', 7, '2025-11-11 13:48:49', '{"id":14,"menuIds":[144,145,146,150,151,155,156,1,14,39,2,3,9,53,136,137,13,51,32,33,55,128,129,4,16,17,95,18,58,19,66,67,104,30,31]}', 'com.river.controller.system.SysRoleController', 'updateRoleMenus'),
	(2412, 'admin', '/sys/productCategory/delete/18,19', 'DELETE', '删除商品分类', '127.0.0.1', '内网IP|内网IP', 97, '2025-11-11 13:53:26', '{"ids":[18,19]}', 'com.river.controller.product.ProductCategoryController', 'remove'),
	(2413, 'admin', '/sys/productBrand/8', 'GET', '获取商品品牌详情', '127.0.0.1', '内网IP|内网IP', 77, '2025-11-11 13:55:30', '{"id":8}', 'com.river.controller.product.ProductBrandController', 'getInfo'),
	(2414, 'admin', '/sys/product/add', 'POST', '添加商品', '127.0.0.1', '内网IP|内网IP', 105, '2025-11-11 14:45:06', '{"product":{"id":58,"createTime":1762843506437}}', 'com.river.controller.product.ProductController', 'add'),
	(2415, 'admin', '/sys/product/add', 'POST', '添加商品', '127.0.0.1', '内网IP|内网IP', 14, '2025-11-11 14:50:30', '{"product":{"id":59,"createTime":1762843830124,"name":"1","categoryId":14,"brandId":8,"price":11,"inventory":11,"image":"http://127.0.0.1:8080/localFile/20251111/product-image/97_4c5e66a1-057b-440c-b8f4-2f0207975559.jpg","detailImages":"[\\"http://127.0.0.1:8080/localFile/20251111/product-detail-image/06_157a37cc-4138-432e-8685-a840162a2f64.jpg\\",\\"http://127.0.0.1:8080/localFile/20251111/product-detail-image/90_1923099f-e39d-47be-b7a9-5a8c98669b83.jpg\\",\\"http://127.0.0.1:8080/localFile/20251111/product-detail-image/94_ab89e4d2-268e-4835-8434-881421f729c7.jpg\\"]","description":"111111111111111","descriptionImage":"[\\"http://127.0.0.1:8080/localFile/20251111/product-description-image/68_5a79763f-d81b-41a4-80e0-05869801092f.jpg\\",\\"http://127.0.0.1:8080/localFile/20251111/product-description-image/49_8b09ffc5-e1b2-4bd7-8deb-29046e08116a.jpg\\",\\"http://127.0.0.1:8080/localFile/20251111/product-description-image/49_cf05aa03-297c-4c77-9e52-5e7e73d0aa75.jpg\\"]","label":"11"}}', 'com.river.controller.product.ProductController', 'add'),
	(2416, 'admin', '/sys/product/delete/58', 'DELETE', '删除商品', '127.0.0.1', '内网IP|内网IP', 15, '2025-11-11 14:50:39', '{"ids":[58]}', 'com.river.controller.product.ProductController', 'remove'),
	(2417, 'admin', '/sys/product/delete/59', 'DELETE', '删除商品', '127.0.0.1', '内网IP|内网IP', 21, '2025-11-11 15:17:18', '{"ids":[59]}', 'com.river.controller.product.ProductController', 'remove'),
	(2418, 'admin', '/sys/product/add', 'POST', '添加商品', '127.0.0.1', '内网IP|内网IP', 17, '2025-11-11 15:19:16', '{"product":{"id":60,"createTime":1762845556204,"name":"1","categoryId":14,"brandId":8,"price":11,"inventory":11,"image":"http://127.0.0.1:8080/localFile/20251111/product-image/23_4c5e66a1-057b-440c-b8f4-2f0207975559.jpg","detailImages":"[\\"http://127.0.0.1:8080/localFile/20251111/product-detail-image/80_157a37cc-4138-432e-8685-a840162a2f64.jpg\\",\\"http://127.0.0.1:8080/localFile/20251111/product-detail-image/46_1923099f-e39d-47be-b7a9-5a8c98669b83.jpg\\"]","description":"1111111111111111111111111111","descriptionImage":"[\\"http://127.0.0.1:8080/localFile/20251111/product-description-image/01_5a79763f-d81b-41a4-80e0-05869801092f.jpg\\"]","label":"111"}}', 'com.river.controller.product.ProductController', 'add'),
	(2419, 'admin', '/sys/product/delete/60', 'DELETE', '删除商品', '127.0.0.1', '内网IP|内网IP', 4, '2025-11-11 15:19:25', '{"ids":[60]}', 'com.river.controller.product.ProductController', 'remove'),
	(2420, 'admin', '/sys/product/add', 'POST', '添加商品', '127.0.0.1', '内网IP|内网IP', 16, '2025-11-11 15:49:25', '{"product":{"id":61,"createTime":1762847365267,"name":"吉祥托福","categoryId":16,"brandId":8,"price":1198,"inventory":10,"image":"http://127.0.0.1:8080/localFile/20251111/product-image/92_4c5e66a1-057b-440c-b8f4-2f0207975559.jpg","detailImages":"[\\"http://127.0.0.1:8080/localFile/20251111/product-detail-image/61_4c5e66a1-057b-440c-b8f4-2f0207975559.jpg\\",\\"http://127.0.0.1:8080/localFile/20251111/product-detail-image/29_122cea7b-7101-4a17-8b01-af9dddefe760.jpg\\",\\"http://127.0.0.1:8080/localFile/20251111/product-detail-image/31_157a37cc-4138-432e-8685-a840162a2f64.jpg\\",\\"http://127.0.0.1:8080/localFile/20251111/product-detail-image/64_1923099f-e39d-47be-b7a9-5a8c98669b83.jpg\\",\\"http://127.0.0.1:8080/localFile/20251111/product-detail-image/54_ab89e4d2-268e-4835-8434-881421f729c7.jpg\\",\\"http://127.0.0.1:8080/localFile/20251111/product-detail-image/47_ad9b6505-9cca-41e6-b0e2-a1be2193eb8b.jpg\\"]","description":"这个铜制摆件是由高品质的铜材料制成的装饰品，它的设计精美、工艺精湛。这件摆件可能是一件艺术品、雕塑或者是一个装饰品，它可能具有特定的主题或者寓意。铜制摆件通常具有较强的装饰性，可以用于家居装饰或者办公场所摆放。铜制摆件通常具有历史价值和艺术价值，是一种能够体现个人品味和文化修养的装饰品。它可以是一个独特的礼物，也可以是一个收藏品，展现着艺术家的创意和工匠的技艺。","descriptionImage":"[\\"http://127.0.0.1:8080/localFile/20251111/product-description-image/26_5a79763f-d81b-41a4-80e0-05869801092f.jpg\\",\\"http://127.0.0.1:8080/localFile/20251111/product-description-image/11_8b09ffc5-e1b2-4bd7-8deb-29046e08116a.jpg\\",\\"http://127.0.0.1:8080/localFile/20251111/product-description-image/83_cf05aa03-297c-4c77-9e52-5e7e73d0aa75.jpg\\",\\"http://127.0.0.1:8080/localFile/20251111/product-description-image/93_e40b9f44-2b17-401b-9f01-a0e07997fb45.jpg\\"]","label":"铜"}}', 'com.river.controller.product.ProductController', 'add'),
	(2421, 'admin', '/sys/product/add', 'POST', '添加商品', '127.0.0.1', '内网IP|内网IP', 12, '2025-11-11 15:51:05', '{"product":{"id":62,"createTime":1762847365000,"name":"1","categoryId":14,"brandId":8,"price":11,"inventory":11,"image":"http://127.0.0.1:8080/localFile/20251111/product-image/63_4c5e66a1-057b-440c-b8f4-2f0207975559.jpg","detailImages":"[\\"http://127.0.0.1:8080/localFile/20251111/product-detail-image/01_122cea7b-7101-4a17-8b01-af9dddefe760.jpg\\"]","description":"111","descriptionImage":"[\\"http://127.0.0.1:8080/localFile/20251111/product-description-image/26_5a79763f-d81b-41a4-80e0-05869801092f.jpg\\"]","label":"1","status":0}}', 'com.river.controller.product.ProductController', 'add'),
	(2422, 'admin', '/sys/product/delete/62', 'DELETE', '删除商品', '127.0.0.1', '内网IP|内网IP', 18, '2025-11-11 15:51:08', '{"ids":[62]}', 'com.river.controller.product.ProductController', 'remove'),
	(2423, 'admin', '/sys/product/add', 'POST', '添加商品', '127.0.0.1', '内网IP|内网IP', 10, '2025-11-11 15:54:43', '{"product":{"id":63,"createTime":1762847365000,"name":"鹿喜人间铜摆件","categoryId":16,"brandId":8,"price":1199,"inventory":10,"image":"http://127.0.0.1:8080/localFile/20251111/product-image/76_8bee92a6-a306-41aa-ab54-36a970968ce3.jpg","detailImages":"[\\"http://127.0.0.1:8080/localFile/20251111/product-detail-image/22_8bee92a6-a306-41aa-ab54-36a970968ce3.jpg\\",\\"http://127.0.0.1:8080/localFile/20251111/product-detail-image/85_69523061-e093-48f9-a708-38512ef28a71.jpg\\",\\"http://127.0.0.1:8080/localFile/20251111/product-detail-image/24_bbc6bce8-c5ad-4392-8e05-2a049e5451fb.jpg\\",\\"http://127.0.0.1:8080/localFile/20251111/product-detail-image/30_e7dd3ee9-ee56-4b50-9164-ff76c243711f.jpg\\",\\"http://127.0.0.1:8080/localFile/20251111/product-detail-image/58_edc07e97-ca92-424e-b9ea-332c553001cb.jpg\\"]","description":"鹿喜人间铜摆件是一件精美的装饰品，以鹿为主题，由高品质的铜材料制成。这件摆件可能展现了鹿的优雅形态，寓意着吉祥和幸福。它可能是一件具有艺术价值的雕塑作品，也可能是一件用于家居装饰的精美摆件。鹿喜人间铜摆件可能成为家居或办公室装饰的焦点，展现独特的品味和文化修养。此外，它也可能是一份独特的礼物，展现着对接受者的祝福和美好愿望。这样的铜制摆件可以是一件收藏价值高的艺术品，展现着艺术家的创意和工匠的技艺。","descriptionImage":"[\\"http://127.0.0.1:8080/localFile/20251111/product-description-image/82_3d867d0c-47d4-47fb-989b-dee48ab4fde4.jpg\\",\\"http://127.0.0.1:8080/localFile/20251111/product-description-image/87_705c2610-5818-42df-9283-29bf2a084d3c.jpg\\",\\"http://127.0.0.1:8080/localFile/20251111/product-description-image/15_0931a1ce-1793-45f7-8e43-81f896c97eab.jpg\\",\\"http://127.0.0.1:8080/localFile/20251111/product-description-image/46_b7d6de5f-7f11-4732-bc25-b18069c5ccf6.jpg\\",\\"http://127.0.0.1:8080/localFile/20251111/product-description-image/97_dd0437b4-72c8-40d7-aa99-48c1b755f25e.jpg\\"]","status":0}}', 'com.river.controller.product.ProductController', 'add'),
	(2424, 'admin', '/sys/product/startOrStop', 'PUT', '启动或停用商品', '127.0.0.1', '内网IP|内网IP', 177, '2025-11-11 16:10:01', '{"id":61}', 'com.river.controller.product.ProductController', 'startOrStop'),
	(2425, 'admin', '/sys/product/startOrStop', 'PUT', '启动或停用商品', '127.0.0.1', '内网IP|内网IP', 11, '2025-11-11 16:10:03', '{"id":63}', 'com.river.controller.product.ProductController', 'startOrStop'),
	(2426, 'admin', '/sys/product/startOrStop', 'PUT', '启动或停用商品', '127.0.0.1', '内网IP|内网IP', 16, '2025-11-11 16:10:49', '{"id":63}', 'com.river.controller.product.ProductController', 'startOrStop'),
	(2427, 'admin', '/sys/product/startOrStop', 'PUT', '启动或停用商品', '127.0.0.1', '内网IP|内网IP', 11, '2025-11-11 16:10:50', '{"id":63}', 'com.river.controller.product.ProductController', 'startOrStop'),
	(2428, 'admin', '/sys/product/startOrStop', 'PUT', '启动或停用商品', '127.0.0.1', '内网IP|内网IP', 12, '2025-11-11 16:10:54', '{"id":63}', 'com.river.controller.product.ProductController', 'startOrStop'),
	(2429, 'admin', '/sys/product/update', 'PUT', '修改商品', '127.0.0.1', '内网IP|内网IP', 15, '2025-11-11 16:20:23', '{"product":{"id":63,"createTime":1762847365000,"updateTime":1762848603000,"name":"鹿喜人间铜摆件","categoryId":16,"brandId":8,"price":1199,"inventory":10,"image":"http://127.0.0.1:8080/localFile/20251111/product-image/76_8bee92a6-a306-41aa-ab54-36a970968ce3.jpg","detailImages":"[\\"http://127.0.0.1:8080/localFile/20251111/product-detail-image/22_8bee92a6-a306-41aa-ab54-36a970968ce3.jpg\\",\\"http://127.0.0.1:8080/localFile/20251111/product-detail-image/85_69523061-e093-48f9-a708-38512ef28a71.jpg\\",\\"http://127.0.0.1:8080/localFile/20251111/product-detail-image/24_bbc6bce8-c5ad-4392-8e05-2a049e5451fb.jpg\\",\\"http://127.0.0.1:8080/localFile/20251111/product-detail-image/30_e7dd3ee9-ee56-4b50-9164-ff76c243711f.jpg\\",\\"http://127.0.0.1:8080/localFile/20251111/product-detail-image/58_edc07e97-ca92-424e-b9ea-332c553001cb.jpg\\"]","description":"鹿喜人间铜摆件是一件精美的装饰品，以鹿为主题，由高品质的铜材料制成。这件摆件可能展现了鹿的优雅形态，寓意着吉祥和幸福。它可能是一件具有艺术价值的雕塑作品，也可能是一件用于家居装饰的精美摆件。鹿喜人间铜摆件可能成为家居或办公室装饰的焦点，展现独特的品味和文化修养。此外，它也可能是一份独特的礼物，展现着对接受者的祝福和美好愿望。这样的铜制摆件可以是一件收藏价值高的艺术品，展现着艺术家的创意和工匠的技艺。","descriptionImage":"[\\"http://127.0.0.1:8080/localFile/20251111/product-description-image/82_3d867d0c-47d4-47fb-989b-dee48ab4fde4.jpg\\",\\"http://127.0.0.1:8080/localFile/20251111/product-description-image/87_705c2610-5818-42df-9283-29bf2a084d3c.jpg\\",\\"http://127.0.0.1:8080/localFile/20251111/product-description-image/15_0931a1ce-1793-45f7-8e43-81f896c97eab.jpg\\"]","status":0}}', 'com.river.controller.product.ProductController', 'edit'),
	(2430, 'admin', '/sys/product/update', 'PUT', '修改商品', '127.0.0.1', '内网IP|内网IP', 8, '2025-11-11 16:21:27', '{"product":{"id":63,"createTime":1762847365000,"updateTime":1762848603000,"name":"鹿喜人间铜摆件","categoryId":16,"brandId":8,"price":1199,"inventory":10,"image":"http://127.0.0.1:8080/localFile/20251111/product-image/76_8bee92a6-a306-41aa-ab54-36a970968ce3.jpg","detailImages":"[\\"http://127.0.0.1:8080/localFile/20251111/product-detail-image/22_8bee92a6-a306-41aa-ab54-36a970968ce3.jpg\\",\\"http://127.0.0.1:8080/localFile/20251111/product-detail-image/85_69523061-e093-48f9-a708-38512ef28a71.jpg\\",\\"http://127.0.0.1:8080/localFile/20251111/product-detail-image/24_bbc6bce8-c5ad-4392-8e05-2a049e5451fb.jpg\\",\\"http://127.0.0.1:8080/localFile/20251111/product-detail-image/30_e7dd3ee9-ee56-4b50-9164-ff76c243711f.jpg\\",\\"http://127.0.0.1:8080/localFile/20251111/product-detail-image/58_edc07e97-ca92-424e-b9ea-332c553001cb.jpg\\"]","description":"鹿喜人间铜摆件是一件精美的装饰品，以鹿为主题，由高品质的铜材料制成。这件摆件可能展现了鹿的优雅形态，寓意着吉祥和幸福。它可能是一件具有艺术价值的雕塑作品，也可能是一件用于家居装饰的精美摆件。鹿喜人间铜摆件可能成为家居或办公室装饰的焦点，展现独特的品味和文化修养。此外，它也可能是一份独特的礼物，展现着对接受者的祝福和美好愿望。这样的铜制摆件可以是一件收藏价值高的艺术品，展现着艺术家的创意和工匠的技艺。","descriptionImage":"[\\"blob:http://localhost:3000/a93fbb13-c10a-4ad4-aaaa-01991107b692\\",\\"blob:http://localhost:3000/080658ac-5239-415a-8b4b-441d5ccb1054\\",\\"blob:http://localhost:3000/7bdbe95c-0d78-48a4-b7eb-bd05555b8a59\\",\\"blob:http://localhost:3000/85011628-1a22-4ddb-af65-e2d7de9738d2\\",\\"blob:http://localhost:3000/d88703d9-13d0-47c4-bf45-156e39a3269e\\",\\"http://127.0.0.1:8080/localFile/20251111/product-description-image/81_3d867d0c-47d4-47fb-989b-dee48ab4fde4.jpg\\",\\"http://127.0.0.1:8080/localFile/20251111/product-description-image/05_705c2610-5818-42df-9283-29bf2a084d3c.jpg\\",\\"http://127.0.0.1:8080/localFile/20251111/product-description-image/43_0931a1ce-1793-45f7-8e43-81f896c97eab.jpg\\",\\"http://127.0.0.1:8080/localFile/20251111/product-description-image/35_b7d6de5f-7f11-4732-bc25-b18069c5ccf6.jpg\\",\\"http://127.0.0.1:8080/localFile/20251111/product-description-image/91_dd0437b4-72c8-40d7-aa99-48c1b755f25e.jpg\\"]","status":0}}', 'com.river.controller.product.ProductController', 'edit'),
	(2431, 'admin', '/sys/product/update', 'PUT', '修改商品', '127.0.0.1', '内网IP|内网IP', 5, '2025-11-11 16:21:58', '{"product":{"id":63,"createTime":1762847365000,"updateTime":1762848603000,"name":"鹿喜人间铜摆件","categoryId":16,"brandId":8,"price":1199,"inventory":10,"image":"http://127.0.0.1:8080/localFile/20251111/product-image/76_8bee92a6-a306-41aa-ab54-36a970968ce3.jpg","detailImages":"[\\"http://127.0.0.1:8080/localFile/20251111/product-detail-image/22_8bee92a6-a306-41aa-ab54-36a970968ce3.jpg\\",\\"http://127.0.0.1:8080/localFile/20251111/product-detail-image/85_69523061-e093-48f9-a708-38512ef28a71.jpg\\",\\"http://127.0.0.1:8080/localFile/20251111/product-detail-image/24_bbc6bce8-c5ad-4392-8e05-2a049e5451fb.jpg\\",\\"http://127.0.0.1:8080/localFile/20251111/product-detail-image/30_e7dd3ee9-ee56-4b50-9164-ff76c243711f.jpg\\",\\"http://127.0.0.1:8080/localFile/20251111/product-detail-image/58_edc07e97-ca92-424e-b9ea-332c553001cb.jpg\\"]","description":"鹿喜人间铜摆件是一件精美的装饰品，以鹿为主题，由高品质的铜材料制成。这件摆件可能展现了鹿的优雅形态，寓意着吉祥和幸福。它可能是一件具有艺术价值的雕塑作品，也可能是一件用于家居装饰的精美摆件。鹿喜人间铜摆件可能成为家居或办公室装饰的焦点，展现独特的品味和文化修养。此外，它也可能是一份独特的礼物，展现着对接受者的祝福和美好愿望。这样的铜制摆件可以是一件收藏价值高的艺术品，展现着艺术家的创意和工匠的技艺。","descriptionImage":"[]","status":0}}', 'com.river.controller.product.ProductController', 'edit'),
	(2432, 'admin', '/sys/product/update', 'PUT', '修改商品', '127.0.0.1', '内网IP|内网IP', 7, '2025-11-11 16:22:51', '{"product":{"id":63,"createTime":1762847365000,"updateTime":1762848603000,"name":"鹿喜人间铜摆件","categoryId":16,"brandId":8,"price":1199,"inventory":10,"image":"http://127.0.0.1:8080/localFile/20251111/product-image/76_8bee92a6-a306-41aa-ab54-36a970968ce3.jpg","detailImages":"[\\"http://127.0.0.1:8080/localFile/20251111/product-detail-image/22_8bee92a6-a306-41aa-ab54-36a970968ce3.jpg\\",\\"http://127.0.0.1:8080/localFile/20251111/product-detail-image/85_69523061-e093-48f9-a708-38512ef28a71.jpg\\",\\"http://127.0.0.1:8080/localFile/20251111/product-detail-image/24_bbc6bce8-c5ad-4392-8e05-2a049e5451fb.jpg\\",\\"http://127.0.0.1:8080/localFile/20251111/product-detail-image/30_e7dd3ee9-ee56-4b50-9164-ff76c243711f.jpg\\",\\"http://127.0.0.1:8080/localFile/20251111/product-detail-image/58_edc07e97-ca92-424e-b9ea-332c553001cb.jpg\\"]","description":"鹿喜人间铜摆件是一件精美的装饰品，以鹿为主题，由高品质的铜材料制成。这件摆件可能展现了鹿的优雅形态，寓意着吉祥和幸福。它可能是一件具有艺术价值的雕塑作品，也可能是一件用于家居装饰的精美摆件。鹿喜人间铜摆件可能成为家居或办公室装饰的焦点，展现独特的品味和文化修养。此外，它也可能是一份独特的礼物，展现着对接受者的祝福和美好愿望。这样的铜制摆件可以是一件收藏价值高的艺术品，展现着艺术家的创意和工匠的技艺。","descriptionImage":"[\\"blob:http://localhost:3000/91ed465f-8fcf-4fea-b809-d24df0a8692c\\",\\"blob:http://localhost:3000/e60b61e3-60ed-4c39-ad12-85cdc731bd4d\\",\\"blob:http://localhost:3000/d63e0a26-c894-4a23-8801-2808ef4c0c15\\",\\"blob:http://localhost:3000/aa281892-3510-4502-bec0-30519fd3bd20\\",\\"blob:http://localhost:3000/8e4f8023-3b1d-4f8b-b5bc-1a4d1c85d4a2\\",\\"http://127.0.0.1:8080/localFile/20251111/product-description-image/73_3d867d0c-47d4-47fb-989b-dee48ab4fde4.jpg\\",\\"http://127.0.0.1:8080/localFile/20251111/product-description-image/17_705c2610-5818-42df-9283-29bf2a084d3c.jpg\\",\\"http://127.0.0.1:8080/localFile/20251111/product-description-image/62_0931a1ce-1793-45f7-8e43-81f896c97eab.jpg\\",\\"http://127.0.0.1:8080/localFile/20251111/product-description-image/93_b7d6de5f-7f11-4732-bc25-b18069c5ccf6.jpg\\",\\"http://127.0.0.1:8080/localFile/20251111/product-description-image/68_dd0437b4-72c8-40d7-aa99-48c1b755f25e.jpg\\"]","status":0}}', 'com.river.controller.product.ProductController', 'edit'),
	(2433, 'admin', '/sys/product/update', 'PUT', '修改商品', '127.0.0.1', '内网IP|内网IP', 10, '2025-11-11 16:26:02', '{"product":{"id":63,"createTime":1762847365000,"updateTime":1762848603000,"name":"鹿喜人间铜摆件","categoryId":16,"brandId":8,"price":1199,"inventory":10,"image":"http://127.0.0.1:8080/localFile/20251111/product-image/76_8bee92a6-a306-41aa-ab54-36a970968ce3.jpg","detailImages":"[\\"http://127.0.0.1:8080/localFile/20251111/product-detail-image/22_8bee92a6-a306-41aa-ab54-36a970968ce3.jpg\\",\\"http://127.0.0.1:8080/localFile/20251111/product-detail-image/85_69523061-e093-48f9-a708-38512ef28a71.jpg\\",\\"http://127.0.0.1:8080/localFile/20251111/product-detail-image/24_bbc6bce8-c5ad-4392-8e05-2a049e5451fb.jpg\\",\\"http://127.0.0.1:8080/localFile/20251111/product-detail-image/30_e7dd3ee9-ee56-4b50-9164-ff76c243711f.jpg\\",\\"http://127.0.0.1:8080/localFile/20251111/product-detail-image/58_edc07e97-ca92-424e-b9ea-332c553001cb.jpg\\"]","description":"鹿喜人间铜摆件是一件精美的装饰品，以鹿为主题，由高品质的铜材料制成。这件摆件可能展现了鹿的优雅形态，寓意着吉祥和幸福。它可能是一件具有艺术价值的雕塑作品，也可能是一件用于家居装饰的精美摆件。鹿喜人间铜摆件可能成为家居或办公室装饰的焦点，展现独特的品味和文化修养。此外，它也可能是一份独特的礼物，展现着对接受者的祝福和美好愿望。这样的铜制摆件可以是一件收藏价值高的艺术品，展现着艺术家的创意和工匠的技艺。","descriptionImage":"[\\"http://127.0.0.1:8080/localFile/20251111/product-description-image/36_705c2610-5818-42df-9283-29bf2a084d3c.jpg\\",\\"http://127.0.0.1:8080/localFile/20251111/product-description-image/17_0931a1ce-1793-45f7-8e43-81f896c97eab.jpg\\",\\"http://127.0.0.1:8080/localFile/20251111/product-description-image/10_b7d6de5f-7f11-4732-bc25-b18069c5ccf6.jpg\\",\\"http://127.0.0.1:8080/localFile/20251111/product-description-image/31_dd0437b4-72c8-40d7-aa99-48c1b755f25e.jpg\\",\\"http://127.0.0.1:8080/localFile/20251111/product-description-image/16_3d867d0c-47d4-47fb-989b-dee48ab4fde4.jpg\\"]","status":0}}', 'com.river.controller.product.ProductController', 'edit'),
	(2434, 'admin', '/sys/product/update', 'PUT', '修改商品', '127.0.0.1', '内网IP|内网IP', 8, '2025-11-11 16:26:10', '{"product":{"id":63,"createTime":1762847365000,"updateTime":1762848603000,"name":"鹿喜人间铜摆件","categoryId":16,"brandId":8,"price":1199,"inventory":10,"image":"http://127.0.0.1:8080/localFile/20251111/product-image/76_8bee92a6-a306-41aa-ab54-36a970968ce3.jpg","detailImages":"[\\"http://127.0.0.1:8080/localFile/20251111/product-detail-image/22_8bee92a6-a306-41aa-ab54-36a970968ce3.jpg\\",\\"http://127.0.0.1:8080/localFile/20251111/product-detail-image/85_69523061-e093-48f9-a708-38512ef28a71.jpg\\",\\"http://127.0.0.1:8080/localFile/20251111/product-detail-image/24_bbc6bce8-c5ad-4392-8e05-2a049e5451fb.jpg\\",\\"http://127.0.0.1:8080/localFile/20251111/product-detail-image/30_e7dd3ee9-ee56-4b50-9164-ff76c243711f.jpg\\",\\"http://127.0.0.1:8080/localFile/20251111/product-detail-image/58_edc07e97-ca92-424e-b9ea-332c553001cb.jpg\\"]","description":"鹿喜人间铜摆件是一件精美的装饰品，以鹿为主题，由高品质的铜材料制成。这件摆件可能展现了鹿的优雅形态，寓意着吉祥和幸福。它可能是一件具有艺术价值的雕塑作品，也可能是一件用于家居装饰的精美摆件。鹿喜人间铜摆件可能成为家居或办公室装饰的焦点，展现独特的品味和文化修养。此外，它也可能是一份独特的礼物，展现着对接受者的祝福和美好愿望。这样的铜制摆件可以是一件收藏价值高的艺术品，展现着艺术家的创意和工匠的技艺。","descriptionImage":"[\\"http://127.0.0.1:8080/localFile/20251111/product-description-image/36_705c2610-5818-42df-9283-29bf2a084d3c.jpg\\",\\"http://127.0.0.1:8080/localFile/20251111/product-description-image/17_0931a1ce-1793-45f7-8e43-81f896c97eab.jpg\\",\\"http://127.0.0.1:8080/localFile/20251111/product-description-image/10_b7d6de5f-7f11-4732-bc25-b18069c5ccf6.jpg\\",\\"http://127.0.0.1:8080/localFile/20251111/product-description-image/31_dd0437b4-72c8-40d7-aa99-48c1b755f25e.jpg\\",\\"http://127.0.0.1:8080/localFile/20251111/product-description-image/16_3d867d0c-47d4-47fb-989b-dee48ab4fde4.jpg\\"]","status":0}}', 'com.river.controller.product.ProductController', 'edit'),
	(2435, 'admin', '/sys/product/update', 'PUT', '修改商品', '127.0.0.1', '内网IP|内网IP', 16, '2025-11-11 16:26:55', '{"product":{"id":63,"createTime":1762847365000,"updateTime":1762848603000,"name":"鹿喜人间铜摆件","categoryId":16,"brandId":8,"price":1199,"inventory":10,"image":"http://127.0.0.1:8080/localFile/20251111/product-image/76_8bee92a6-a306-41aa-ab54-36a970968ce3.jpg","detailImages":"[\\"http://127.0.0.1:8080/localFile/20251111/product-detail-image/22_8bee92a6-a306-41aa-ab54-36a970968ce3.jpg\\",\\"http://127.0.0.1:8080/localFile/20251111/product-detail-image/85_69523061-e093-48f9-a708-38512ef28a71.jpg\\",\\"http://127.0.0.1:8080/localFile/20251111/product-detail-image/24_bbc6bce8-c5ad-4392-8e05-2a049e5451fb.jpg\\",\\"http://127.0.0.1:8080/localFile/20251111/product-detail-image/30_e7dd3ee9-ee56-4b50-9164-ff76c243711f.jpg\\",\\"http://127.0.0.1:8080/localFile/20251111/product-detail-image/58_edc07e97-ca92-424e-b9ea-332c553001cb.jpg\\"]","description":"鹿喜人间铜摆件是一件精美的装饰品，以鹿为主题，由高品质的铜材料制成。这件摆件可能展现了鹿的优雅形态，寓意着吉祥和幸福。它可能是一件具有艺术价值的雕塑作品，也可能是一件用于家居装饰的精美摆件。鹿喜人间铜摆件可能成为家居或办公室装饰的焦点，展现独特的品味和文化修养。此外，它也可能是一份独特的礼物，展现着对接受者的祝福和美好愿望。这样的铜制摆件可以是一件收藏价值高的艺术品，展现着艺术家的创意和工匠的技艺。","descriptionImage":"[\\"http://127.0.0.1:8080/localFile/20251111/product-description-image/36_705c2610-5818-42df-9283-29bf2a084d3c.jpg\\",\\"http://127.0.0.1:8080/localFile/20251111/product-description-image/17_0931a1ce-1793-45f7-8e43-81f896c97eab.jpg\\",\\"http://127.0.0.1:8080/localFile/20251111/product-description-image/10_b7d6de5f-7f11-4732-bc25-b18069c5ccf6.jpg\\",\\"http://127.0.0.1:8080/localFile/20251111/product-description-image/31_dd0437b4-72c8-40d7-aa99-48c1b755f25e.jpg\\"]","status":0}}', 'com.river.controller.product.ProductController', 'edit'),
	(2436, 'admin', '/sys/menu', 'POST', '添加菜单', '127.0.0.1', '内网IP|内网IP', 108, '2025-11-11 16:32:51', '{"menu":{"id":160,"parentId":145,"path":"","component":"","title":"上架下架","sort":5,"icon":"","type":"BUTTON","redirect":"","name":"","hidden":1,"isExternal":0,"perm":"sys:product:status","createTime":1762849971848}}', 'com.river.controller.system.SysMenuController', 'addMenu'),
	(2437, 'admin', '/sys/productCategory/add', 'POST', '添加商品分类', '127.0.0.1', '内网IP|内网IP', 37, '2025-11-11 16:44:44', '{"productCategory":{"id":20,"createTime":1762850684678,"name":"1"}}', 'com.river.controller.product.ProductCategoryController', 'add'),
	(2438, 'admin', '/sys/productCategory/add', 'POST', '添加商品分类', '127.0.0.1', '内网IP|内网IP', 12, '2025-11-11 16:44:47', '{"productCategory":{"id":21,"createTime":1762850687100,"name":"2"}}', 'com.river.controller.product.ProductCategoryController', 'add'),
	(2439, 'admin', '/sys/productCategory/add', 'POST', '添加商品分类', '127.0.0.1', '内网IP|内网IP', 8, '2025-11-11 16:44:48', '{"productCategory":{"id":22,"createTime":1762850688711,"name":"3"}}', 'com.river.controller.product.ProductCategoryController', 'add'),
	(2440, 'admin', '/sys/productCategory/add', 'POST', '添加商品分类', '127.0.0.1', '内网IP|内网IP', 6, '2025-11-11 16:44:50', '{"productCategory":{"id":23,"createTime":1762850690683,"name":"4"}}', 'com.river.controller.product.ProductCategoryController', 'add'),
	(2441, 'admin', '/sys/productCategory/add', 'POST', '添加商品分类', '127.0.0.1', '内网IP|内网IP', 8, '2025-11-11 16:44:52', '{"productCategory":{"id":24,"createTime":1762850692627,"name":"5"}}', 'com.river.controller.product.ProductCategoryController', 'add'),
	(2442, 'admin', '/sys/productCategory/add', 'POST', '添加商品分类', '127.0.0.1', '内网IP|内网IP', 9, '2025-11-11 16:44:57', '{"productCategory":{"id":25,"createTime":1762850697209,"name":"6"}}', 'com.river.controller.product.ProductCategoryController', 'add'),
	(2443, 'admin', '/sys/productCategory/add', 'POST', '添加商品分类', '127.0.0.1', '内网IP|内网IP', 4, '2025-11-11 16:44:59', '{"productCategory":{"id":26,"createTime":1762850699216,"name":"7"}}', 'com.river.controller.product.ProductCategoryController', 'add'),
	(2444, 'admin', '/sys/productCategory/delete/21,26,20,22,23,24,25', 'DELETE', '删除商品分类', '127.0.0.1', '内网IP|内网IP', 78, '2025-11-11 16:45:34', '{"ids":[21,26,20,22,23,24,25]}', 'com.river.controller.product.ProductCategoryController', 'remove'),
	(2445, 'admin', '/sys/menu', 'POST', '添加菜单', '127.0.0.1', '内网IP|内网IP', 29, '2025-11-11 17:01:51', '{"menu":{"id":161,"parentId":143,"path":"","component":"","title":"博客列表","sort":1,"icon":"","type":"BUTTON","redirect":"","name":"","hidden":1,"isExternal":0,"perm":"sys:blog","createTime":1762851711915}}', 'com.river.controller.system.SysMenuController', 'addMenu'),
	(2446, 'admin', '/sys/menu', 'POST', '添加菜单', '127.0.0.1', '内网IP|内网IP', 6, '2025-11-11 17:02:08', '{"menu":{"id":162,"parentId":143,"path":"","component":"","title":"新增博客","sort":2,"icon":"","type":"BUTTON","redirect":"","name":"","hidden":1,"isExternal":0,"perm":"sys:blog:add","createTime":1762851728561}}', 'com.river.controller.system.SysMenuController', 'addMenu'),
	(2447, 'admin', '/sys/menu', 'POST', '添加菜单', '127.0.0.1', '内网IP|内网IP', 12, '2025-11-11 17:02:30', '{"menu":{"id":163,"parentId":143,"path":"","component":"","title":"编辑博客","sort":3,"icon":"","type":"BUTTON","redirect":"","name":"","hidden":1,"isExternal":0,"perm":"sys:blog:update","createTime":1762851749997}}', 'com.river.controller.system.SysMenuController', 'addMenu'),
	(2448, 'admin', '/sys/menu', 'POST', '添加菜单', '127.0.0.1', '内网IP|内网IP', 6, '2025-11-11 17:02:48', '{"menu":{"id":164,"parentId":143,"path":"","component":"","title":"删除博客","sort":4,"icon":"","type":"BUTTON","redirect":"","name":"","hidden":1,"isExternal":0,"perm":"sys:blog:delete","createTime":1762851768076}}', 'com.river.controller.system.SysMenuController', 'addMenu'),
	(2449, 'admin', '/sys/menu', 'POST', '添加菜单', '127.0.0.1', '内网IP|内网IP', 190, '2025-11-11 17:27:17', '{"menu":{"id":165,"parentId":143,"path":"","component":"","title":"发布博客","sort":5,"icon":"","type":"BUTTON","redirect":"","name":"","hidden":1,"isExternal":0,"perm":"sys:blog:status","createTime":1762853237110}}', 'com.river.controller.system.SysMenuController', 'addMenu'),
	(2450, 'admin', '/sys/blog/update/status', 'PUT', '修改博客状态', '127.0.0.1', '内网IP|内网IP', 9, '2025-11-11 17:27:21', '{"blog":{"id":19,"updateTime":1762853241406,"status":0}}', 'com.river.controller.blog.BlogController', 'updateStatus'),
	(2451, 'admin', '/sys/blog/update/status', 'PUT', '修改博客状态', '127.0.0.1', '内网IP|内网IP', 11, '2025-11-11 17:27:22', '{"blog":{"id":19,"updateTime":1762853242785,"status":1}}', 'com.river.controller.blog.BlogController', 'updateStatus'),
	(2452, 'admin', '/sys/blog/update', 'PUT', '修改博客', '127.0.0.1', '内网IP|内网IP', 106, '2025-11-11 17:34:39', '{"blog":{"id":19,"createTime":1762852813000,"updateTime":1762853243000,"userId":1848,"author":"韋","title":"川剧绝活：变脸11","content":"<h1 data-line=\\"0\\" id=\\"千年绝技的魔幻密码：解码川剧变脸的时空魅影\\">千年绝技的魔幻密码：解码川剧变脸的时空魅影</h1>\\n<p data-line=\\"2\\">在成都锦里古街的露天戏台上，当铜锣声骤然划破暮色，一张青面獠牙的鬼王面具突然绽裂，露出旦角含泪的素颜。这电光火石间的面容更迭，让初次观看川剧变脸的外国游客集体失声——他们不知道，此刻见证的不仅是戏剧魔术，更是一场穿越千年的文明对话。</p>\\n<h2 data-line=\\"4\\" id=\\"一、青铜时代的生存密码\\">一、青铜时代的生存密码</h2>\\n<p data-line=\\"6\\">三星堆遗址出土的黄金面具暗藏玄机，考古学家在青铜纵目面具内侧发现了植物染料的残留。这与《华阳国志》中&quot;蜀人画脸驱虎豹&quot;的记载惊人契合。古蜀先民或许是最早的&quot;变脸师&quot;，他们用赭石、朱砂在兽皮上绘制可替换的面部图腾，形成原始的多层面具系统。每当部族迁徙，战士便背负着这些&quot;表情包&quot;，在密林深处上演震慑野兽的生存戏剧。<br>\\n大足石刻的宋代造像中，观音三十三应化身像暗藏机关，通过可旋转的莲花座实现法相变换。这种古代机械装置为川剧变脸提供了技术原型，明代戏班将丝绸夹层与磁石结合，创造出可瞬间切换的&quot;十八罗汉面&quot;。清光绪年间的戏折记载，名角彭天喜在《白蛇传》中连变九张脸谱，从法海的怒目金刚到许仙的惶惑书生，全程仅用半柱香时间。<br>\\n<img src=\\"http://127.0.0.1:8080/localFile/20251111/blog-content/67_3db9481a-35b9-4d60-8409-9bb75bd5d190.jpg\\" alt=\\"\\"></p>\\n","contentMd":"# 千年绝技的魔幻密码：解码川剧变脸的时空魅影\\n\\n  在成都锦里古街的露天戏台上，当铜锣声骤然划破暮色，一张青面獠牙的鬼王面具突然绽裂，露出旦角含泪的素颜。这电光火石间的面容更迭，让初次观看川剧变脸的外国游客集体失声——他们不知道，此刻见证的不仅是戏剧魔术，更是一场穿越千年的文明对话。\\n\\n## 一、青铜时代的生存密码\\n\\n  三星堆遗址出土的黄金面具暗藏玄机，考古学家在青铜纵目面具内侧发现了植物染料的残留。这与《华阳国志》中\\"蜀人画脸驱虎豹\\"的记载惊人契合。古蜀先民或许是最早的\\"变脸师\\"，他们用赭石、朱砂在兽皮上绘制可替换的面部图腾，形成原始的多层面具系统。每当部族迁徙，战士便背负着这些\\"表情包\\"，在密林深处上演震慑野兽的生存戏剧。\\n  大足石刻的宋代造像中，观音三十三应化身像暗藏机关，通过可旋转的莲花座实现法相变换。这种古代机械装置为川剧变脸提供了技术原型，明代戏班将丝绸夹层与磁石结合，创造出可瞬间切换的\\"十八罗汉面\\"。清光绪年间的戏折记载，名角彭天喜在《白蛇传》中连变九张脸谱，从法海的怒目金刚到许仙的惶惑书生，全程仅用半柱香时间。\\n  ![](http://127.0.0.1:8080/localFile/20251111/blog-content/67_3db9481a-35b9-4d60-8409-9bb75bd5d190.jpg)\\n","image":"http://127.0.0.1:8080/localFile/20251111/blog-image/86_3db9481a-35b9-4d60-8409-9bb75bd5d190.jpg","status":1}}', 'com.river.controller.blog.BlogController', 'edit'),
	(2453, 'admin', '/sys/blog/add', 'POST', '添加博客', '127.0.0.1', '内网IP|内网IP', 113, '2025-11-11 17:37:40', '{"blog":{"id":20,"createTime":1762853860676,"userId":1848,"author":"cwj","title":"舞狮","content":"<p data-line=\\"0\\">舞狮是驱邪避害的吉祥瑞物，每逢节庆或有重大活动必有舞狮助兴，长盛不衰，历代相传。舞狮活动也广泛流传于海外华人社区，有华人之处，必有舞狮，这成为了扬民族之威、立中国之魂的重要仪式，以及海外同胞认祖归宗的文化桥梁，其文化价值和影响十分深远。据说这一习俗是起源于三国时期，在南北朝时开始流行，至今已有一千多年的历史。传说，它最早是从西域传入的，狮子是文殊菩萨的坐骑，随着佛教传入中国，舞狮子的活动也输入中国。狮子是汉武帝派张骞出使西域后，和孔雀等一同带回的贡品。而狮舞的技艺却是引自西凉的＂假面戏＂，也有人认为狮舞是五世纪时产生于刘宋的军队，后来传入民间的。两种说法都各有依据，今天已很难判断其是非。</p>\\n","contentMd":"舞狮是驱邪避害的吉祥瑞物，每逢节庆或有重大活动必有舞狮助兴，长盛不衰，历代相传。舞狮活动也广泛流传于海外华人社区，有华人之处，必有舞狮，这成为了扬民族之威、立中国之魂的重要仪式，以及海外同胞认祖归宗的文化桥梁，其文化价值和影响十分深远。据说这一习俗是起源于三国时期，在南北朝时开始流行，至今已有一千多年的历史。传说，它最早是从西域传入的，狮子是文殊菩萨的坐骑，随着佛教传入中国，舞狮子的活动也输入中国。狮子是汉武帝派张骞出使西域后，和孔雀等一同带回的贡品。而狮舞的技艺却是引自西凉的＂假面戏＂，也有人认为狮舞是五世纪时产生于刘宋的军队，后来传入民间的。两种说法都各有依据，今天已很难判断其是非。","image":"http://127.0.0.1:8080/localFile/20251111/blog-image/30_65152cdb-3455-4db5-bdfd-7cff5dd9eb29.jpg"}}', 'com.river.controller.blog.BlogController', 'add'),
	(2454, 'admin', '/sys/blog/update/status', 'PUT', '修改博客状态', '127.0.0.1', '内网IP|内网IP', 14, '2025-11-11 17:37:58', '{"blog":{"id":20,"updateTime":1762853878306,"status":1}}', 'com.river.controller.blog.BlogController', 'updateStatus'),
	(2455, 'admin', '/sys/blog/update', 'PUT', '修改博客', '127.0.0.1', '内网IP|内网IP', 52, '2025-11-11 17:43:39', '{"blog":{"id":20,"createTime":1762853861000,"updateTime":1762853878000,"userId":1848,"author":"cwj","title":"舞狮","content":"<p data-line=\\"0\\">😀😃😄😆<br>\\n舞狮是驱邪避害的吉祥瑞物，每逢节庆或有重大活动必有舞狮助兴，长盛不衰，历代相传。舞狮活动也广泛流传于海外华人社区，有华人之处，必有舞狮，这成为了扬民族之威、立中国之魂的重要仪式，以及海外同胞认祖归宗的文化桥梁，其文化价值和影响十分深远。据说这一习俗是起源于三国时期，在南北朝时开始流行，至今已有一千多年的历史。传说，它最早是从西域传入的，狮子是文殊菩萨的坐骑，随着佛教传入中国，舞狮子的活动也输入中国。狮子是汉武帝派张骞出使西域后，和孔雀等一同带回的贡品。而狮舞的技艺却是引自西凉的＂假面戏＂，也有人认为狮舞是五世纪时产生于刘宋的军队，后来传入民间的。两种说法都各有依据，今天已很难判断其是非。</p>\\n","contentMd":"😀😃😄😆\\n舞狮是驱邪避害的吉祥瑞物，每逢节庆或有重大活动必有舞狮助兴，长盛不衰，历代相传。舞狮活动也广泛流传于海外华人社区，有华人之处，必有舞狮，这成为了扬民族之威、立中国之魂的重要仪式，以及海外同胞认祖归宗的文化桥梁，其文化价值和影响十分深远。据说这一习俗是起源于三国时期，在南北朝时开始流行，至今已有一千多年的历史。传说，它最早是从西域传入的，狮子是文殊菩萨的坐骑，随着佛教传入中国，舞狮子的活动也输入中国。狮子是汉武帝派张骞出使西域后，和孔雀等一同带回的贡品。而狮舞的技艺却是引自西凉的＂假面戏＂，也有人认为狮舞是五世纪时产生于刘宋的军队，后来传入民间的。两种说法都各有依据，今天已很难判断其是非。","image":"http://127.0.0.1:8080/localFile/20251111/blog-image/30_65152cdb-3455-4db5-bdfd-7cff5dd9eb29.jpg","status":1}}', 'com.river.controller.blog.BlogController', 'edit'),
	(2456, 'admin', '/sys/menu', 'POST', '添加菜单', '127.0.0.1', '内网IP|内网IP', 31, '2025-11-12 09:31:53', '{"menu":{"id":166,"parentId":0,"path":"layout","component":"Layout","title":"评论管理","sort":1,"icon":"ChatDotSquare","type":"CATALOG","redirect":"","name":"","hidden":0,"isExternal":0,"perm":"","createTime":1762911113267}}', 'com.river.controller.system.SysMenuController', 'addMenu'),
	(2457, 'admin', '/sys/menu', 'PUT', '修改菜单', '127.0.0.1', '内网IP|内网IP', 9, '2025-11-12 09:32:08', '{"menu":{"id":166,"parentId":0,"path":"comments","component":"Layout","title":"评论管理","sort":1,"icon":"ChatDotSquare","type":"CATALOG","redirect":"","name":"","hidden":0,"isExternal":0,"perm":"","createTime":1762911113000,"updateTime":1762911128248}}', 'com.river.controller.system.SysMenuController', 'updateMenu'),
	(2458, 'admin', '/sys/menu', 'POST', '添加菜单', '127.0.0.1', '内网IP|内网IP', 16, '2025-11-12 09:32:54', '{"menu":{"id":167,"parentId":166,"path":"/comments","component":"/comments/index","title":"评论管理","sort":1,"icon":"ChatDotSquare","type":"MENU","redirect":"","name":"","hidden":0,"isExternal":0,"perm":"","createTime":1762911113000}}', 'com.river.controller.system.SysMenuController', 'addMenu'),
	(2459, 'admin', '/sys/menu', 'POST', '添加菜单', '127.0.0.1', '内网IP|内网IP', 10, '2025-11-12 09:33:41', '{"menu":{"id":168,"parentId":167,"path":"","component":"","title":"评论列表","sort":1,"icon":"","type":"BUTTON","redirect":"","name":"","hidden":0,"isExternal":0,"perm":"sys:comments","createTime":1762911113000}}', 'com.river.controller.system.SysMenuController', 'addMenu'),
	(2460, 'admin', '/sys/menu', 'PUT', '修改菜单', '127.0.0.1', '内网IP|内网IP', 17, '2025-11-12 09:34:08', '{"menu":{"id":167,"parentId":166,"path":"comments","component":"/comments/index","title":"评论管理","sort":1,"icon":"ChatDotSquare","type":"MENU","redirect":"","name":"","hidden":0,"isExternal":0,"perm":"","createTime":1762911113000,"updateTime":1762911248459,"children":[{"id":168,"parentId":167,"path":"","component":"","title":"评论列表","sort":1,"icon":"","type":"BUTTON","redirect":"","name":"","hidden":0,"isExternal":0,"perm":"sys:comments","createTime":1762911113000}]}}', 'com.river.controller.system.SysMenuController', 'updateMenu'),
	(2461, 'admin', '/sys/menu', 'POST', '添加菜单', '127.0.0.1', '内网IP|内网IP', 16, '2025-11-12 09:34:30', '{"menu":{"id":169,"parentId":167,"path":"","component":"","title":"新增评论","sort":2,"icon":"","type":"BUTTON","redirect":"","name":"","hidden":1,"isExternal":0,"perm":"sys:comments:add","createTime":1762911113000,"children":[{"id":168,"parentId":167,"path":"","component":"","title":"评论列表","sort":1,"icon":"","type":"BUTTON","redirect":"","name":"","hidden":0,"isExternal":0,"perm":"sys:comments","createTime":1762911113000}]}}', 'com.river.controller.system.SysMenuController', 'addMenu'),
	(2462, 'admin', '/sys/menu', 'PUT', '修改菜单', '127.0.0.1', '内网IP|内网IP', 11, '2025-11-12 09:34:34', '{"menu":{"id":168,"parentId":167,"path":"","component":"","title":"评论列表","sort":1,"icon":"","type":"BUTTON","redirect":"","name":"","hidden":1,"isExternal":0,"perm":"sys:comments","createTime":1762911113000,"updateTime":1762911274709}}', 'com.river.controller.system.SysMenuController', 'updateMenu'),
	(2463, 'admin', '/sys/menu', 'POST', '添加菜单', '127.0.0.1', '内网IP|内网IP', 4, '2025-11-12 09:34:57', '{"menu":{"id":170,"parentId":167,"path":"","component":"","title":"编辑评论","sort":3,"icon":"","type":"BUTTON","redirect":"","name":"","hidden":1,"isExternal":0,"perm":"sys:comments:update","createTime":1762911113000}}', 'com.river.controller.system.SysMenuController', 'addMenu'),
	(2464, 'admin', '/sys/menu', 'POST', '添加菜单', '127.0.0.1', '内网IP|内网IP', 12, '2025-11-12 09:35:19', '{"menu":{"id":171,"parentId":167,"path":"","component":"","title":"删除评论","sort":4,"icon":"","type":"BUTTON","redirect":"","name":"","hidden":1,"isExternal":0,"perm":"sys:comments:delete","createTime":1762911113000}}', 'com.river.controller.system.SysMenuController', 'addMenu'),
	(2465, 'admin', '/sys/menu', 'PUT', '修改菜单', '127.0.0.1', '内网IP|内网IP', 110, '2025-11-12 09:50:54', '{"menu":{"id":1,"parentId":0,"path":"/system","component":"Layout","title":"系统管理","sort":5,"icon":"Setting","type":"CATALOG","redirect":"/system/user","name":"","hidden":0,"isExternal":0,"createTime":1553770268000,"updateTime":1639725966000,"children":[{"id":14,"parentId":1,"path":"user","component":"/system/user/index","title":"用户管理","sort":1,"icon":"User","type":"MENU","name":"","hidden":0,"isExternal":0,"perm":"","createTime":1731863452000,"updateTime":1731863473000,"children":[{"id":39,"parentId":14,"path":"","component":"","title":"用户列表","sort":1,"icon":"","type":"BUTTON","redirect":"","name":"","hidden":1,"isExternal":0,"perm":"sys:user","createTime":1731923655000,"updateTime":1732198053000},{"id":27,"parentId":14,"path":"","component":"","title":"新增用户","sort":2,"icon":"","type":"BUTTON","name":"","hidden":1,"isExternal":0,"perm":"sys:user:add","createTime":1731892694000,"updateTime":1732198530000},{"id":28,"parentId":14,"path":"","component":"","title":"编辑用户","sort":2,"icon":"","type":"BUTTON","name":"","hidden":1,"isExternal":0,"perm":"sys:user:update","createTime":1731892718000,"updateTime":1732171136000},{"id":29,"parentId":14,"path":"","component":"","title":"删除用户","sort":3,"icon":"","type":"BUTTON","name":"","hidden":1,"isExternal":0,"perm":"sys:user:delete","createTime":1731892733000,"updateTime":1732198543000},{"id":52,"parentId":14,"path":"","component":"","title":"重置密码","sort":5,"icon":"","type":"BUTTON","redirect":"","name":"","hidden":1,"isExternal":0,"perm":"sys:user:reset","createTime":1732197630000}]},{"id":2,"parentId":1,"path":"role","component":"/system/role/index","title":"角色管理","sort":2,"icon":"Avatar","type":"MENU","redirect":"","name":"","hidden":0,"isExternal":0,"createTime":1553925603000,"updateTime":1637048442000,"children":[{"id":3,"parentId":2,"title":"角色列表","sort":1,"icon":"","type":"BUTTON","redirect":"","hidden":1,"isExternal":0,"perm":"system:role","updateTime":1731923776000},{"id":8,"parentId":2,"path":"","component":"","title":"新增角色","sort":1,"icon":"","type":"BUTTON","name":"","hidden":1,"isExternal":0,"perm":"sys:role:add","updateTime":1732198616000},{"id":40,"parentId":2,"path":"","component":"","title":"修改角色","sort":2,"icon":"","type":"BUTTON","redirect":"","name":"","hidden":1,"isExternal":0,"perm":"sys:role:update","createTime":1731923770000,"updateTime":1732197892000},{"id":41,"parentId":2,"path":"","component":"","title":"删除角色","sort":3,"icon":"","type":"BUTTON","redirect":"","hidden":1,"isExternal":0,"perm":"sys:role:delete","createTime":1731923794000,"updateTime":1732198637000},{"id":43,"parentId":2,"path":"","component":"","title":"分配权限","sort":5,"icon":"","type":"BUTTON","redirect":"","hidden":1,"isExternal":0,"perm":"sys:role:menus","createTime":1731923848000}]},{"id":9,"parentId":1,"path":"dict","component":"/system/dict/index","title":"字典管理","sort":3,"icon":"Memo","type":"MENU","name":"","hidden":0,"isExternal":0,"createTime":1731850191000,"updateTime":1731850746000,"children":[{"id":10,"parentId":9,"path":"","component":"","title":"新增字典","sort":1,"icon":"","type":"BUTTON","name":"","hidden":1,"isExternal":0,"perm":"sys:dict:add","createTime":1731850223000},{"id":53,"parentId":9,"path":"","component":"","title":"字典列表","sort":1,"icon":"","type":"BUTTON","redirect":"","name":"","hidden":1,"isExternal":0,"perm":"sys:dict","createTime":1731923896000},{"id":11,"parentId":9,"path":"","component":"","title":"修改字典","sort":2,"icon":"","type":"BUTTON","name":"","hidden":1,"isExternal":0,"perm":"sys:dict:update","createTime":1731850354000,"updateTime":1731924095000},{"id":12,"parentId":9,"path":"","component":"","title":"删除字典","sort":3,"icon":"","type":"BUTTON","name":"","hidden":1,"isExternal":0,"perm":"sys:dict:delete","createTime":1731850473000,"updateTime":1731850751000},{"id":44,"parentId":9,"path":"","component":"","title":"批量删除","sort":4,"icon":"","type":"BUTTON","redirect":"","name":"","hidden":1,"isExternal":0,"perm":"sys:dict:deleteBatch","createTime":1731923896000,"updateTime":1732198026000}]},{"id":136,"parentId":1,"path":"/config","component":"/system/config/index","title":"参数管理","sort":4,"icon":"Film","type":"MENU","redirect":"","name":"","hidden":0,"isExternal":0,"perm":"","createTime":1742370967000,"children":[{"id":137,"parentId":136,"path":"","component":"","title":"列表","sort":1,"icon":"","type":"BUTTON","redirect":"","name":"","hidden":1,"isExternal":0,"perm":"sys:config:list","createTime":1742374557000},{"id":138,"parentId":136,"path":"","component":"","title":"添加","sort":2,"icon":"","type":"BUTTON","redirect":"","name":"","hidden":1,"isExternal":0,"perm":"sys:config:add","createTime":1742374569000},{"id":139,"parentId":136,"path":"","component":"","title":"修改","sort":3,"icon":"","type":"BUTTON","redirect":"","name":"","hidden":1,"isExternal":0,"perm":"sys:config:update","createTime":1742374580000},{"id":140,"parentId":136,"path":"","component":"","title":"删除","sort":4,"icon":"","type":"BUTTON","redirect":"","name":"","hidden":1,"isExternal":0,"perm":"sys:config:delete","createTime":1742374594000}]},{"id":13,"parentId":1,"path":"menu","component":"/system/menu/index","title":"菜单管理","sort":5,"icon":"Menu","type":"MENU","redirect":"","name":"menu","hidden":0,"isExternal":0,"updateTime":1637205960000,"children":[{"id":48,"parentId":13,"path":"","component":"","title":"添加菜单","sort":1,"icon":"","type":"BUTTON","redirect":"","hidden":1,"isExternal":0,"perm":"sys:menu:add","createTime":1731923818000},{"id":51,"parentId":13,"path":"","component":"","title":"菜单列表","sort":1,"icon":"","type":"BUTTON","redirect":"","name":"","hidden":1,"isExternal":0,"perm":"sys:menu","createTime":1732197509000},{"id":49,"parentId":13,"path":"","component":"","title":"修改菜单","sort":2,"icon":"","type":"BUTTON","redirect":"","hidden":1,"isExternal":0,"perm":"sys:menu:update","createTime":1731923818000},{"id":50,"parentId":13,"path":"","component":"","title":"删除菜单","sort":3,"icon":"","type":"BUTTON","redirect":"","name":"","hidden":1,"isExternal":0,"perm":"sys:menu:delete","createTime":1732197349000}]},{"id":32,"parentId":1,"path":"log","component":"","title":"日志管理","sort":5,"icon":"DocumentCopy","type":"MENU","redirect":"/system/log/operation","name":"","hidden":0,"isExternal":0,"perm":"","createTime":1731898367000,"updateTime":1731898680000,"children":[{"id":33,"parentId":32,"path":"operation","component":"/system/log/operation/index","title":"操作日志","sort":1,"icon":"CircleCheckFilled","type":"MENU","name":"","hidden":0,"isExternal":0,"perm":"","createTime":1731898390000,"updateTime":1731899122000,"children":[{"id":55,"parentId":33,"path":"","component":"","title":"操作日志列表","sort":1,"icon":"","type":"BUTTON","redirect":"","name":"","hidden":1,"isExternal":0,"perm":"sys:operateLog","createTime":1731898390000,"updateTime":1731899122000},{"id":56,"parentId":33,"path":"","component":"","title":"删除操作日志","sort":2,"icon":"","type":"BUTTON","redirect":"","name":"","hidden":1,"isExternal":0,"perm":"sys:operateLog:delete","createTime":1731898390000,"updateTime":1731899122000}]}]},{"id":128,"parentId":1,"path":"/file","component":"/system/file/index","title":"文件管理","sort":6,"icon":"Folder","type":"MENU","redirect":"","name":"","hidden":0,"isExternal":0,"perm":"","createTime":1739433714000,"children":[{"id":129,"parentId":128,"path":"","component":"","title":"列表","sort":1,"icon":"","type":"BUTTON","redirect":"","name":"","hidden":1,"isExternal":0,"perm":"sys:file:list","createTime":1739437496000},{"id":130,"parentId":128,"path":"","component":"","title":"删除","sort":2,"icon":"","type":"BUTTON","redirect":"","name":"","hidden":1,"isExternal":0,"perm":"sys:file:delete","createTime":1739437509000},{"id":131,"parentId":128,"path":"","component":"","title":"保存oss配置","sort":2,"icon":"","type":"BUTTON","redirect":"","name":"","hidden":1,"isExternal":0,"perm":"sys:oss:submit","createTime":1739437509000}]},{"id":54,"parentId":1,"path":"profile","component":"/system/user/profile/index","title":"个人中心","sort":99,"icon":"Avatar","type":"MENU","redirect":"","name":"","hidden":1,"isExternal":0,"perm":"","createTime":1732198338000,"updateTime":1732198366000}]}}', 'com.river.controller.system.SysMenuController', 'updateMenu'),
	(2466, 'admin', '/sys/menu', 'PUT', '修改菜单', '127.0.0.1', '内网IP|内网IP', 6, '2025-11-12 09:50:57', '{"menu":{"id":4,"parentId":0,"path":"/monitor","component":"Layout","title":"监控中心","sort":6,"icon":"Monitor","type":"CATALOG","redirect":"/monitor/server","name":"","hidden":0,"isExternal":0,"updateTime":1731850705000,"children":[{"id":16,"parentId":4,"path":"server","component":"/monitor/server/index","title":"服务监控","sort":1,"icon":"Crop","type":"MENU","name":"","hidden":0,"isExternal":0,"perm":"","createTime":1731863892000,"updateTime":1731864027000},{"id":17,"parentId":4,"path":"cache","component":"/monitor/cache/index","title":"缓存监控","sort":2,"icon":"Coin","type":"MENU","name":"","hidden":0,"isExternal":0,"perm":"","createTime":1731884209000,"children":[{"id":95,"parentId":17,"path":"","component":"","title":"缓存信息","sort":1,"icon":"","type":"BUTTON","redirect":"","name":"","hidden":0,"isExternal":0,"perm":"monitor:cache:info","createTime":1735395816000,"updateTime":1755855366000},{"id":94,"parentId":17,"path":"","component":"","title":"清空缓存","sort":2,"icon":"","type":"BUTTON","redirect":"","name":"","hidden":0,"isExternal":0,"perm":"monitor:cache","createTime":1735395774000,"updateTime":1755855399000}]},{"id":18,"parentId":4,"path":"job","component":"/monitor/job/index","title":"定时任务","sort":3,"icon":"AlarmClock","type":"MENU","name":"","hidden":0,"isExternal":0,"perm":"","createTime":1731884258000,"children":[{"id":60,"parentId":18,"path":"","component":"","title":"修改定时任务","sort":1,"icon":"","type":"BUTTON","redirect":"","hidden":1,"isExternal":0,"perm":"sys:job:update","createTime":1731923818000,"updateTime":1732197882000},{"id":62,"parentId":18,"path":"","component":"","title":"修改任务状态","sort":1,"icon":"","type":"BUTTON","redirect":"","hidden":0,"isExternal":0,"perm":"sys:job:changeStatus","createTime":1731923818000,"updateTime":1732197882000},{"id":65,"parentId":18,"path":"","component":"","title":"批量删除定时任务","sort":1,"icon":"","type":"BUTTON","redirect":"","name":"","hidden":1,"isExternal":0,"perm":"sys:job:deleteBatch","createTime":1732199821000,"updateTime":1732199885000},{"id":59,"parentId":18,"path":"","component":"","title":"添加定时任务","sort":2,"icon":"","type":"BUTTON","redirect":"","hidden":1,"isExternal":0,"perm":"sys:job:add","createTime":1731923818000,"updateTime":1732197882000},{"id":58,"parentId":18,"path":"","component":"","title":"定时任务列表","sort":3,"icon":"","type":"BUTTON","redirect":"","hidden":1,"isExternal":0,"perm":"sys:job","createTime":1731923818000,"updateTime":1732197882000},{"id":61,"parentId":18,"path":"","component":"","title":"删除定时任务","sort":4,"icon":"","type":"BUTTON","redirect":"","hidden":1,"isExternal":0,"perm":"sys:job:delete","createTime":1731923818000,"updateTime":1732197882000}]},{"id":19,"parentId":4,"path":"job-log","component":"/monitor/job/log","title":"任务调度日志","sort":4,"icon":"Document","type":"MENU","name":"","hidden":0,"isExternal":0,"perm":"","createTime":1731884323000,"updateTime":1731884335000,"children":[{"id":63,"parentId":19,"path":"","component":"","title":"删除定时任务日志","sort":1,"icon":"","type":"BUTTON","redirect":"","name":"","hidden":0,"isExternal":0,"perm":"sys:jobLog:delete","createTime":1732199216000,"updateTime":1755855495000},{"id":66,"parentId":19,"path":"","component":"","title":"定时任务日志列表","sort":1,"icon":"","type":"BUTTON","redirect":"","name":"","hidden":0,"isExternal":0,"perm":"sys:jobLog","createTime":1732201787000,"updateTime":1755855499000},{"id":64,"parentId":19,"path":"","component":"","title":"清空定时任务日志","sort":2,"icon":"","type":"BUTTON","redirect":"","name":"","hidden":0,"isExternal":0,"perm":"sys:jobLog:clean","createTime":1732199229000,"updateTime":1755855502000}]},{"id":67,"parentId":4,"path":"online","component":"/monitor/online/index","title":"在线用户","sort":4,"icon":"Avatar","type":"MENU","redirect":"","name":"","hidden":0,"isExternal":0,"perm":"","createTime":1733200841000,"children":[{"id":104,"parentId":67,"path":"","component":"","title":"列表","sort":1,"icon":"","type":"BUTTON","redirect":"","name":"","hidden":0,"isExternal":0,"perm":"monitor:online:list","createTime":1735890826000,"updateTime":1755855513000},{"id":105,"parentId":67,"path":"","component":"","title":"强退","sort":2,"icon":"","type":"BUTTON","redirect":"","name":"","hidden":0,"isExternal":0,"perm":"monitor:online:forceLogout","createTime":1735890843000,"updateTime":1755855517000}]}]}}', 'com.river.controller.system.SysMenuController', 'updateMenu'),
	(2467, 'admin', '/sys/menu', 'PUT', '修改菜单', '127.0.0.1', '内网IP|内网IP', 7, '2025-11-12 09:51:00', '{"menu":{"id":30,"parentId":0,"path":"/tool","component":"Layout","title":"系统工具","sort":7,"icon":"Suitcase","type":"CATALOG","redirect":"/tool/gen","name":"","hidden":0,"isExternal":0,"perm":"","createTime":1731892870000,"updateTime":1731903835000,"children":[{"id":31,"parentId":30,"path":"gen","component":"/tool/gen/index","title":"代码生成","sort":1,"icon":"Compass","type":"MENU","name":"","hidden":0,"isExternal":0,"perm":"","createTime":1731892912000}]}}', 'com.river.controller.system.SysMenuController', 'updateMenu'),
	(2468, 'admin', '/sys/menu', 'POST', '添加菜单', '127.0.0.1', '内网IP|内网IP', 5, '2025-11-12 09:52:01', '{"menu":{"id":172,"parentId":0,"path":"/order","component":"Layout","title":"订单管理","sort":4,"icon":"Checked","type":"CATALOG","redirect":"","name":"","hidden":0,"isExternal":0,"perm":"","createTime":1731892870000,"updateTime":1731903835000,"children":[{"id":31,"parentId":30,"path":"gen","component":"/tool/gen/index","title":"代码生成","sort":1,"icon":"Compass","type":"MENU","name":"","hidden":0,"isExternal":0,"perm":"","createTime":1731892912000}]}}', 'com.river.controller.system.SysMenuController', 'addMenu'),
	(2469, 'admin', '/sys/menu', 'POST', '添加菜单', '127.0.0.1', '内网IP|内网IP', 2, '2025-11-12 09:52:34', '{"menu":{"id":173,"parentId":172,"path":"order","component":"/order/index","title":"订单管理","sort":1,"icon":"CircleCheck","type":"MENU","redirect":"","name":"","hidden":0,"isExternal":0,"perm":"","createTime":1731892870000,"updateTime":1731903835000,"children":[{"id":31,"parentId":30,"path":"gen","component":"/tool/gen/index","title":"代码生成","sort":1,"icon":"Compass","type":"MENU","name":"","hidden":0,"isExternal":0,"perm":"","createTime":1731892912000}]}}', 'com.river.controller.system.SysMenuController', 'addMenu'),
	(2470, 'admin', '/sys/menu', 'POST', '添加菜单', '127.0.0.1', '内网IP|内网IP', 14, '2025-11-12 09:52:56', '{"menu":{"id":174,"parentId":173,"path":"","component":"","title":"订单列表","sort":1,"icon":"","type":"BUTTON","redirect":"","name":"","hidden":1,"isExternal":0,"perm":"sys:order","createTime":1731892870000,"updateTime":1731903835000,"children":[{"id":31,"parentId":30,"path":"gen","component":"/tool/gen/index","title":"代码生成","sort":1,"icon":"Compass","type":"MENU","name":"","hidden":0,"isExternal":0,"perm":"","createTime":1731892912000}]}}', 'com.river.controller.system.SysMenuController', 'addMenu'),
	(2471, 'admin', '/sys/menu', 'PUT', '修改菜单', '127.0.0.1', '内网IP|内网IP', 98, '2025-11-12 09:57:41', '{"menu":{"id":166,"parentId":0,"path":"/comments","component":"Layout","title":"评论管理","sort":2,"icon":"ChatDotSquare","type":"CATALOG","redirect":"","name":"","hidden":0,"isExternal":0,"perm":"","createTime":1762911113000,"updateTime":1762911128000,"children":[{"id":167,"parentId":166,"path":"comments","component":"/comments/index","title":"评论管理","sort":1,"icon":"ChatDotSquare","type":"MENU","redirect":"","name":"","hidden":0,"isExternal":0,"perm":"","createTime":1762911113000,"updateTime":1762911248000,"children":[{"id":168,"parentId":167,"path":"","component":"","title":"评论列表","sort":1,"icon":"","type":"BUTTON","redirect":"","name":"","hidden":1,"isExternal":0,"perm":"sys:comments","createTime":1762911113000,"updateTime":1762911275000},{"id":169,"parentId":167,"path":"","component":"","title":"新增评论","sort":2,"icon":"","type":"BUTTON","redirect":"","name":"","hidden":1,"isExternal":0,"perm":"sys:comments:add","createTime":1762911113000},{"id":170,"parentId":167,"path":"","component":"","title":"编辑评论","sort":3,"icon":"","type":"BUTTON","redirect":"","name":"","hidden":1,"isExternal":0,"perm":"sys:comments:update","createTime":1762911113000},{"id":171,"parentId":167,"path":"","component":"","title":"删除评论","sort":4,"icon":"","type":"BUTTON","redirect":"","name":"","hidden":1,"isExternal":0,"perm":"sys:comments:delete","createTime":1762911113000}]}]}}', 'com.river.controller.system.SysMenuController', 'updateMenu'),
	(2472, 'admin', '/sys/menu', 'PUT', '修改菜单', '127.0.0.1', '内网IP|内网IP', 6, '2025-11-12 09:57:43', '{"menu":{"id":166,"parentId":0,"path":"/comments","component":"Layout","title":"评论管理","sort":3,"icon":"ChatDotSquare","type":"CATALOG","redirect":"","name":"","hidden":0,"isExternal":0,"perm":"","createTime":1762911113000,"updateTime":1762911128000,"children":[{"id":167,"parentId":166,"path":"comments","component":"/comments/index","title":"评论管理","sort":1,"icon":"ChatDotSquare","type":"MENU","redirect":"","name":"","hidden":0,"isExternal":0,"perm":"","createTime":1762911113000,"updateTime":1762911248000,"children":[{"id":168,"parentId":167,"path":"","component":"","title":"评论列表","sort":1,"icon":"","type":"BUTTON","redirect":"","name":"","hidden":1,"isExternal":0,"perm":"sys:comments","createTime":1762911113000,"updateTime":1762911275000},{"id":169,"parentId":167,"path":"","component":"","title":"新增评论","sort":2,"icon":"","type":"BUTTON","redirect":"","name":"","hidden":1,"isExternal":0,"perm":"sys:comments:add","createTime":1762911113000},{"id":170,"parentId":167,"path":"","component":"","title":"编辑评论","sort":3,"icon":"","type":"BUTTON","redirect":"","name":"","hidden":1,"isExternal":0,"perm":"sys:comments:update","createTime":1762911113000},{"id":171,"parentId":167,"path":"","component":"","title":"删除评论","sort":4,"icon":"","type":"BUTTON","redirect":"","name":"","hidden":1,"isExternal":0,"perm":"sys:comments:delete","createTime":1762911113000}]}]}}', 'com.river.controller.system.SysMenuController', 'updateMenu'),
	(2473, 'admin', '/sys/menu', 'PUT', '修改菜单', '127.0.0.1', '内网IP|内网IP', 11, '2025-11-12 09:57:46', '{"menu":{"id":166,"parentId":0,"path":"/comments","component":"Layout","title":"评论管理","sort":4,"icon":"ChatDotSquare","type":"CATALOG","redirect":"","name":"","hidden":0,"isExternal":0,"perm":"","createTime":1762911113000,"updateTime":1762911128000,"children":[{"id":167,"parentId":166,"path":"comments","component":"/comments/index","title":"评论管理","sort":1,"icon":"ChatDotSquare","type":"MENU","redirect":"","name":"","hidden":0,"isExternal":0,"perm":"","createTime":1762911113000,"updateTime":1762911248000,"children":[{"id":168,"parentId":167,"path":"","component":"","title":"评论列表","sort":1,"icon":"","type":"BUTTON","redirect":"","name":"","hidden":1,"isExternal":0,"perm":"sys:comments","createTime":1762911113000,"updateTime":1762911275000},{"id":169,"parentId":167,"path":"","component":"","title":"新增评论","sort":2,"icon":"","type":"BUTTON","redirect":"","name":"","hidden":1,"isExternal":0,"perm":"sys:comments:add","createTime":1762911113000},{"id":170,"parentId":167,"path":"","component":"","title":"编辑评论","sort":3,"icon":"","type":"BUTTON","redirect":"","name":"","hidden":1,"isExternal":0,"perm":"sys:comments:update","createTime":1762911113000},{"id":171,"parentId":167,"path":"","component":"","title":"删除评论","sort":4,"icon":"","type":"BUTTON","redirect":"","name":"","hidden":1,"isExternal":0,"perm":"sys:comments:delete","createTime":1762911113000}]}]}}', 'com.river.controller.system.SysMenuController', 'updateMenu'),
	(2474, 'admin', '/sys/menu', 'PUT', '修改菜单', '127.0.0.1', '内网IP|内网IP', 6, '2025-11-12 09:57:49', '{"menu":{"id":172,"parentId":0,"path":"/order","component":"Layout","title":"订单管理","sort":5,"icon":"Checked","type":"CATALOG","redirect":"","name":"","hidden":0,"isExternal":0,"perm":"","createTime":1731892870000,"updateTime":1731903835000,"children":[{"id":173,"parentId":172,"path":"order","component":"/order/index","title":"订单管理","sort":1,"icon":"CircleCheck","type":"MENU","redirect":"","name":"","hidden":0,"isExternal":0,"perm":"","createTime":1731892870000,"updateTime":1731903835000,"children":[{"id":174,"parentId":173,"path":"","component":"","title":"订单列表","sort":1,"icon":"","type":"BUTTON","redirect":"","name":"","hidden":1,"isExternal":0,"perm":"sys:order","createTime":1731892870000,"updateTime":1731903835000}]}]}}', 'com.river.controller.system.SysMenuController', 'updateMenu'),
	(2475, 'admin', '/sys/menu', 'PUT', '修改菜单', '127.0.0.1', '内网IP|内网IP', 11, '2025-11-12 09:57:52', '{"menu":{"id":172,"parentId":0,"path":"/order","component":"Layout","title":"订单管理","sort":6,"icon":"Checked","type":"CATALOG","redirect":"","name":"","hidden":0,"isExternal":0,"perm":"","createTime":1731892870000,"updateTime":1731903835000,"children":[{"id":173,"parentId":172,"path":"order","component":"/order/index","title":"订单管理","sort":1,"icon":"CircleCheck","type":"MENU","redirect":"","name":"","hidden":0,"isExternal":0,"perm":"","createTime":1731892870000,"updateTime":1731903835000,"children":[{"id":174,"parentId":173,"path":"","component":"","title":"订单列表","sort":1,"icon":"","type":"BUTTON","redirect":"","name":"","hidden":1,"isExternal":0,"perm":"sys:order","createTime":1731892870000,"updateTime":1731903835000}]}]}}', 'com.river.controller.system.SysMenuController', 'updateMenu'),
	(2476, 'admin', '/sys/menu', 'PUT', '修改菜单', '127.0.0.1', '内网IP|内网IP', 6, '2025-11-12 09:57:55', '{"menu":{"id":172,"parentId":0,"path":"/order","component":"Layout","title":"订单管理","sort":7,"icon":"Checked","type":"CATALOG","redirect":"","name":"","hidden":0,"isExternal":0,"perm":"","createTime":1731892870000,"updateTime":1731903835000,"children":[{"id":173,"parentId":172,"path":"order","component":"/order/index","title":"订单管理","sort":1,"icon":"CircleCheck","type":"MENU","redirect":"","name":"","hidden":0,"isExternal":0,"perm":"","createTime":1731892870000,"updateTime":1731903835000,"children":[{"id":174,"parentId":173,"path":"","component":"","title":"订单列表","sort":1,"icon":"","type":"BUTTON","redirect":"","name":"","hidden":1,"isExternal":0,"perm":"sys:order","createTime":1731892870000,"updateTime":1731903835000}]}]}}', 'com.river.controller.system.SysMenuController', 'updateMenu'),
	(2477, 'admin', '/sys/menu', 'PUT', '修改菜单', '127.0.0.1', '内网IP|内网IP', 4, '2025-11-12 09:57:58', '{"menu":{"id":172,"parentId":0,"path":"/order","component":"Layout","title":"订单管理","sort":8,"icon":"Checked","type":"CATALOG","redirect":"","name":"","hidden":0,"isExternal":0,"perm":"","createTime":1731892870000,"updateTime":1731903835000,"children":[{"id":173,"parentId":172,"path":"order","component":"/order/index","title":"订单管理","sort":1,"icon":"CircleCheck","type":"MENU","redirect":"","name":"","hidden":0,"isExternal":0,"perm":"","createTime":1731892870000,"updateTime":1731903835000,"children":[{"id":174,"parentId":173,"path":"","component":"","title":"订单列表","sort":1,"icon":"","type":"BUTTON","redirect":"","name":"","hidden":1,"isExternal":0,"perm":"sys:order","createTime":1731892870000,"updateTime":1731903835000}]}]}}', 'com.river.controller.system.SysMenuController', 'updateMenu'),
	(2478, 'admin', '/sys/menu', 'POST', '添加菜单', '127.0.0.1', '内网IP|内网IP', 7, '2025-11-12 09:58:48', '{"menu":{"id":175,"parentId":0,"path":"/slider","component":"Layout","title":"轮播图管理","sort":1,"icon":"FullScreen","type":"CATALOG","redirect":"","name":"","hidden":0,"isExternal":0,"perm":"","createTime":1731892870000,"updateTime":1731903835000,"children":[{"id":173,"parentId":172,"path":"order","component":"/order/index","title":"订单管理","sort":1,"icon":"CircleCheck","type":"MENU","redirect":"","name":"","hidden":0,"isExternal":0,"perm":"","createTime":1731892870000,"updateTime":1731903835000,"children":[{"id":174,"parentId":173,"path":"","component":"","title":"订单列表","sort":1,"icon":"","type":"BUTTON","redirect":"","name":"","hidden":1,"isExternal":0,"perm":"sys:order","createTime":1731892870000,"updateTime":1731903835000}]}]}}', 'com.river.controller.system.SysMenuController', 'addMenu'),
	(2479, 'admin', '/sys/menu', 'POST', '添加菜单', '127.0.0.1', '内网IP|内网IP', 7, '2025-11-12 10:00:09', '{"menu":{"id":176,"parentId":175,"path":"indexSlider","component":"/indexSlider/index","title":"首页轮播图","sort":1,"icon":"View","type":"MENU","redirect":"","name":"","hidden":0,"isExternal":0,"perm":"","createTime":1731892870000,"updateTime":1731903835000,"children":[{"id":173,"parentId":172,"path":"order","component":"/order/index","title":"订单管理","sort":1,"icon":"CircleCheck","type":"MENU","redirect":"","name":"","hidden":0,"isExternal":0,"perm":"","createTime":1731892870000,"updateTime":1731903835000,"children":[{"id":174,"parentId":173,"path":"","component":"","title":"订单列表","sort":1,"icon":"","type":"BUTTON","redirect":"","name":"","hidden":1,"isExternal":0,"perm":"sys:order","createTime":1731892870000,"updateTime":1731903835000}]}]}}', 'com.river.controller.system.SysMenuController', 'addMenu'),
	(2480, 'admin', '/sys/menu', 'POST', '添加菜单', '127.0.0.1', '内网IP|内网IP', 14, '2025-11-12 10:00:47', '{"menu":{"id":177,"parentId":175,"path":"shopSlider","component":"/shopSlider/index","title":"商品轮播图","sort":2,"icon":"VideoPlay","type":"MENU","redirect":"","name":"","hidden":0,"isExternal":0,"perm":"","createTime":1731892870000,"updateTime":1731903835000,"children":[{"id":173,"parentId":172,"path":"order","component":"/order/index","title":"订单管理","sort":1,"icon":"CircleCheck","type":"MENU","redirect":"","name":"","hidden":0,"isExternal":0,"perm":"","createTime":1731892870000,"updateTime":1731903835000,"children":[{"id":174,"parentId":173,"path":"","component":"","title":"订单列表","sort":1,"icon":"","type":"BUTTON","redirect":"","name":"","hidden":1,"isExternal":0,"perm":"sys:order","createTime":1731892870000,"updateTime":1731903835000}]}]}}', 'com.river.controller.system.SysMenuController', 'addMenu'),
	(2481, 'admin', '/sys/menu', 'PUT', '修改菜单', '127.0.0.1', '内网IP|内网IP', 12, '2025-11-12 10:01:35', '{"menu":{"id":172,"parentId":0,"path":"/order","component":"Layout","title":"订单管理","sort":4,"icon":"Checked","type":"CATALOG","redirect":"","name":"","hidden":0,"isExternal":0,"perm":"","createTime":1731892870000,"updateTime":1731903835000,"children":[{"id":173,"parentId":172,"path":"order","component":"/order/index","title":"订单管理","sort":1,"icon":"CircleCheck","type":"MENU","redirect":"","name":"","hidden":0,"isExternal":0,"perm":"","createTime":1731892870000,"updateTime":1731903835000,"children":[{"id":174,"parentId":173,"path":"","component":"","title":"订单列表","sort":1,"icon":"","type":"BUTTON","redirect":"","name":"","hidden":1,"isExternal":0,"perm":"sys:order","createTime":1731892870000,"updateTime":1731903835000}]}]}}', 'com.river.controller.system.SysMenuController', 'updateMenu'),
	(2482, 'admin', '/sys/menu', 'PUT', '修改菜单', '127.0.0.1', '内网IP|内网IP', 12, '2025-11-12 10:01:40', '{"menu":{"id":166,"parentId":0,"path":"/comments","component":"Layout","title":"评论管理","sort":5,"icon":"ChatDotSquare","type":"CATALOG","redirect":"","name":"","hidden":0,"isExternal":0,"perm":"","createTime":1762911113000,"updateTime":1762911128000,"children":[{"id":167,"parentId":166,"path":"comments","component":"/comments/index","title":"评论管理","sort":1,"icon":"ChatDotSquare","type":"MENU","redirect":"","name":"","hidden":0,"isExternal":0,"perm":"","createTime":1762911113000,"updateTime":1762911248000,"children":[{"id":168,"parentId":167,"path":"","component":"","title":"评论列表","sort":1,"icon":"","type":"BUTTON","redirect":"","name":"","hidden":1,"isExternal":0,"perm":"sys:comments","createTime":1762911113000,"updateTime":1762911275000},{"id":169,"parentId":167,"path":"","component":"","title":"新增评论","sort":2,"icon":"","type":"BUTTON","redirect":"","name":"","hidden":1,"isExternal":0,"perm":"sys:comments:add","createTime":1762911113000},{"id":170,"parentId":167,"path":"","component":"","title":"编辑评论","sort":3,"icon":"","type":"BUTTON","redirect":"","name":"","hidden":1,"isExternal":0,"perm":"sys:comments:update","createTime":1762911113000},{"id":171,"parentId":167,"path":"","component":"","title":"删除评论","sort":4,"icon":"","type":"BUTTON","redirect":"","name":"","hidden":1,"isExternal":0,"perm":"sys:comments:delete","createTime":1762911113000}]}]}}', 'com.river.controller.system.SysMenuController', 'updateMenu'),
	(2483, 'admin', '/sys/menu', 'PUT', '修改菜单', '127.0.0.1', '内网IP|内网IP', 18, '2025-11-12 10:01:46', '{"menu":{"id":1,"parentId":0,"path":"/system","component":"Layout","title":"系统管理","sort":6,"icon":"Setting","type":"CATALOG","redirect":"/system/user","name":"","hidden":0,"isExternal":0,"createTime":1553770268000,"updateTime":1639725966000,"children":[{"id":14,"parentId":1,"path":"user","component":"/system/user/index","title":"用户管理","sort":1,"icon":"User","type":"MENU","name":"","hidden":0,"isExternal":0,"perm":"","createTime":1731863452000,"updateTime":1731863473000,"children":[{"id":39,"parentId":14,"path":"","component":"","title":"用户列表","sort":1,"icon":"","type":"BUTTON","redirect":"","name":"","hidden":1,"isExternal":0,"perm":"sys:user","createTime":1731923655000,"updateTime":1732198053000},{"id":27,"parentId":14,"path":"","component":"","title":"新增用户","sort":2,"icon":"","type":"BUTTON","name":"","hidden":1,"isExternal":0,"perm":"sys:user:add","createTime":1731892694000,"updateTime":1732198530000},{"id":28,"parentId":14,"path":"","component":"","title":"编辑用户","sort":2,"icon":"","type":"BUTTON","name":"","hidden":1,"isExternal":0,"perm":"sys:user:update","createTime":1731892718000,"updateTime":1732171136000},{"id":29,"parentId":14,"path":"","component":"","title":"删除用户","sort":3,"icon":"","type":"BUTTON","name":"","hidden":1,"isExternal":0,"perm":"sys:user:delete","createTime":1731892733000,"updateTime":1732198543000},{"id":52,"parentId":14,"path":"","component":"","title":"重置密码","sort":5,"icon":"","type":"BUTTON","redirect":"","name":"","hidden":1,"isExternal":0,"perm":"sys:user:reset","createTime":1732197630000}]},{"id":2,"parentId":1,"path":"role","component":"/system/role/index","title":"角色管理","sort":2,"icon":"Avatar","type":"MENU","redirect":"","name":"","hidden":0,"isExternal":0,"createTime":1553925603000,"updateTime":1637048442000,"children":[{"id":3,"parentId":2,"title":"角色列表","sort":1,"icon":"","type":"BUTTON","redirect":"","hidden":1,"isExternal":0,"perm":"system:role","updateTime":1731923776000},{"id":8,"parentId":2,"path":"","component":"","title":"新增角色","sort":1,"icon":"","type":"BUTTON","name":"","hidden":1,"isExternal":0,"perm":"sys:role:add","updateTime":1732198616000},{"id":40,"parentId":2,"path":"","component":"","title":"修改角色","sort":2,"icon":"","type":"BUTTON","redirect":"","name":"","hidden":1,"isExternal":0,"perm":"sys:role:update","createTime":1731923770000,"updateTime":1732197892000},{"id":41,"parentId":2,"path":"","component":"","title":"删除角色","sort":3,"icon":"","type":"BUTTON","redirect":"","hidden":1,"isExternal":0,"perm":"sys:role:delete","createTime":1731923794000,"updateTime":1732198637000},{"id":43,"parentId":2,"path":"","component":"","title":"分配权限","sort":5,"icon":"","type":"BUTTON","redirect":"","hidden":1,"isExternal":0,"perm":"sys:role:menus","createTime":1731923848000}]},{"id":9,"parentId":1,"path":"dict","component":"/system/dict/index","title":"字典管理","sort":3,"icon":"Memo","type":"MENU","name":"","hidden":0,"isExternal":0,"createTime":1731850191000,"updateTime":1731850746000,"children":[{"id":10,"parentId":9,"path":"","component":"","title":"新增字典","sort":1,"icon":"","type":"BUTTON","name":"","hidden":1,"isExternal":0,"perm":"sys:dict:add","createTime":1731850223000},{"id":53,"parentId":9,"path":"","component":"","title":"字典列表","sort":1,"icon":"","type":"BUTTON","redirect":"","name":"","hidden":1,"isExternal":0,"perm":"sys:dict","createTime":1731923896000},{"id":11,"parentId":9,"path":"","component":"","title":"修改字典","sort":2,"icon":"","type":"BUTTON","name":"","hidden":1,"isExternal":0,"perm":"sys:dict:update","createTime":1731850354000,"updateTime":1731924095000},{"id":12,"parentId":9,"path":"","component":"","title":"删除字典","sort":3,"icon":"","type":"BUTTON","name":"","hidden":1,"isExternal":0,"perm":"sys:dict:delete","createTime":1731850473000,"updateTime":1731850751000},{"id":44,"parentId":9,"path":"","component":"","title":"批量删除","sort":4,"icon":"","type":"BUTTON","redirect":"","name":"","hidden":1,"isExternal":0,"perm":"sys:dict:deleteBatch","createTime":1731923896000,"updateTime":1732198026000}]},{"id":136,"parentId":1,"path":"/config","component":"/system/config/index","title":"参数管理","sort":4,"icon":"Film","type":"MENU","redirect":"","name":"","hidden":0,"isExternal":0,"perm":"","createTime":1742370967000,"children":[{"id":137,"parentId":136,"path":"","component":"","title":"列表","sort":1,"icon":"","type":"BUTTON","redirect":"","name":"","hidden":1,"isExternal":0,"perm":"sys:config:list","createTime":1742374557000},{"id":138,"parentId":136,"path":"","component":"","title":"添加","sort":2,"icon":"","type":"BUTTON","redirect":"","name":"","hidden":1,"isExternal":0,"perm":"sys:config:add","createTime":1742374569000},{"id":139,"parentId":136,"path":"","component":"","title":"修改","sort":3,"icon":"","type":"BUTTON","redirect":"","name":"","hidden":1,"isExternal":0,"perm":"sys:config:update","createTime":1742374580000},{"id":140,"parentId":136,"path":"","component":"","title":"删除","sort":4,"icon":"","type":"BUTTON","redirect":"","name":"","hidden":1,"isExternal":0,"perm":"sys:config:delete","createTime":1742374594000}]},{"id":13,"parentId":1,"path":"menu","component":"/system/menu/index","title":"菜单管理","sort":5,"icon":"Menu","type":"MENU","redirect":"","name":"menu","hidden":0,"isExternal":0,"updateTime":1637205960000,"children":[{"id":48,"parentId":13,"path":"","component":"","title":"添加菜单","sort":1,"icon":"","type":"BUTTON","redirect":"","hidden":1,"isExternal":0,"perm":"sys:menu:add","createTime":1731923818000},{"id":51,"parentId":13,"path":"","component":"","title":"菜单列表","sort":1,"icon":"","type":"BUTTON","redirect":"","name":"","hidden":1,"isExternal":0,"perm":"sys:menu","createTime":1732197509000},{"id":49,"parentId":13,"path":"","component":"","title":"修改菜单","sort":2,"icon":"","type":"BUTTON","redirect":"","hidden":1,"isExternal":0,"perm":"sys:menu:update","createTime":1731923818000},{"id":50,"parentId":13,"path":"","component":"","title":"删除菜单","sort":3,"icon":"","type":"BUTTON","redirect":"","name":"","hidden":1,"isExternal":0,"perm":"sys:menu:delete","createTime":1732197349000}]},{"id":32,"parentId":1,"path":"log","component":"","title":"日志管理","sort":5,"icon":"DocumentCopy","type":"MENU","redirect":"/system/log/operation","name":"","hidden":0,"isExternal":0,"perm":"","createTime":1731898367000,"updateTime":1731898680000,"children":[{"id":33,"parentId":32,"path":"operation","component":"/system/log/operation/index","title":"操作日志","sort":1,"icon":"CircleCheckFilled","type":"MENU","name":"","hidden":0,"isExternal":0,"perm":"","createTime":1731898390000,"updateTime":1731899122000,"children":[{"id":55,"parentId":33,"path":"","component":"","title":"操作日志列表","sort":1,"icon":"","type":"BUTTON","redirect":"","name":"","hidden":1,"isExternal":0,"perm":"sys:operateLog","createTime":1731898390000,"updateTime":1731899122000},{"id":56,"parentId":33,"path":"","component":"","title":"删除操作日志","sort":2,"icon":"","type":"BUTTON","redirect":"","name":"","hidden":1,"isExternal":0,"perm":"sys:operateLog:delete","createTime":1731898390000,"updateTime":1731899122000}]}]},{"id":128,"parentId":1,"path":"/file","component":"/system/file/index","title":"文件管理","sort":6,"icon":"Folder","type":"MENU","redirect":"","name":"","hidden":0,"isExternal":0,"perm":"","createTime":1739433714000,"children":[{"id":129,"parentId":128,"path":"","component":"","title":"列表","sort":1,"icon":"","type":"BUTTON","redirect":"","name":"","hidden":1,"isExternal":0,"perm":"sys:file:list","createTime":1739437496000},{"id":130,"parentId":128,"path":"","component":"","title":"删除","sort":2,"icon":"","type":"BUTTON","redirect":"","name":"","hidden":1,"isExternal":0,"perm":"sys:file:delete","createTime":1739437509000},{"id":131,"parentId":128,"path":"","component":"","title":"保存oss配置","sort":2,"icon":"","type":"BUTTON","redirect":"","name":"","hidden":1,"isExternal":0,"perm":"sys:oss:submit","createTime":1739437509000}]},{"id":54,"parentId":1,"path":"profile","component":"/system/user/profile/index","title":"个人中心","sort":99,"icon":"Avatar","type":"MENU","redirect":"","name":"","hidden":1,"isExternal":0,"perm":"","createTime":1732198338000,"updateTime":1732198366000}]}}', 'com.river.controller.system.SysMenuController', 'updateMenu'),
	(2484, 'admin', '/sys/menu', 'PUT', '修改菜单', '127.0.0.1', '内网IP|内网IP', 14, '2025-11-12 10:02:06', '{"menu":{"id":4,"parentId":0,"path":"/monitor","component":"Layout","title":"监控中心","sort":7,"icon":"Monitor","type":"CATALOG","redirect":"/monitor/server","name":"","hidden":0,"isExternal":0,"updateTime":1731850705000,"children":[{"id":16,"parentId":4,"path":"server","component":"/monitor/server/index","title":"服务监控","sort":1,"icon":"Crop","type":"MENU","name":"","hidden":0,"isExternal":0,"perm":"","createTime":1731863892000,"updateTime":1731864027000},{"id":17,"parentId":4,"path":"cache","component":"/monitor/cache/index","title":"缓存监控","sort":2,"icon":"Coin","type":"MENU","name":"","hidden":0,"isExternal":0,"perm":"","createTime":1731884209000,"children":[{"id":95,"parentId":17,"path":"","component":"","title":"缓存信息","sort":1,"icon":"","type":"BUTTON","redirect":"","name":"","hidden":0,"isExternal":0,"perm":"monitor:cache:info","createTime":1735395816000,"updateTime":1755855366000},{"id":94,"parentId":17,"path":"","component":"","title":"清空缓存","sort":2,"icon":"","type":"BUTTON","redirect":"","name":"","hidden":0,"isExternal":0,"perm":"monitor:cache","createTime":1735395774000,"updateTime":1755855399000}]},{"id":18,"parentId":4,"path":"job","component":"/monitor/job/index","title":"定时任务","sort":3,"icon":"AlarmClock","type":"MENU","name":"","hidden":0,"isExternal":0,"perm":"","createTime":1731884258000,"children":[{"id":60,"parentId":18,"path":"","component":"","title":"修改定时任务","sort":1,"icon":"","type":"BUTTON","redirect":"","hidden":1,"isExternal":0,"perm":"sys:job:update","createTime":1731923818000,"updateTime":1732197882000},{"id":62,"parentId":18,"path":"","component":"","title":"修改任务状态","sort":1,"icon":"","type":"BUTTON","redirect":"","hidden":0,"isExternal":0,"perm":"sys:job:changeStatus","createTime":1731923818000,"updateTime":1732197882000},{"id":65,"parentId":18,"path":"","component":"","title":"批量删除定时任务","sort":1,"icon":"","type":"BUTTON","redirect":"","name":"","hidden":1,"isExternal":0,"perm":"sys:job:deleteBatch","createTime":1732199821000,"updateTime":1732199885000},{"id":59,"parentId":18,"path":"","component":"","title":"添加定时任务","sort":2,"icon":"","type":"BUTTON","redirect":"","hidden":1,"isExternal":0,"perm":"sys:job:add","createTime":1731923818000,"updateTime":1732197882000},{"id":58,"parentId":18,"path":"","component":"","title":"定时任务列表","sort":3,"icon":"","type":"BUTTON","redirect":"","hidden":1,"isExternal":0,"perm":"sys:job","createTime":1731923818000,"updateTime":1732197882000},{"id":61,"parentId":18,"path":"","component":"","title":"删除定时任务","sort":4,"icon":"","type":"BUTTON","redirect":"","hidden":1,"isExternal":0,"perm":"sys:job:delete","createTime":1731923818000,"updateTime":1732197882000}]},{"id":19,"parentId":4,"path":"job-log","component":"/monitor/job/log","title":"任务调度日志","sort":4,"icon":"Document","type":"MENU","name":"","hidden":0,"isExternal":0,"perm":"","createTime":1731884323000,"updateTime":1731884335000,"children":[{"id":63,"parentId":19,"path":"","component":"","title":"删除定时任务日志","sort":1,"icon":"","type":"BUTTON","redirect":"","name":"","hidden":0,"isExternal":0,"perm":"sys:jobLog:delete","createTime":1732199216000,"updateTime":1755855495000},{"id":66,"parentId":19,"path":"","component":"","title":"定时任务日志列表","sort":1,"icon":"","type":"BUTTON","redirect":"","name":"","hidden":0,"isExternal":0,"perm":"sys:jobLog","createTime":1732201787000,"updateTime":1755855499000},{"id":64,"parentId":19,"path":"","component":"","title":"清空定时任务日志","sort":2,"icon":"","type":"BUTTON","redirect":"","name":"","hidden":0,"isExternal":0,"perm":"sys:jobLog:clean","createTime":1732199229000,"updateTime":1755855502000}]},{"id":67,"parentId":4,"path":"online","component":"/monitor/online/index","title":"在线用户","sort":4,"icon":"Avatar","type":"MENU","redirect":"","name":"","hidden":0,"isExternal":0,"perm":"","createTime":1733200841000,"children":[{"id":104,"parentId":67,"path":"","component":"","title":"列表","sort":1,"icon":"","type":"BUTTON","redirect":"","name":"","hidden":0,"isExternal":0,"perm":"monitor:online:list","createTime":1735890826000,"updateTime":1755855513000},{"id":105,"parentId":67,"path":"","component":"","title":"强退","sort":2,"icon":"","type":"BUTTON","redirect":"","name":"","hidden":0,"isExternal":0,"perm":"monitor:online:forceLogout","createTime":1735890843000,"updateTime":1755855517000}]}]}}', 'com.river.controller.system.SysMenuController', 'updateMenu'),
	(2485, 'admin', '/sys/menu', 'PUT', '修改菜单', '127.0.0.1', '内网IP|内网IP', 6, '2025-11-12 10:02:09', '{"menu":{"id":30,"parentId":0,"path":"/tool","component":"Layout","title":"系统工具","sort":8,"icon":"Suitcase","type":"CATALOG","redirect":"/tool/gen","name":"","hidden":0,"isExternal":0,"perm":"","createTime":1731892870000,"updateTime":1731903835000,"children":[{"id":31,"parentId":30,"path":"gen","component":"/tool/gen/index","title":"代码生成","sort":1,"icon":"Compass","type":"MENU","name":"","hidden":0,"isExternal":0,"perm":"","createTime":1731892912000}]}}', 'com.river.controller.system.SysMenuController', 'updateMenu'),
	(2486, 'admin', '/sys/menu', 'PUT', '修改菜单', '127.0.0.1', '内网IP|内网IP', 13, '2025-11-12 10:02:16', '{"menu":{"id":166,"parentId":0,"path":"/comments","component":"Layout","title":"评论管理","sort":3,"icon":"ChatDotSquare","type":"CATALOG","redirect":"","name":"","hidden":0,"isExternal":0,"perm":"","createTime":1762911113000,"updateTime":1762911128000,"children":[{"id":167,"parentId":166,"path":"comments","component":"/comments/index","title":"评论管理","sort":1,"icon":"ChatDotSquare","type":"MENU","redirect":"","name":"","hidden":0,"isExternal":0,"perm":"","createTime":1762911113000,"updateTime":1762911248000,"children":[{"id":168,"parentId":167,"path":"","component":"","title":"评论列表","sort":1,"icon":"","type":"BUTTON","redirect":"","name":"","hidden":1,"isExternal":0,"perm":"sys:comments","createTime":1762911113000,"updateTime":1762911275000},{"id":169,"parentId":167,"path":"","component":"","title":"新增评论","sort":2,"icon":"","type":"BUTTON","redirect":"","name":"","hidden":1,"isExternal":0,"perm":"sys:comments:add","createTime":1762911113000},{"id":170,"parentId":167,"path":"","component":"","title":"编辑评论","sort":3,"icon":"","type":"BUTTON","redirect":"","name":"","hidden":1,"isExternal":0,"perm":"sys:comments:update","createTime":1762911113000},{"id":171,"parentId":167,"path":"","component":"","title":"删除评论","sort":4,"icon":"","type":"BUTTON","redirect":"","name":"","hidden":1,"isExternal":0,"perm":"sys:comments:delete","createTime":1762911113000}]}]}}', 'com.river.controller.system.SysMenuController', 'updateMenu'),
	(2487, 'admin', '/sys/menu', 'PUT', '修改菜单', '127.0.0.1', '内网IP|内网IP', 14, '2025-11-12 10:02:23', '{"menu":{"id":144,"parentId":0,"path":"/product","component":"Layout","title":"商品管理","sort":4,"icon":"ShoppingCart","type":"CATALOG","redirect":"Layout","name":"","hidden":0,"isExternal":0,"perm":"","createTime":1762740334000,"updateTime":1762740345000,"children":[{"id":145,"parentId":144,"path":"product","component":"/product/index","title":"商品管理","sort":1,"icon":"Goods","type":"MENU","redirect":"","name":"","hidden":0,"isExternal":0,"perm":"","createTime":1762740412000,"updateTime":1762740423000,"children":[{"id":146,"parentId":145,"path":"","component":"","title":"商品列表","sort":1,"icon":"","type":"BUTTON","redirect":"","name":"","hidden":1,"isExternal":0,"perm":"sys:product","createTime":1762831991000,"updateTime":1762832065000},{"id":147,"parentId":145,"path":"","component":"","title":"新增商品","sort":2,"icon":"","type":"BUTTON","redirect":"","name":"","hidden":1,"isExternal":0,"perm":"sys:product:add","createTime":1762832055000,"updateTime":1762832130000},{"id":148,"parentId":145,"path":"","component":"","title":"编辑商品","sort":3,"icon":"","type":"BUTTON","redirect":"","name":"","hidden":1,"isExternal":0,"perm":"sys:product:update","createTime":1762831991000,"updateTime":1762832132000},{"id":149,"parentId":145,"path":"","component":"","title":"删除商品","sort":4,"icon":"","type":"BUTTON","redirect":"","name":"","hidden":1,"isExternal":0,"perm":"sys:product:delete","createTime":1762831991000,"updateTime":1762832136000},{"id":160,"parentId":145,"path":"","component":"","title":"上架下架","sort":5,"icon":"","type":"BUTTON","redirect":"","name":"","hidden":1,"isExternal":0,"perm":"sys:product:status","createTime":1762849972000}]},{"id":150,"parentId":144,"path":"brand","component":"/brand/index","title":"品牌管理","sort":2,"icon":"Flag","type":"MENU","redirect":"","name":"","hidden":0,"isExternal":0,"perm":"","createTime":1762832206000,"updateTime":1762832255000,"children":[{"id":151,"parentId":150,"path":"","component":"","title":"品牌列表","sort":1,"icon":"","type":"BUTTON","redirect":"","name":"","hidden":1,"isExternal":0,"perm":"sys:brand","createTime":1762832206000},{"id":152,"parentId":150,"path":"","component":"","title":"新增品牌","sort":2,"icon":"","type":"BUTTON","redirect":"","name":"","hidden":1,"isExternal":0,"perm":"sys:brand:add","createTime":1762832206000,"updateTime":1762832307000},{"id":153,"parentId":150,"path":"","component":"","title":"编辑品牌","sort":3,"icon":"","type":"BUTTON","redirect":"","name":"","hidden":1,"isExternal":0,"perm":"sys:brand:update","createTime":1762832206000},{"id":154,"parentId":150,"path":"","component":"","title":"删除品牌","sort":4,"icon":"","type":"BUTTON","redirect":"","name":"","hidden":1,"isExternal":0,"perm":"sys:brand:delete","createTime":1762832206000}]},{"id":155,"parentId":144,"path":"category","component":"/category/index","title":"分类管理","sort":3,"icon":"Fries","type":"MENU","redirect":"","name":"","hidden":0,"isExternal":0,"perm":"","createTime":1762832206000,"children":[{"id":156,"parentId":155,"path":"","component":"","title":"分类列表","sort":1,"icon":"","type":"BUTTON","redirect":"","name":"","hidden":1,"isExternal":0,"perm":"sys:category","createTime":1762832206000},{"id":157,"parentId":155,"path":"","component":"","title":"新增分类","sort":2,"icon":"","type":"BUTTON","redirect":"","name":"","hidden":1,"isExternal":0,"perm":"sys:category:add","createTime":1762832206000},{"id":158,"parentId":155,"path":"","component":"","title":"编辑分类","sort":3,"icon":"","type":"BUTTON","redirect":"","name":"","hidden":1,"isExternal":0,"perm":"sys:category:update","createTime":1762832206000},{"id":159,"parentId":155,"path":"","component":"","title":"删除分类","sort":4,"icon":"","type":"BUTTON","redirect":"","name":"","hidden":1,"isExternal":0,"perm":"sys:category:delete","createTime":1762832206000}]}]}}', 'com.river.controller.system.SysMenuController', 'updateMenu'),
	(2488, 'admin', '/sys/menu', 'PUT', '修改菜单', '127.0.0.1', '内网IP|内网IP', 4, '2025-11-12 10:02:28', '{"menu":{"id":172,"parentId":0,"path":"/order","component":"Layout","title":"订单管理","sort":5,"icon":"Checked","type":"CATALOG","redirect":"","name":"","hidden":0,"isExternal":0,"perm":"","createTime":1731892870000,"updateTime":1731903835000,"children":[{"id":173,"parentId":172,"path":"order","component":"/order/index","title":"订单管理","sort":1,"icon":"CircleCheck","type":"MENU","redirect":"","name":"","hidden":0,"isExternal":0,"perm":"","createTime":1731892870000,"updateTime":1731903835000,"children":[{"id":174,"parentId":173,"path":"","component":"","title":"订单列表","sort":1,"icon":"","type":"BUTTON","redirect":"","name":"","hidden":1,"isExternal":0,"perm":"sys:order","createTime":1731892870000,"updateTime":1731903835000}]}]}}', 'com.river.controller.system.SysMenuController', 'updateMenu'),
	(2489, 'admin', '/sys/menu', 'PUT', '修改菜单', '127.0.0.1', '内网IP|内网IP', 95, '2025-11-12 10:11:37', '{"menu":{"id":176,"parentId":175,"path":"indexSlider","component":"/slider/indexSlier/index","title":"首页轮播图","sort":1,"icon":"View","type":"MENU","redirect":"","name":"","hidden":0,"isExternal":0,"perm":"","createTime":1731892870000,"updateTime":1731903835000}}', 'com.river.controller.system.SysMenuController', 'updateMenu'),
	(2490, 'admin', '/sys/menu', 'PUT', '修改菜单', '127.0.0.1', '内网IP|内网IP', 5, '2025-11-12 10:12:26', '{"menu":{"id":176,"parentId":175,"path":"indexSlider","component":"/slider/indexSlider/index","title":"首页轮播图","sort":1,"icon":"View","type":"MENU","redirect":"","name":"","hidden":0,"isExternal":0,"perm":"","createTime":1731892870000,"updateTime":1731903835000}}', 'com.river.controller.system.SysMenuController', 'updateMenu'),
	(2491, 'admin', '/sys/menu', 'PUT', '修改菜单', '127.0.0.1', '内网IP|内网IP', 87, '2025-11-12 10:14:18', '{"menu":{"id":177,"parentId":175,"path":"shopSlider","component":"/slider/shopSlider/index","title":"商品轮播图","sort":2,"icon":"VideoPlay","type":"MENU","redirect":"","name":"","hidden":0,"isExternal":0,"perm":"","createTime":1731892870000,"updateTime":1731903835000}}', 'com.river.controller.system.SysMenuController', 'updateMenu'),
	(2492, 'admin', '/sys/menu', 'POST', '添加菜单', '127.0.0.1', '内网IP|内网IP', 122, '2025-11-12 11:31:23', '{"menu":{"id":178,"parentId":145,"path":"","component":"","title":"添加官方收藏","sort":6,"icon":"","type":"BUTTON","redirect":"","name":"","hidden":1,"isExternal":0,"perm":"sys:officialCollection:add","createTime":1762918283534}}', 'com.river.controller.system.SysMenuController', 'addMenu'),
	(2493, 'admin', '/sys/menu', 'POST', '添加菜单', '127.0.0.1', '内网IP|内网IP', 17, '2025-11-12 11:31:38', '{"menu":{"id":179,"parentId":145,"path":"","component":"","title":"删除官方收藏","sort":7,"icon":"","type":"BUTTON","redirect":"","name":"","hidden":1,"isExternal":0,"perm":"sys:officialCollection:delete","createTime":1762918298249}}', 'com.river.controller.system.SysMenuController', 'addMenu'),
	(2494, 'admin', '/sys/role/menus/1', 'PUT', '修改角色权限', '127.0.0.1', '内网IP|内网IP', 27, '2025-11-12 11:32:00', '{"id":1,"menuIds":[175,176,177,142,143,161,162,163,164,165,166,167,168,169,170,171,144,145,146,147,148,149,160,178,179,150,151,152,153,154,155,156,157,158,159,172,173,174,1,14,39,27,28,29,52,2,3,8,40,41,43,9,10,53,11,12,44,136,137,138,139,140,13,48,51,49,50,32,33,55,56,128,129,130,131,54,4,16,17,95,94,18,60,62,65,59,58,61,19,63,66,64,67,104,105,30,31]}', 'com.river.controller.system.SysRoleController', 'updateRoleMenus'),
	(2495, 'admin', '/sys/officialCollection/add/61', 'PUT', '添加官方收藏', '127.0.0.1', '内网IP|内网IP', 117, '2025-11-12 11:39:11', '{"productId":61}', 'com.river.controller.officalCollection.OfficialCollectionController', 'add'),
	(2496, 'admin', '/sys/officialCollection/add/61', 'PUT', '添加官方收藏', '127.0.0.1', '内网IP|内网IP', 8, '2025-11-12 11:39:16', '{"productId":61}', 'com.river.controller.officalCollection.OfficialCollectionController', 'add'),
	(2497, 'admin', '/sys/officialCollection/delete/63', 'DELETE', '删除官方收藏', '127.0.0.1', '内网IP|内网IP', 3, '2025-11-12 11:40:41', '{"productId":63}', 'com.river.controller.officalCollection.OfficialCollectionController', 'remove'),
	(2498, 'admin', '/sys/officialCollection/delete/61', 'DELETE', '删除官方收藏', '127.0.0.1', '内网IP|内网IP', 4, '2025-11-12 11:41:23', '{"productId":61}', 'com.river.controller.officalCollection.OfficialCollectionController', 'remove'),
	(2499, 'admin', '/sys/officialCollection/add/61', 'PUT', '添加官方收藏', '127.0.0.1', '内网IP|内网IP', 3, '2025-11-12 11:41:50', '{"productId":61}', 'com.river.controller.officalCollection.OfficialCollectionController', 'add'),
	(2500, 'admin', '/sys/officialCollection/add/63', 'PUT', '添加官方收藏', '127.0.0.1', '内网IP|内网IP', 3, '2025-11-12 11:41:52', '{"productId":63}', 'com.river.controller.officalCollection.OfficialCollectionController', 'add'),
	(2501, 'admin', '/sys/officialCollection/delete/61', 'DELETE', '删除官方收藏', '127.0.0.1', '内网IP|内网IP', 2, '2025-11-12 11:41:53', '{"productId":61}', 'com.river.controller.officalCollection.OfficialCollectionController', 'remove'),
	(2502, 'admin', '/sys/officialCollection/delete/63', 'DELETE', '删除官方收藏', '127.0.0.1', '内网IP|内网IP', 5, '2025-11-12 11:41:55', '{"productId":63}', 'com.river.controller.officalCollection.OfficialCollectionController', 'remove'),
	(2503, 'admin', '/sys/product/startOrStop', 'PUT', '启动或停用商品', '127.0.0.1', '内网IP|内网IP', 7, '2025-11-12 11:41:57', '{"id":63}', 'com.river.controller.product.ProductController', 'startOrStop'),
	(2504, 'admin', '/sys/officialCollection/add/61', 'PUT', '添加官方收藏', '127.0.0.1', '内网IP|内网IP', 5, '2025-11-12 11:41:59', '{"productId":61}', 'com.river.controller.officalCollection.OfficialCollectionController', 'add'),
	(2505, 'admin', '/sys/officialCollection/delete/61', 'DELETE', '删除官方收藏', '127.0.0.1', '内网IP|内网IP', 132, '2025-11-12 16:39:22', '{"productId":61}', 'com.river.controller.officalCollection.OfficialCollectionController', 'remove'),
	(2506, 'admin', '/sys/officialCollection/add/63', 'PUT', '添加官方收藏', '127.0.0.1', '内网IP|内网IP', 14, '2025-11-12 16:39:25', '{"productId":63}', 'com.river.controller.officalCollection.OfficialCollectionController', 'add'),
	(2507, 'admin', '/sys/officialCollection/add/61', 'PUT', '添加官方收藏', '127.0.0.1', '内网IP|内网IP', 8, '2025-11-12 16:39:26', '{"productId":61}', 'com.river.controller.officalCollection.OfficialCollectionController', 'add'),
	(2508, 'admin', '/sys/officialCollection/delete/61', 'DELETE', '删除官方收藏', '127.0.0.1', '内网IP|内网IP', 6, '2025-11-12 16:40:09', '{"productId":61}', 'com.river.controller.officalCollection.OfficialCollectionController', 'remove'),
	(2509, 'admin', '/sys/officialCollection/add/61', 'PUT', '添加官方收藏', '127.0.0.1', '内网IP|内网IP', 6, '2025-11-12 16:40:19', '{"productId":61}', 'com.river.controller.officalCollection.OfficialCollectionController', 'add'),
	(2510, 'admin', '/sys/officialCollection/delete/61', 'DELETE', '删除官方收藏', '127.0.0.1', '内网IP|内网IP', 123, '2025-11-12 16:43:25', '{"productId":61}', 'com.river.controller.officalCollection.OfficialCollectionController', 'remove'),
	(2511, 'admin', '/sys/officialCollection/add/61', 'PUT', '添加官方收藏', '127.0.0.1', '内网IP|内网IP', 14, '2025-11-12 16:43:26', '{"productId":61}', 'com.river.controller.officalCollection.OfficialCollectionController', 'add'),
	(2512, 'admin', '/sys/blog/delete/23', 'DELETE', '删除博客', '127.0.0.1', '内网IP|内网IP', 29, '2025-11-13 16:16:02', '{"ids":[23]}', 'com.river.controller.blog.BlogController', 'remove'),
	(2513, 'admin', '/sys/blog/delete/22', 'DELETE', '删除博客', '127.0.0.1', '内网IP|内网IP', 1, '2025-11-13 16:16:04', '{"ids":[22]}', 'com.river.controller.blog.BlogController', 'remove'),
	(2514, 'admin', '/sys/blog/update/status', 'PUT', '修改博客状态', '127.0.0.1', '内网IP|内网IP', 7, '2025-11-13 16:16:05', '{"blog":{"id":21,"updateTime":1763021764997,"status":1}}', 'com.river.controller.blog.BlogController', 'updateStatus'),
	(2515, 'admin', '/sys/blog/delete/21', 'DELETE', '删除博客', '127.0.0.1', '内网IP|内网IP', 1, '2025-11-13 16:16:15', '{"ids":[21]}', 'com.river.controller.blog.BlogController', 'remove'),
	(2516, 'admin', '/sys/officialCollection/add/64', 'PUT', '添加官方收藏', '127.0.0.1', '内网IP|内网IP', 18, '2025-11-13 17:47:54', '{"productId":64}', 'com.river.controller.officalCollection.OfficialCollectionController', 'add'),
	(2517, 'admin', '/sys/officialCollection/add/65', 'PUT', '添加官方收藏', '127.0.0.1', '内网IP|内网IP', 10, '2025-11-13 17:47:55', '{"productId":65}', 'com.river.controller.officalCollection.OfficialCollectionController', 'add'),
	(2518, 'admin', '/sys/officialCollection/add/66', 'PUT', '添加官方收藏', '127.0.0.1', '内网IP|内网IP', 8, '2025-11-13 17:47:56', '{"productId":66}', 'com.river.controller.officalCollection.OfficialCollectionController', 'add'),
	(2519, 'admin', '/sys/officialCollection/add/67', 'PUT', '添加官方收藏', '127.0.0.1', '内网IP|内网IP', 4, '2025-11-13 17:47:57', '{"productId":67}', 'com.river.controller.officalCollection.OfficialCollectionController', 'add'),
	(2520, 'admin', '/sys/blog/update/status', 'PUT', '修改博客状态', '127.0.0.1', '内网IP|内网IP', 12, '2025-11-13 17:50:32', '{"blog":{"id":10,"updateTime":1763027432467,"status":1}}', 'com.river.controller.blog.BlogController', 'updateStatus'),
	(2521, 'admin', '/sys/blog/update/status', 'PUT', '修改博客状态', '127.0.0.1', '内网IP|内网IP', 2, '2025-11-13 17:50:33', '{"blog":{"id":10,"updateTime":1763027433432,"status":0}}', 'com.river.controller.blog.BlogController', 'updateStatus'),
	(2522, 'admin', '/sys/blog/update', 'PUT', '修改博客', '127.0.0.1', '内网IP|内网IP', 4, '2025-11-13 17:51:01', '{"blog":{"id":10,"createTime":1730446522000,"updateTime":1763027433000,"userId":1848,"author":"韋","title":"川剧绝活：变脸","content":"<h1><span style=\\"font-size: 19px; font-family: 微软雅黑;\\">千年绝技的魔幻密码：解码川剧变脸的时空魅影</span></h1><p><span style=\\"font-size: 19px; font-family: 微软雅黑;\\">在成都锦里古街的露天戏台上，当铜锣声骤然划破暮色，一张青面獠牙的鬼王面具突然绽裂，露出旦角含泪的素颜。这电光火石间的面容更迭，让初次观看川剧变脸的外国游客集体失声——他们不知道，此刻见证的不仅是戏剧魔术，更是一场穿越千年的文明对话。</span></p><p><br></p><h2><span style=\\"font-size: 19px; font-family: 微软雅黑;\\">一、青铜时代的生存密码</span></h2><p><span style=\\"font-size: 19px; font-family: 微软雅黑;\\">三星堆遗址出土的黄金面具暗藏玄机，考古学家在青铜纵目面具内侧发现了植物染料的残留。这与《华阳国志》中\\"蜀人画脸驱虎豹\\"的记载惊人契合。古蜀先民或许是最早的\\"变脸师\\"，他们用赭石、朱砂在兽皮上绘制可替换的面部图腾，形成原始的多层面具系统。每当部族迁徙，战士便背负着这些\\"表情包\\"，在密林深处上演震慑野兽的生存戏剧。</span></p><p><img src=\\"https://web-framework-cwj.oss-cn-chengdu.aliyuncs.com/5504a2f7-3ba2-4841-94ca-d266abb44e04.jpg\\" alt=\\"\\" data-href=\\"\\" style=\\"\\"/></p><p><span style=\\"font-size: 19px; font-family: 微软雅黑;\\">大足石刻的宋代造像中，观音三十三应化身像暗藏机关，通过可旋转的莲花座实现法相变换。这种古代机械装置为川剧变脸提供了技术原型，明代戏班将丝绸夹层与磁石结合，创造出可瞬间切换的\\"十八罗汉面\\"。清光绪年间的戏折记载，名角彭天喜在《白蛇传》中连变九张脸谱，从法海的怒目金刚到许仙的惶惑书生，全程仅用半柱香时间。</span></p><p><br></p><h2><span style=\\"font-size: 19px; font-family: 微软雅黑;\\">二、后台揭秘：面部魔术的四种维度</span></h2><h3><span style=\\"font-size: 19px; font-family: 微软雅黑;\\">1. 扯脸绝技的物理美学（科学解析）</span></h3><p><span style=\\"font-size: 19px; font-family: 微软雅黑;\\">当代川剧传人王金龙的工作室陈列着解构的变脸道具：蚕丝制成的脸谱薄如蝉翼（0.03毫米），内置记忆合金骨架。每张脸谱边缘密布微型钩爪，通过肩部肌肉牵动钢丝传动。这种精密系统能在0.5秒内完成七层脸谱的剥离，其力学原理堪比航天器的折叠太阳能板。</span></p><p><br></p><h3><span style=\\"font-size: 19px; font-family: 微软雅黑;\\">2. 吹粉术的化学方程式</span></h3><p><span style=\\"font-size: 19px; font-family: 微软雅黑;\\">看似浪漫的吹脸艺术实则是精准的化学实验。金粉需混入3%的阿拉伯胶增加附着力，银粉要搭配特制松香增强反光。演员含在口中的微型气囊经过三十年训练才能控制气流，让粉末在面部形成渐变效果。《火焰山》中铁扇公主的\\"三色渐变脸\\"，实则是三次不同角度吐息的艺术叠加。</span></p><p><br></p><h3><span style=\\"font-size: 19px; font-family: 微软雅黑;\\">3. 运气变脸的生物密码</span></h3><p><span style=\\"font-size: 19px; font-family: 微软雅黑;\\">这项濒临失传的秘技依赖面部微血管的精确控制。传承人李老爷子每天用川乌药酒敷面，通过刺激面部神经增强毛细血管收缩能力。当他演绎《卧龙吊孝》时，运功后面部会自然浮现诸葛亮的病容，这种生物易容术至今未被现代科技完全破译。</span></p><p><br></p><h2><span style=\\"font-size: 19px; font-family: 微软雅黑;\\">三、数字时代的文明突围</span></h2><p><span style=\\"font-size: 19px; font-family: 微软雅黑;\\">在成都非遗公园，全息投影技术重现了光绪年间的经典变脸场景。智能脸谱内置LED矩阵，可实现每秒20次的图案切换。但老艺人们坚持保留丝绸质感，他们与麻省理工团队合作开发的\\"电子丝绸\\"，既保留了0.1毫米的轻薄特性，又能显示动态脸谱图案。</span></p><p><br></p><p><span style=\\"font-size: 19px; font-family: 微软雅黑;\\">抖音直播间里，00后传承人小茶茶用变脸绝活带货。当商品从火锅底料切换到汉服时，她的脸谱同步变为红脸关公和青衣旦角。这种古老的戏剧语言正在重构商业传播密码，单场直播最高吸引800万观众，让变脸艺术获得前所未有的传播裂变。</span></p><p><br></p><p><span style=\\"font-size: 19px; font-family: 微软雅黑;\\">夜色中的锦江剧场，第1024代变脸传人谢幕时突然露出自己的真容——那是张布满皱纹却神采奕奕的脸。瞬息间，老人脸上浮现出青铜面具、宋代观音、明代脸谱的虚影，最终定格在二维码形态。观众扫码进入的H5页面，正滚动播放着三千年变脸史的数字化档案。这场传统与现代的终极变奏，让古老技艺在数字洪流中完成了惊艳的重生</span></p>","contentMd":"<h1><span style=\\"font-size: 19px; font-family: 微软雅黑;\\">千年绝技的魔幻密码：解码川剧变脸的时空魅影</span></h1><p><span style=\\"font-size: 19px; font-family: 微软雅黑;\\">在成都锦里古街的露天戏台上，当铜锣声骤然划破暮色，一张青面獠牙的鬼王面具突然绽裂，露出旦角含泪的素颜。这电光火石间的面容更迭，让初次观看川剧变脸的外国游客集体失声——他们不知道，此刻见证的不仅是戏剧魔术，更是一场穿越千年的文明对话。</span></p><p><br></p><h2><span style=\\"font-size: 19px; font-family: 微软雅黑;\\">一、青铜时代的生存密码</span></h2><p><span style=\\"font-size: 19px; font-family: 微软雅黑;\\">三星堆遗址出土的黄金面具暗藏玄机，考古学家在青铜纵目面具内侧发现了植物染料的残留。这与《华阳国志》中\\"蜀人画脸驱虎豹\\"的记载惊人契合。古蜀先民或许是最早的\\"变脸师\\"，他们用赭石、朱砂在兽皮上绘制可替换的面部图腾，形成原始的多层面具系统。每当部族迁徙，战士便背负着这些\\"表情包\\"，在密林深处上演震慑野兽的生存戏剧。</span></p><p><img src=\\"https://web-framework-cwj.oss-cn-chengdu.aliyuncs.com/5504a2f7-3ba2-4841-94ca-d266abb44e04.jpg\\" alt=\\"\\" data-href=\\"\\" style=\\"\\"/></p><p><span style=\\"font-size: 19px; font-family: 微软雅黑;\\">大足石刻的宋代造像中，观音三十三应化身像暗藏机关，通过可旋转的莲花座实现法相变换。这种古代机械装置为川剧变脸提供了技术原型，明代戏班将丝绸夹层与磁石结合，创造出可瞬间切换的\\"十八罗汉面\\"。清光绪年间的戏折记载，名角彭天喜在《白蛇传》中连变九张脸谱，从法海的怒目金刚到许仙的惶惑书生，全程仅用半柱香时间。</span></p><p><br></p><h2><span style=\\"font-size: 19px; font-family: 微软雅黑;\\">二、后台揭秘：面部魔术的四种维度</span></h2><h3><span style=\\"font-size: 19px; font-family: 微软雅黑;\\">1. 扯脸绝技的物理美学（科学解析）</span></h3><p><span style=\\"font-size: 19px; font-family: 微软雅黑;\\">当代川剧传人王金龙的工作室陈列着解构的变脸道具：蚕丝制成的脸谱薄如蝉翼（0.03毫米），内置记忆合金骨架。每张脸谱边缘密布微型钩爪，通过肩部肌肉牵动钢丝传动。这种精密系统能在0.5秒内完成七层脸谱的剥离，其力学原理堪比航天器的折叠太阳能板。</span></p><p><br></p><h3><span style=\\"font-size: 19px; font-family: 微软雅黑;\\">2. 吹粉术的化学方程式</span></h3><p><span style=\\"font-size: 19px; font-family: 微软雅黑;\\">看似浪漫的吹脸艺术实则是精准的化学实验。金粉需混入3%的阿拉伯胶增加附着力，银粉要搭配特制松香增强反光。演员含在口中的微型气囊经过三十年训练才能控制气流，让粉末在面部形成渐变效果。《火焰山》中铁扇公主的\\"三色渐变脸\\"，实则是三次不同角度吐息的艺术叠加。</span></p><p><br></p><h3><span style=\\"font-size: 19px; font-family: 微软雅黑;\\">3. 运气变脸的生物密码</span></h3><p><span style=\\"font-size: 19px; font-family: 微软雅黑;\\">这项濒临失传的秘技依赖面部微血管的精确控制。传承人李老爷子每天用川乌药酒敷面，通过刺激面部神经增强毛细血管收缩能力。当他演绎《卧龙吊孝》时，运功后面部会自然浮现诸葛亮的病容，这种生物易容术至今未被现代科技完全破译。</span></p><p><br></p><h2><span style=\\"font-size: 19px; font-family: 微软雅黑;\\">三、数字时代的文明突围</span></h2><p><span style=\\"font-size: 19px; font-family: 微软雅黑;\\">在成都非遗公园，全息投影技术重现了光绪年间的经典变脸场景。智能脸谱内置LED矩阵，可实现每秒20次的图案切换。但老艺人们坚持保留丝绸质感，他们与麻省理工团队合作开发的\\"电子丝绸\\"，既保留了0.1毫米的轻薄特性，又能显示动态脸谱图案。</span></p><p><br></p><p><span style=\\"font-size: 19px; font-family: 微软雅黑;\\">抖音直播间里，00后传承人小茶茶用变脸绝活带货。当商品从火锅底料切换到汉服时，她的脸谱同步变为红脸关公和青衣旦角。这种古老的戏剧语言正在重构商业传播密码，单场直播最高吸引800万观众，让变脸艺术获得前所未有的传播裂变。</span></p><p><br></p><p><span style=\\"font-size: 19px; font-family: 微软雅黑;\\">夜色中的锦江剧场，第1024代变脸传人谢幕时突然露出自己的真容——那是张布满皱纹却神采奕奕的脸。瞬息间，老人脸上浮现出青铜面具、宋代观音、明代脸谱的虚影，最终定格在二维码形态。观众扫码进入的H5页面，正滚动播放着三千年变脸史的数字化档案。这场传统与现代的终极变奏，让古老技艺在数字洪流中完成了惊艳的重生</span></p>","image":"https://web-framework-cwj.oss-cn-chengdu.aliyuncs.com/3db9481a-35b9-4d60-8409-9bb75bd5d190.jpg","status":0}}', 'com.river.controller.blog.BlogController', 'edit'),
	(2523, 'admin', '/sys/blog/update', 'PUT', '修改博客', '127.0.0.1', '内网IP|内网IP', 3, '2025-11-13 17:53:08', '{"blog":{"id":10,"createTime":1730446522000,"updateTime":1763027433000,"userId":1848,"author":"韋","title":"川剧绝活：变脸","content":"<h1 data-line=\\"0\\" id=\\"千年绝技的魔幻密码：解码川剧变脸的时空魅影\\">千年绝技的魔幻密码：解码川剧变脸的时空魅影</h1>\\n<p data-line=\\"1\\">在成都锦里古街的露天戏台上，当铜锣声骤然划破暮色，一张青面獠牙的鬼王面具突然绽裂，露出旦角含泪的素颜。这电光火石间的面容更迭，让初次观看川剧变脸的外国游客集体失声——他们不知道，此刻见证的不仅是戏剧魔术，更是一场穿越千年的文明对话。</p>\\n<h2 data-line=\\"2\\" id=\\"一、青铜时代的生存密码\\">一、青铜时代的生存密码</h2>\\n<p data-line=\\"3\\">三星堆遗址出土的黄金面具暗藏玄机，考古学家在青铜纵目面具内侧发现了植物染料的残留。这与《华阳国志》中&quot;蜀人画脸驱虎豹&quot;的记载惊人契合。古蜀先民或许是最早的&quot;变脸师&quot;，他们用赭石、朱砂在兽皮上绘制可替换的面部图腾，形成原始的多层面具系统。每当部族迁徙，战士便背负着这些&quot;表情包&quot;，在密林深处上演震慑野兽的生存戏剧。<br>\\n大足石刻的宋代造像中，观音三十三应化身像暗藏机关，通过可旋转的莲花座实现法相变换。这种古代机械装置为川剧变脸提供了技术原型，明代戏班将丝绸夹层与磁石结合，创造出可瞬间切换的&quot;十八罗汉面&quot;。清光绪年间的戏折记载，名角彭天喜在《白蛇传》中连变九张脸谱，从法海的怒目金刚到许仙的惶惑书生，全程仅用半柱香时间。</p>\\n<h2 data-line=\\"5\\" id=\\"二、后台揭秘：面部魔术的四种维度\\">二、后台揭秘：面部魔术的四种维度</h2>\\n<ol data-line=\\"6\\">\\n<li data-line=\\"6\\">扯脸绝技的物理美学（科学解析）<br>\\n当代川剧传人王金龙的工作室陈列着解构的变脸道具：蚕丝制成的脸谱薄如蝉翼（0.03毫米），内置记忆合金骨架。每张脸谱边缘密布微型钩爪，通过肩部肌肉牵动钢丝传动。这种精密系统能在0.5秒内完成七层脸谱的剥离，其力学原理堪比航天器的折叠太阳能板。</li>\\n<li data-line=\\"8\\">吹粉术的化学方程式</span></h3><p><span style=\\"font-size: 19px; font-family: 微软雅黑;\\">看似浪漫的吹脸艺术实则是精准的化学实验。金粉需混入3%的阿拉伯胶增加附着力，银粉要搭配特制松香增强反光。演员含在口中的微型气囊经过三十年训练才能控制气流，让粉末在面部形成渐变效果。《火焰山》中铁扇公主的&quot;三色渐变脸&quot;，实则是三次不同角度吐息的艺术叠加。</span></p><p><br></p><h3><span style=\\"font-size: 19px; font-family: 微软雅黑;\\">3. 运气变脸的生物密码</span></h3><p><span style=\\"font-size: 19px; font-family: 微软雅黑;\\">这项濒临失传的秘技依赖面部微血管的精确控制。传承人李老爷子每天用川乌药酒敷面，通过刺激面部神经增强毛细血管收缩能力。当他演绎《卧龙吊孝》时，运功后面部会自然浮现诸葛亮的病容，这种生物易容术至今未被现代科技完全破译。</span></p><p><br></p><h2><span style=\\"font-size: 19px; font-family: 微软雅黑;\\">三、数字时代的文明突围</span></h2><p><span style=\\"font-size: 19px; font-family: 微软雅黑;\\">在成都非遗公园，全息投影技术重现了光绪年间的经典变脸场景。智能脸谱内置LED矩阵，可实现每秒20次的图案切换。但老艺人们坚持保留丝绸质感，他们与麻省理工团队合作开发的&quot;电子丝绸&quot;，既保留了0.1毫米的轻薄特性，又能显示动态脸谱图案。</span></p><p><br></p><p><span style=\\"font-size: 19px; font-family: 微软雅黑;\\">抖音直播间里，00后传承人小茶茶用变脸绝活带货。当商品从火锅底料切换到汉服时，她的脸谱同步变为红脸关公和青衣旦角。这种古老的戏剧语言正在重构商业传播密码，单场直播最高吸引800万观众，让变脸艺术获得前所未有的传播裂变。</span></p><p><br></p><p><span style=\\"font-size: 19px; font-family: 微软雅黑;\\">夜色中的锦江剧场，第1024代变脸传人谢幕时突然露出自己的真容——那是张布满皱纹却神采奕奕的脸。瞬息间，老人脸上浮现出青铜面具、宋代观音、明代脸谱的虚影，最终定格在二维码形态。观众扫码进入的H5页面，正滚动播放着三千年变脸史的数字化档案。这场传统与现代的终极变奏，让古老技艺在数字洪流中完成了惊艳的重生</span></p></li>\\n</ol>\\n","contentMd":"# 千年绝技的魔幻密码：解码川剧变脸的时空魅影\\n 在成都锦里古街的露天戏台上，当铜锣声骤然划破暮色，一张青面獠牙的鬼王面具突然绽裂，露出旦角含泪的素颜。这电光火石间的面容更迭，让初次观看川剧变脸的外国游客集体失声——他们不知道，此刻见证的不仅是戏剧魔术，更是一场穿越千年的文明对话。\\n## 一、青铜时代的生存密码\\n 三星堆遗址出土的黄金面具暗藏玄机，考古学家在青铜纵目面具内侧发现了植物染料的残留。这与《华阳国志》中\\"蜀人画脸驱虎豹\\"的记载惊人契合。古蜀先民或许是最早的\\"变脸师\\"，他们用赭石、朱砂在兽皮上绘制可替换的面部图腾，形成原始的多层面具系统。每当部族迁徙，战士便背负着这些\\"表情包\\"，在密林深处上演震慑野兽的生存戏剧。\\n 大足石刻的宋代造像中，观音三十三应化身像暗藏机关，通过可旋转的莲花座实现法相变换。这种古代机械装置为川剧变脸提供了技术原型，明代戏班将丝绸夹层与磁石结合，创造出可瞬间切换的\\"十八罗汉面\\"。清光绪年间的戏折记载，名角彭天喜在《白蛇传》中连变九张脸谱，从法海的怒目金刚到许仙的惶惑书生，全程仅用半柱香时间。\\n## 二、后台揭秘：面部魔术的四种维度\\n1. 扯脸绝技的物理美学（科学解析）\\n 当代川剧传人王金龙的工作室陈列着解构的变脸道具：蚕丝制成的脸谱薄如蝉翼（0.03毫米），内置记忆合金骨架。每张脸谱边缘密布微型钩爪，通过肩部肌肉牵动钢丝传动。这种精密系统能在0.5秒内完成七层脸谱的剥离，其力学原理堪比航天器的折叠太阳能板。\\n3. 吹粉术的化学方程式</span></h3><p><span style=\\"font-size: 19px; font-family: 微软雅黑;\\">看似浪漫的吹脸艺术实则是精准的化学实验。金粉需混入3%的阿拉伯胶增加附着力，银粉要搭配特制松香增强反光。演员含在口中的微型气囊经过三十年训练才能控制气流，让粉末在面部形成渐变效果。《火焰山》中铁扇公主的\\"三色渐变脸\\"，实则是三次不同角度吐息的艺术叠加。</span></p><p><br></p><h3><span style=\\"font-size: 19px; font-family: 微软雅黑;\\">3. 运气变脸的生物密码</span></h3><p><span style=\\"font-size: 19px; font-family: 微软雅黑;\\">这项濒临失传的秘技依赖面部微血管的精确控制。传承人李老爷子每天用川乌药酒敷面，通过刺激面部神经增强毛细血管收缩能力。当他演绎《卧龙吊孝》时，运功后面部会自然浮现诸葛亮的病容，这种生物易容术至今未被现代科技完全破译。</span></p><p><br></p><h2><span style=\\"font-size: 19px; font-family: 微软雅黑;\\">三、数字时代的文明突围</span></h2><p><span style=\\"font-size: 19px; font-family: 微软雅黑;\\">在成都非遗公园，全息投影技术重现了光绪年间的经典变脸场景。智能脸谱内置LED矩阵，可实现每秒20次的图案切换。但老艺人们坚持保留丝绸质感，他们与麻省理工团队合作开发的\\"电子丝绸\\"，既保留了0.1毫米的轻薄特性，又能显示动态脸谱图案。</span></p><p><br></p><p><span style=\\"font-size: 19px; font-family: 微软雅黑;\\">抖音直播间里，00后传承人小茶茶用变脸绝活带货。当商品从火锅底料切换到汉服时，她的脸谱同步变为红脸关公和青衣旦角。这种古老的戏剧语言正在重构商业传播密码，单场直播最高吸引800万观众，让变脸艺术获得前所未有的传播裂变。</span></p><p><br></p><p><span style=\\"font-size: 19px; font-family: 微软雅黑;\\">夜色中的锦江剧场，第1024代变脸传人谢幕时突然露出自己的真容——那是张布满皱纹却神采奕奕的脸。瞬息间，老人脸上浮现出青铜面具、宋代观音、明代脸谱的虚影，最终定格在二维码形态。观众扫码进入的H5页面，正滚动播放着三千年变脸史的数字化档案。这场传统与现代的终极变奏，让古老技艺在数字洪流中完成了惊艳的重生</span></p>","image":"https://web-framework-cwj.oss-cn-chengdu.aliyuncs.com/3db9481a-35b9-4d60-8409-9bb75bd5d190.jpg","status":0}}', 'com.river.controller.blog.BlogController', 'edit'),
	(2524, 'admin', '/sys/blog/update/status', 'PUT', '修改博客状态', '127.0.0.1', '内网IP|内网IP', 2, '2025-11-13 17:53:20', '{"blog":{"id":10,"updateTime":1763027600843,"status":1}}', 'com.river.controller.blog.BlogController', 'updateStatus'),
	(2525, 'admin', '/sys/blog/update/status', 'PUT', '修改博客状态', '127.0.0.1', '内网IP|内网IP', 3, '2025-11-13 17:53:21', '{"blog":{"id":11,"updateTime":1763027601875,"status":1}}', 'com.river.controller.blog.BlogController', 'updateStatus'),
	(2526, 'admin', '/sys/blog/update/status', 'PUT', '修改博客状态', '127.0.0.1', '内网IP|内网IP', 2, '2025-11-13 17:53:23', '{"blog":{"id":12,"updateTime":1763027603413,"status":1}}', 'com.river.controller.blog.BlogController', 'updateStatus'),
	(2527, 'admin', '/sys/blog/update/status', 'PUT', '修改博客状态', '127.0.0.1', '内网IP|内网IP', 11, '2025-11-13 17:53:24', '{"blog":{"id":13,"updateTime":1763027604416,"status":1}}', 'com.river.controller.blog.BlogController', 'updateStatus'),
	(2528, 'admin', '/sys/blog/update/status', 'PUT', '修改博客状态', '127.0.0.1', '内网IP|内网IP', 3, '2025-11-13 17:53:25', '{"blog":{"id":14,"updateTime":1763027605672,"status":1}}', 'com.river.controller.blog.BlogController', 'updateStatus'),
	(2529, 'admin', '/sys/blog/update/status', 'PUT', '修改博客状态', '127.0.0.1', '内网IP|内网IP', 6, '2025-11-13 17:53:26', '{"blog":{"id":15,"updateTime":1763027606778,"status":1}}', 'com.river.controller.blog.BlogController', 'updateStatus'),
	(2530, 'admin', '/sys/blog/update/status', 'PUT', '修改博客状态', '127.0.0.1', '内网IP|内网IP', 2, '2025-11-13 17:53:27', '{"blog":{"id":16,"updateTime":1763027607597,"status":1}}', 'com.river.controller.blog.BlogController', 'updateStatus'),
	(2531, 'admin', '/sys/menu', 'PUT', '修改菜单', '127.0.0.1', '内网IP|内网IP', 11, '2025-12-03 15:24:39', '{"menu":{"id":177,"parentId":175,"path":"shopSlider","component":"/slider/shopSlider/index","title":"商品轮播图","sort":2,"icon":"VideoPlay","type":"MENU","redirect":"","name":"","hidden":1,"isExternal":0,"perm":"","createTime":1731892870000,"updateTime":1731903835000}}', 'com.river.controller.system.SysMenuController', 'updateMenu'),
	(2532, 'admin', '/sys/blog/add', 'POST', '添加博客', '127.0.0.1', '内网IP|内网IP', 9, '2025-12-03 15:26:23', '{"blog":{"id":29,"createTime":1730446522000,"updateTime":1763027601000,"userId":1848,"author":"1","title":"1","content":"<p data-line=\\"0\\">11</p>\\n","contentMd":"11","image":"http://127.0.0.1:8080/localFile/20251203/blog-image/11_65152cdb-3455-4db5-bdfd-7cff5dd9eb29.jpg","status":1}}', 'com.river.controller.blog.BlogController', 'add'),
	(2533, 'admin', '/sys/blog/update/status', 'PUT', '修改博客状态', '127.0.0.1', '内网IP|内网IP', 7, '2025-12-03 15:26:27', '{"blog":{"id":29,"updateTime":1764746787097,"status":0}}', 'com.river.controller.blog.BlogController', 'updateStatus'),
	(2534, 'admin', '/sys/blog/update/status', 'PUT', '修改博客状态', '127.0.0.1', '内网IP|内网IP', 3, '2025-12-03 15:26:29', '{"blog":{"id":29,"updateTime":1764746789033,"status":1}}', 'com.river.controller.blog.BlogController', 'updateStatus'),
	(2535, 'admin', '/sys/blog/delete/29', 'DELETE', '删除博客', '127.0.0.1', '内网IP|内网IP', 9, '2025-12-03 15:26:31', '{"ids":[29]}', 'com.river.controller.blog.BlogController', 'remove'),
	(2536, 'admin', '/sys/blog/add', 'POST', '添加博客', '127.0.0.1', '内网IP|内网IP', 4, '2025-12-03 15:28:05', '{"blog":{"id":30,"createTime":1730446522000,"updateTime":1763027601000,"userId":1848,"author":"1","title":"1","content":"<p data-line=\\"0\\">1</p>\\n","contentMd":"1","image":"http://127.0.0.1:8080/localFile/20251203/blog-image/54_65152cdb-3455-4db5-bdfd-7cff5dd9eb29.jpg"}}', 'com.river.controller.blog.BlogController', 'add'),
	(2537, 'admin', '/sys/blog/delete/30', 'DELETE', '删除博客', '127.0.0.1', '内网IP|内网IP', 2, '2025-12-03 15:28:08', '{"ids":[30]}', 'com.river.controller.blog.BlogController', 'remove'),
	(2538, 'admin', '/sys/product/startOrStop', 'PUT', '启动或停用商品', '127.0.0.1', '内网IP|内网IP', 7, '2025-12-03 15:30:55', '{"id":61}', 'com.river.controller.product.ProductController', 'startOrStop'),
	(2539, 'admin', '/sys/product/startOrStop', 'PUT', '启动或停用商品', '127.0.0.1', '内网IP|内网IP', 6, '2025-12-03 15:30:57', '{"id":61}', 'com.river.controller.product.ProductController', 'startOrStop'),
	(2540, 'admin', '/sys/productBrand/8', 'GET', '获取商品品牌详情', '127.0.0.1', '内网IP|内网IP', 1, '2025-12-03 15:31:13', '{"id":8}', 'com.river.controller.product.ProductBrandController', 'getInfo'),
	(2541, 'admin', '/sys/productBrand/8', 'GET', '获取商品品牌详情', '127.0.0.1', '内网IP|内网IP', 1, '2025-12-03 15:31:43', '{"id":8}', 'com.river.controller.product.ProductBrandController', 'getInfo'),
	(2542, 'admin', '/sys/productBrand/add', 'POST', '添加商品品牌', '127.0.0.1', '内网IP|内网IP', 5, '2025-12-03 15:31:54', '{"productBrand":{"id":11,"createTime":1762833258000,"updateTime":1762833401000,"userId":1848,"name":"韋设计"}}', 'com.river.controller.product.ProductBrandController', 'add'),
	(2543, 'admin', '/sys/dict/add', 'POST', '添加字典', '127.0.0.1', '内网IP|内网IP', 18, '2025-12-04 14:23:40', '{"dict":{"id":3,"name":"用户端登录方式","type":"login_type","status":1,"remark":"","createTime":1764829420280}}', 'com.river.controller.system.SysDictController', 'addDict'),
	(2544, 'admin', '/sys/dictData/add', 'POST', '新增字典数据', '127.0.0.1', '内网IP|内网IP', 6, '2025-12-04 14:24:02', '{"dictData":{"id":9,"dictId":3,"label":"qq","value":"1","style":"primary","sort":1,"remark":"","status":1}}', 'com.river.controller.system.SysDictDataController', 'addDictData'),
	(2545, 'admin', '/sys/dictData/add', 'POST', '新增字典数据', '127.0.0.1', '内网IP|内网IP', 5, '2025-12-04 14:24:16', '{"dictData":{"id":10,"dictId":3,"label":"wechat","value":"2","style":"primary","sort":2,"remark":"","status":1}}', 'com.river.controller.system.SysDictDataController', 'addDictData'),
	(2546, 'admin', '/sys/dictData/add', 'POST', '新增字典数据', '127.0.0.1', '内网IP|内网IP', 7, '2025-12-04 14:24:35', '{"dictData":{"id":11,"dictId":3,"label":"alipay","value":"3","style":"primary","sort":3,"remark":"","status":1}}', 'com.river.controller.system.SysDictDataController', 'addDictData'),
	(2547, 'admin', '/sys/dictData/add', 'POST', '新增字典数据', '127.0.0.1', '内网IP|内网IP', 4, '2025-12-04 14:24:48', '{"dictData":{"id":12,"dictId":3,"label":"weibo","value":"4","style":"primary","sort":4,"remark":"","status":1}}', 'com.river.controller.system.SysDictDataController', 'addDictData'),
	(2548, 'admin', '/sys/dictData/add', 'POST', '新增字典数据', '127.0.0.1', '内网IP|内网IP', 5, '2025-12-04 14:25:00', '{"dictData":{"id":13,"dictId":3,"label":"baidu","value":"5","style":"primary","sort":5,"remark":"","status":1}}', 'com.river.controller.system.SysDictDataController', 'addDictData'),
	(2549, 'admin', '/sys/dictData/add', 'POST', '新增字典数据', '127.0.0.1', '内网IP|内网IP', 4, '2025-12-04 14:25:09', '{"dictData":{"id":14,"dictId":3,"label":"huawei","value":"6","style":"primary","sort":6,"remark":"","status":1}}', 'com.river.controller.system.SysDictDataController', 'addDictData'),
	(2550, 'admin', '/sys/dictData/add', 'POST', '新增字典数据', '127.0.0.1', '内网IP|内网IP', 3, '2025-12-04 14:25:19', '{"dictData":{"id":15,"dictId":3,"label":"xiaomi","value":"7","style":"primary","sort":7,"remark":"","status":1}}', 'com.river.controller.system.SysDictDataController', 'addDictData'),
	(2551, 'admin', '/sys/dictData/add', 'POST', '新增字典数据', '127.0.0.1', '内网IP|内网IP', 3, '2025-12-04 14:25:42', '{"dictData":{"id":16,"dictId":3,"label":"microsoft","value":"8","style":"primary","sort":8,"remark":"","status":1}}', 'com.river.controller.system.SysDictDataController', 'addDictData'),
	(2552, 'admin', '/sys/dictData/add', 'POST', '新增字典数据', '127.0.0.1', '内网IP|内网IP', 2, '2025-12-04 14:26:07', '{"dictData":{"id":17,"dictId":3,"label":"dingding","value":"9","style":"primary","sort":9,"remark":"","status":1}}', 'com.river.controller.system.SysDictDataController', 'addDictData'),
	(2553, 'admin', '/sys/dictData/add', 'POST', '新增字典数据', '127.0.0.1', '内网IP|内网IP', 4, '2025-12-04 14:26:24', '{"dictData":{"id":18,"dictId":3,"label":"gitee","value":"10","style":"primary","sort":10,"remark":"","status":1}}', 'com.river.controller.system.SysDictDataController', 'addDictData'),
	(2554, 'admin', '/sys/dictData/add', 'POST', '新增字典数据', '127.0.0.1', '内网IP|内网IP', 9, '2025-12-04 14:26:36', '{"dictData":{"id":19,"dictId":3,"label":"gitHub","value":"11","style":"primary","sort":11,"remark":"","status":1}}', 'com.river.controller.system.SysDictDataController', 'addDictData'),
	(2555, 'admin', '/sys/dictData/update', 'PUT', '修改字典数据', '127.0.0.1', '内网IP|内网IP', 6, '2025-12-04 14:26:45', '{"dictData":{"id":19,"dictId":3,"label":"github","value":"11","style":"primary","isDefault":0,"sort":11,"remark":"","status":1}}', 'com.river.controller.system.SysDictDataController', 'updateDictData'),
	(2556, 'admin', '/sys/dictData/add', 'POST', '新增字典数据', '127.0.0.1', '内网IP|内网IP', 4, '2025-12-04 14:26:52', '{"dictData":{"id":20,"dictId":3,"label":"douyin","value":"12","style":"primary","isDefault":0,"sort":12,"remark":"","status":1}}', 'com.river.controller.system.SysDictDataController', 'addDictData'),
	(2557, 'admin', '/sys/dictData/update', 'PUT', '修改字典数据', '127.0.0.1', '内网IP|内网IP', 110, '2025-12-04 15:13:20', '{"dictData":{"id":11,"dictId":3,"label":"alipay","value":"3","style":"primary","isDefault":0,"sort":3,"remark":"","status":0}}', 'com.river.controller.system.SysDictDataController', 'updateDictData'),
	(2558, 'admin', '/sys/dictData/update', 'PUT', '修改字典数据', '127.0.0.1', '内网IP|内网IP', 6, '2025-12-04 15:13:23', '{"dictData":{"id":13,"dictId":3,"label":"baidu","value":"5","style":"primary","isDefault":0,"sort":5,"remark":"","status":0}}', 'com.river.controller.system.SysDictDataController', 'updateDictData'),
	(2559, 'admin', '/sys/dictData/update', 'PUT', '修改字典数据', '127.0.0.1', '内网IP|内网IP', 7, '2025-12-04 15:13:26', '{"dictData":{"id":14,"dictId":3,"label":"huawei","value":"6","style":"primary","isDefault":0,"sort":6,"remark":"","status":0}}', 'com.river.controller.system.SysDictDataController', 'updateDictData'),
	(2560, 'admin', '/sys/dictData/update', 'PUT', '修改字典数据', '127.0.0.1', '内网IP|内网IP', 8, '2025-12-04 15:13:28', '{"dictData":{"id":15,"dictId":3,"label":"xiaomi","value":"7","style":"primary","isDefault":0,"sort":7,"remark":"","status":0}}', 'com.river.controller.system.SysDictDataController', 'updateDictData'),
	(2561, 'admin', '/sys/dictData/update', 'PUT', '修改字典数据', '127.0.0.1', '内网IP|内网IP', 2, '2025-12-04 15:13:30', '{"dictData":{"id":16,"dictId":3,"label":"microsoft","value":"8","style":"primary","isDefault":0,"sort":8,"remark":"","status":0}}', 'com.river.controller.system.SysDictDataController', 'updateDictData'),
	(2562, 'admin', '/sys/dictData/update', 'PUT', '修改字典数据', '127.0.0.1', '内网IP|内网IP', 3, '2025-12-04 15:13:32', '{"dictData":{"id":17,"dictId":3,"label":"dingding","value":"9","style":"primary","isDefault":0,"sort":9,"remark":"","status":0}}', 'com.river.controller.system.SysDictDataController', 'updateDictData'),
	(2563, 'admin', '/sys/dictData/update', 'PUT', '修改字典数据', '127.0.0.1', '内网IP|内网IP', 4, '2025-12-04 15:13:36', '{"dictData":{"id":20,"dictId":3,"label":"douyin","value":"12","style":"primary","isDefault":0,"sort":12,"remark":"","status":0}}', 'com.river.controller.system.SysDictDataController', 'updateDictData'),
	(2564, 'admin', '/sys/dictData/update', 'PUT', '修改字典数据', '127.0.0.1', '内网IP|内网IP', 3, '2025-12-04 15:13:51', '{"dictData":{"id":12,"dictId":3,"label":"weibo","value":"4","style":"primary","isDefault":0,"sort":4,"remark":"","status":0}}', 'com.river.controller.system.SysDictDataController', 'updateDictData'),
	(2565, 'admin', '/sys/dictData/update', 'PUT', '修改字典数据', '127.0.0.1', '内网IP|内网IP', 2, '2025-12-04 15:20:50', '{"dictData":{"id":20,"dictId":3,"label":"douyin","value":"12","style":"primary","isDefault":0,"sort":12,"remark":"","status":1}}', 'com.river.controller.system.SysDictDataController', 'updateDictData'),
	(2566, 'admin', '/sys/dictData/update', 'PUT', '修改字典数据', '127.0.0.1', '内网IP|内网IP', 2, '2025-12-04 15:20:59', '{"dictData":{"id":20,"dictId":3,"label":"douyin","value":"12","style":"primary","isDefault":0,"sort":12,"remark":"","status":0}}', 'com.river.controller.system.SysDictDataController', 'updateDictData'),
	(2567, 'admin', '/sys/role/menus/14', 'PUT', '修改角色权限', '127.0.0.1', '内网IP|内网IP', 33, '2025-12-05 16:37:39', '{"id":14,"menuIds":[175,176,177,142,143,161,162,163,164,165,166,167,168,169,170,171,144,145,146,147,148,149,160,178,179,150,151,152,153,154,155,156,157,158,159,172,173,174,1,14,39,27,28,29,52,2,3,8,40,41,43,9,10,53,11,12,44,136,137,138,139,140,13,48,51,49,50,32,33,55,56,128,129,130,131,54,4,16,17,95,94,18,60,62,65,59,58,61,19,63,66,64,67,104,105,30,31]}', 'com.river.controller.system.SysRoleController', 'updateRoleMenus'),
	(2568, 'admin', '/sys/menu', 'POST', '添加菜单', '127.0.0.1', '内网IP|内网IP', 16, '2025-12-05 16:49:00', '{"menu":{"id":180,"parentId":176,"path":"","component":"","title":"首页轮播图列表","sort":1,"icon":"","type":"BUTTON","redirect":"","name":"","hidden":1,"isExternal":0,"perm":"sys:indexSlider","createTime":1764924540432}}', 'com.river.controller.system.SysMenuController', 'addMenu'),
	(2569, 'admin', '/sys/menu', 'POST', '添加菜单', '127.0.0.1', '内网IP|内网IP', 7, '2025-12-05 16:49:19', '{"menu":{"id":181,"parentId":176,"path":"","component":"","title":"添加首页轮播图","sort":2,"icon":"","type":"BUTTON","redirect":"","name":"","hidden":1,"isExternal":0,"perm":"sys:indexSlider:add","createTime":1764924559297}}', 'com.river.controller.system.SysMenuController', 'addMenu'),
	(2570, 'admin', '/sys/menu', 'PUT', '修改菜单', '127.0.0.1', '内网IP|内网IP', 16, '2025-12-05 16:49:39', '{"menu":{"id":176,"parentId":175,"path":"indexSlider","component":"/slider/indexSlider/index","title":"修改首页轮播图","sort":3,"icon":"View","type":"BUTTON","redirect":"","name":"","hidden":1,"isExternal":0,"perm":"sys:indexSlider:update","createTime":1731892870000,"updateTime":1731903835000,"children":[{"id":180,"parentId":176,"path":"","component":"","title":"首页轮播图列表","sort":1,"icon":"","type":"BUTTON","redirect":"","name":"","hidden":1,"isExternal":0,"perm":"sys:indexSlider","createTime":1764924540000},{"id":181,"parentId":176,"path":"","component":"","title":"添加首页轮播图","sort":2,"icon":"","type":"BUTTON","redirect":"","name":"","hidden":1,"isExternal":0,"perm":"sys:indexSlider:add","createTime":1764924559000}]}}', 'com.river.controller.system.SysMenuController', 'updateMenu'),
	(2571, 'admin', '/sys/menu', 'PUT', '修改菜单', '127.0.0.1', '内网IP|内网IP', 14, '2025-12-05 16:50:17', '{"menu":{"id":176,"parentId":175,"path":"indexSlider","component":"/slider/indexSlider/index","title":"轮播图管理","sort":1,"icon":"View","type":"MENU","redirect":"","name":"","hidden":0,"isExternal":0,"perm":"","createTime":1731892870000,"updateTime":1731903835000,"children":[{"id":180,"parentId":176,"path":"","component":"","title":"首页轮播图列表","sort":1,"icon":"","type":"BUTTON","redirect":"","name":"","hidden":1,"isExternal":0,"perm":"sys:indexSlider","createTime":1764924540000},{"id":181,"parentId":176,"path":"","component":"","title":"添加首页轮播图","sort":2,"icon":"","type":"BUTTON","redirect":"","name":"","hidden":1,"isExternal":0,"perm":"sys:indexSlider:add","createTime":1764924559000}]}}', 'com.river.controller.system.SysMenuController', 'updateMenu'),
	(2572, 'admin', '/sys/menu', 'PUT', '修改菜单', '127.0.0.1', '内网IP|内网IP', 7, '2025-12-05 16:50:26', '{"menu":{"id":176,"parentId":175,"path":"indexSlider","component":"/slider/indexSlider/index","title":"首页轮播图管理","sort":1,"icon":"View","type":"MENU","redirect":"","name":"","hidden":0,"isExternal":0,"perm":"","createTime":1731892870000,"updateTime":1731903835000,"children":[{"id":180,"parentId":176,"path":"","component":"","title":"首页轮播图列表","sort":1,"icon":"","type":"BUTTON","redirect":"","name":"","hidden":1,"isExternal":0,"perm":"sys:indexSlider","createTime":1764924540000},{"id":181,"parentId":176,"path":"","component":"","title":"添加首页轮播图","sort":2,"icon":"","type":"BUTTON","redirect":"","name":"","hidden":1,"isExternal":0,"perm":"sys:indexSlider:add","createTime":1764924559000}]}}', 'com.river.controller.system.SysMenuController', 'updateMenu'),
	(2573, 'admin', '/sys/menu', 'POST', '添加菜单', '127.0.0.1', '内网IP|内网IP', 5, '2025-12-05 16:50:46', '{"menu":{"id":182,"parentId":176,"path":"","component":"","title":"编辑首页轮播图","sort":3,"icon":"","type":"BUTTON","redirect":"","name":"","hidden":1,"isExternal":0,"perm":"sys:indexSlider:update","createTime":1731892870000,"updateTime":1731903835000,"children":[{"id":180,"parentId":176,"path":"","component":"","title":"首页轮播图列表","sort":1,"icon":"","type":"BUTTON","redirect":"","name":"","hidden":1,"isExternal":0,"perm":"sys:indexSlider","createTime":1764924540000},{"id":181,"parentId":176,"path":"","component":"","title":"添加首页轮播图","sort":2,"icon":"","type":"BUTTON","redirect":"","name":"","hidden":1,"isExternal":0,"perm":"sys:indexSlider:add","createTime":1764924559000}]}}', 'com.river.controller.system.SysMenuController', 'addMenu'),
	(2574, 'admin', '/sys/menu', 'POST', '添加菜单', '127.0.0.1', '内网IP|内网IP', 17, '2025-12-05 16:51:05', '{"menu":{"id":183,"parentId":176,"path":"","component":"","title":"删除首页轮播图","sort":4,"icon":"","type":"BUTTON","redirect":"","name":"","hidden":1,"isExternal":0,"perm":"sys:indexSlider:delete","createTime":1731892870000,"updateTime":1731903835000,"children":[{"id":180,"parentId":176,"path":"","component":"","title":"首页轮播图列表","sort":1,"icon":"","type":"BUTTON","redirect":"","name":"","hidden":1,"isExternal":0,"perm":"sys:indexSlider","createTime":1764924540000},{"id":181,"parentId":176,"path":"","component":"","title":"添加首页轮播图","sort":2,"icon":"","type":"BUTTON","redirect":"","name":"","hidden":1,"isExternal":0,"perm":"sys:indexSlider:add","createTime":1764924559000}]}}', 'com.river.controller.system.SysMenuController', 'addMenu'),
	(2575, 'admin', '/sys/menu', 'POST', '添加菜单', '127.0.0.1', '内网IP|内网IP', 12, '2025-12-05 16:51:53', '{"menu":{"id":184,"parentId":177,"path":"","component":"","title":"添加商品页轮播图","sort":1,"icon":"","type":"BUTTON","redirect":"","name":"","hidden":1,"isExternal":0,"perm":"sys:shopSlider:add","createTime":1731892870000,"updateTime":1731903835000,"children":[{"id":180,"parentId":176,"path":"","component":"","title":"首页轮播图列表","sort":1,"icon":"","type":"BUTTON","redirect":"","name":"","hidden":1,"isExternal":0,"perm":"sys:indexSlider","createTime":1764924540000},{"id":181,"parentId":176,"path":"","component":"","title":"添加首页轮播图","sort":2,"icon":"","type":"BUTTON","redirect":"","name":"","hidden":1,"isExternal":0,"perm":"sys:indexSlider:add","createTime":1764924559000}]}}', 'com.river.controller.system.SysMenuController', 'addMenu'),
	(2576, 'admin', '/sys/menu', 'POST', '添加菜单', '127.0.0.1', '内网IP|内网IP', 15, '2025-12-05 16:52:28', '{"menu":{"id":185,"parentId":177,"path":"","component":"","title":"编辑商品轮播图","sort":2,"icon":"","type":"BUTTON","redirect":"","name":"","hidden":1,"isExternal":0,"perm":"sys:shopSlider:update","createTime":1731892870000,"updateTime":1731903835000,"children":[{"id":180,"parentId":176,"path":"","component":"","title":"首页轮播图列表","sort":1,"icon":"","type":"BUTTON","redirect":"","name":"","hidden":1,"isExternal":0,"perm":"sys:indexSlider","createTime":1764924540000},{"id":181,"parentId":176,"path":"","component":"","title":"添加首页轮播图","sort":2,"icon":"","type":"BUTTON","redirect":"","name":"","hidden":1,"isExternal":0,"perm":"sys:indexSlider:add","createTime":1764924559000}]}}', 'com.river.controller.system.SysMenuController', 'addMenu'),
	(2577, 'admin', '/sys/menu', 'POST', '添加菜单', '127.0.0.1', '内网IP|内网IP', 17, '2025-12-05 16:52:42', '{"menu":{"id":186,"parentId":177,"path":"","component":"","title":"删除","sort":3,"icon":"","type":"BUTTON","redirect":"","name":"","hidden":1,"isExternal":0,"perm":"sys:shopSlider:delete","createTime":1731892870000,"updateTime":1731903835000,"children":[{"id":180,"parentId":176,"path":"","component":"","title":"首页轮播图列表","sort":1,"icon":"","type":"BUTTON","redirect":"","name":"","hidden":1,"isExternal":0,"perm":"sys:indexSlider","createTime":1764924540000},{"id":181,"parentId":176,"path":"","component":"","title":"添加首页轮播图","sort":2,"icon":"","type":"BUTTON","redirect":"","name":"","hidden":1,"isExternal":0,"perm":"sys:indexSlider:add","createTime":1764924559000}]}}', 'com.river.controller.system.SysMenuController', 'addMenu'),
	(2578, 'admin', '/sys/menu', 'POST', '添加菜单', '127.0.0.1', '内网IP|内网IP', 9, '2025-12-05 16:54:01', '{"menu":{"id":187,"parentId":173,"path":"","component":"","title":"添加","sort":2,"icon":"","type":"BUTTON","redirect":"","name":"","hidden":1,"isExternal":0,"perm":"sys:order:add","createTime":1731892870000,"updateTime":1731903835000,"children":[{"id":180,"parentId":176,"path":"","component":"","title":"首页轮播图列表","sort":1,"icon":"","type":"BUTTON","redirect":"","name":"","hidden":1,"isExternal":0,"perm":"sys:indexSlider","createTime":1764924540000},{"id":181,"parentId":176,"path":"","component":"","title":"添加首页轮播图","sort":2,"icon":"","type":"BUTTON","redirect":"","name":"","hidden":1,"isExternal":0,"perm":"sys:indexSlider:add","createTime":1764924559000}]}}', 'com.river.controller.system.SysMenuController', 'addMenu'),
	(2579, 'admin', '/sys/menu', 'POST', '添加菜单', '127.0.0.1', '内网IP|内网IP', 4, '2025-12-05 16:54:15', '{"menu":{"id":188,"parentId":173,"path":"","component":"","title":"修改","sort":3,"icon":"","type":"BUTTON","redirect":"","name":"","hidden":1,"isExternal":0,"perm":"sys:order:update","createTime":1731892870000,"updateTime":1731903835000,"children":[{"id":180,"parentId":176,"path":"","component":"","title":"首页轮播图列表","sort":1,"icon":"","type":"BUTTON","redirect":"","name":"","hidden":1,"isExternal":0,"perm":"sys:indexSlider","createTime":1764924540000},{"id":181,"parentId":176,"path":"","component":"","title":"添加首页轮播图","sort":2,"icon":"","type":"BUTTON","redirect":"","name":"","hidden":1,"isExternal":0,"perm":"sys:indexSlider:add","createTime":1764924559000}]}}', 'com.river.controller.system.SysMenuController', 'addMenu'),
	(2580, 'admin', '/sys/menu', 'POST', '添加菜单', '127.0.0.1', '内网IP|内网IP', 12, '2025-12-05 16:54:33', '{"menu":{"id":189,"parentId":173,"path":"","component":"","title":"删除","sort":4,"icon":"","type":"BUTTON","redirect":"","name":"","hidden":1,"isExternal":0,"perm":"sys:order:delete","createTime":1731892870000,"updateTime":1731903835000,"children":[{"id":180,"parentId":176,"path":"","component":"","title":"首页轮播图列表","sort":1,"icon":"","type":"BUTTON","redirect":"","name":"","hidden":1,"isExternal":0,"perm":"sys:indexSlider","createTime":1764924540000},{"id":181,"parentId":176,"path":"","component":"","title":"添加首页轮播图","sort":2,"icon":"","type":"BUTTON","redirect":"","name":"","hidden":1,"isExternal":0,"perm":"sys:indexSlider:add","createTime":1764924559000}]}}', 'com.river.controller.system.SysMenuController', 'addMenu'),
	(2581, 'admin', '/sys/menu', 'POST', '添加菜单', '127.0.0.1', '内网IP|内网IP', 13, '2025-12-05 16:54:54', '{"menu":{"id":190,"parentId":173,"path":"","component":"","title":"发货","sort":5,"icon":"","type":"BUTTON","redirect":"","name":"","hidden":1,"isExternal":0,"perm":"sys:logistics:ship","createTime":1731892870000,"updateTime":1731903835000,"children":[{"id":180,"parentId":176,"path":"","component":"","title":"首页轮播图列表","sort":1,"icon":"","type":"BUTTON","redirect":"","name":"","hidden":1,"isExternal":0,"perm":"sys:indexSlider","createTime":1764924540000},{"id":181,"parentId":176,"path":"","component":"","title":"添加首页轮播图","sort":2,"icon":"","type":"BUTTON","redirect":"","name":"","hidden":1,"isExternal":0,"perm":"sys:indexSlider:add","createTime":1764924559000}]}}', 'com.river.controller.system.SysMenuController', 'addMenu'),
	(2582, 'admin', '/sys/menu', 'POST', '添加菜单', '127.0.0.1', '内网IP|内网IP', 4, '2025-12-05 16:56:16', '{"menu":{"id":191,"parentId":54,"path":"","component":"","title":"修改密码","sort":1,"icon":"","type":"BUTTON","redirect":"","name":"","hidden":1,"isExternal":0,"perm":"sys:user:updatePwd","createTime":1731892870000,"updateTime":1731903835000,"children":[{"id":180,"parentId":176,"path":"","component":"","title":"首页轮播图列表","sort":1,"icon":"","type":"BUTTON","redirect":"","name":"","hidden":1,"isExternal":0,"perm":"sys:indexSlider","createTime":1764924540000},{"id":181,"parentId":176,"path":"","component":"","title":"添加首页轮播图","sort":2,"icon":"","type":"BUTTON","redirect":"","name":"","hidden":1,"isExternal":0,"perm":"sys:indexSlider:add","createTime":1764924559000}]}}', 'com.river.controller.system.SysMenuController', 'addMenu'),
	(2583, 'admin', '/sys/menu', 'POST', '添加菜单', '127.0.0.1', '内网IP|内网IP', 5, '2025-12-05 16:59:11', '{"menu":{"id":192,"parentId":18,"path":"","component":"","title":"执行","sort":5,"icon":"","type":"BUTTON","redirect":"","name":"","hidden":1,"isExternal":0,"perm":"sys:job:run","createTime":1731892870000,"updateTime":1731903835000,"children":[{"id":180,"parentId":176,"path":"","component":"","title":"首页轮播图列表","sort":1,"icon":"","type":"BUTTON","redirect":"","name":"","hidden":1,"isExternal":0,"perm":"sys:indexSlider","createTime":1764924540000},{"id":181,"parentId":176,"path":"","component":"","title":"添加首页轮播图","sort":2,"icon":"","type":"BUTTON","redirect":"","name":"","hidden":1,"isExternal":0,"perm":"sys:indexSlider:add","createTime":1764924559000}]}}', 'com.river.controller.system.SysMenuController', 'addMenu'),
	(2584, 'admin', '/sys/role/menus/1', 'PUT', '修改角色权限', '127.0.0.1', '内网IP|内网IP', 16, '2025-12-05 17:00:13', '{"id":1,"menuIds":[175,176,180,181,182,183,177,184,185,186,142,143,161,162,163,164,165,166,167,168,169,170,171,144,145,146,147,148,149,160,178,179,150,151,152,153,154,155,156,157,158,159,172,173,174,187,188,189,190,1,14,39,27,28,29,52,2,3,8,40,41,43,9,10,53,11,12,44,136,137,138,139,140,13,48,51,49,50,32,33,55,56,128,129,130,131,54,4,16,17,95,94,18,60,62,65,59,58,61,192,19,63,66,64,67,104,105,30,31]}', 'com.river.controller.system.SysRoleController', 'updateRoleMenus'),
	(2585, 'admin', '/sys/role/menus/14', 'PUT', '修改角色权限', '127.0.0.1', '内网IP|内网IP', 10, '2025-12-05 17:00:26', '{"id":14,"menuIds":[175,176,180,181,182,183,177,184,185,186,142,143,161,162,163,164,165,166,167,168,169,170,171,144,145,146,147,148,149,160,178,179,150,151,152,153,154,155,156,157,158,159,172,173,174,187,188,189,190,1,14,39,27,28,29,52,2,3,8,40,41,43,9,10,53,11,12,44,136,137,138,139,140,13,48,51,49,50,32,33,55,56,128,129,130,131,54,4,16,17,95,94,18,60,62,65,59,58,61,192,19,63,66,64,67,104,105,30,31]}', 'com.river.controller.system.SysRoleController', 'updateRoleMenus'),
	(2586, 'admin', '/sys/indexSlider/update', 'PUT', '修改首页轮播图', '127.0.0.1', '内网IP|内网IP', 18, '2025-12-05 17:00:33', '{"indexSlider":{"id":17,"url":"http://127.0.0.1:8080/localFile/20251112/indexSlider-image/65_69547a42-983b-4e39-8524-d5a175da0ba7.png","title":"最新的","subtitle":"独一无二的文创产品","cta":"去购物","link":"/shop","createTime":1762914268000,"updateTime":1762914275000}}', 'com.river.controller.slider.IndexSliderController', 'edit'),
	(2587, 'admin', '/sys/indexSlider/add', 'POST', '添加首页轮播图', '127.0.0.1', '内网IP|内网IP', 6, '2025-12-05 17:00:40', '{"indexSlider":{"id":19,"url":"https://web-framework-cwj.oss-cn-chengdu.aliyuncs.com/wcgmall-plus/file/20251205/indexSlider-image/76_avatar.png","title":"1","subtitle":"1","cta":"1","link":"1","createTime":1762914268000,"updateTime":1762914275000}}', 'com.river.controller.slider.IndexSliderController', 'add'),
	(2588, 'admin', '/sys/indexSlider/delete/19', 'DELETE', '删除首页轮播图', '127.0.0.1', '内网IP|内网IP', 20, '2025-12-05 17:00:42', '{"ids":[19]}', 'com.river.controller.slider.IndexSliderController', 'remove'),
	(2589, 'admin', '/sys/blog/update', 'PUT', '修改博客', '127.0.0.1', '内网IP|内网IP', 4, '2025-12-05 17:00:49', '{"blog":{"id":10,"createTime":1730446522000,"updateTime":1763027601000,"userId":1848,"author":"韋","title":"川剧绝活：变脸1","content":"<h1 data-line=\\"0\\" id=\\"千年绝技的魔幻密码：解码川剧变脸的时空魅影\\">千年绝技的魔幻密码：解码川剧变脸的时空魅影</h1>\\n<p data-line=\\"1\\">在成都锦里古街的露天戏台上，当铜锣声骤然划破暮色，一张青面獠牙的鬼王面具突然绽裂，露出旦角含泪的素颜。这电光火石间的面容更迭，让初次观看川剧变脸的外国游客集体失声——他们不知道，此刻见证的不仅是戏剧魔术，更是一场穿越千年的文明对话。</p>\\n<h2 data-line=\\"2\\" id=\\"一、青铜时代的生存密码\\">一、青铜时代的生存密码</h2>\\n<p data-line=\\"3\\">三星堆遗址出土的黄金面具暗藏玄机，考古学家在青铜纵目面具内侧发现了植物染料的残留。这与《华阳国志》中&quot;蜀人画脸驱虎豹&quot;的记载惊人契合。古蜀先民或许是最早的&quot;变脸师&quot;，他们用赭石、朱砂在兽皮上绘制可替换的面部图腾，形成原始的多层面具系统。每当部族迁徙，战士便背负着这些&quot;表情包&quot;，在密林深处上演震慑野兽的生存戏剧。<br>\\n大足石刻的宋代造像中，观音三十三应化身像暗藏机关，通过可旋转的莲花座实现法相变换。这种古代机械装置为川剧变脸提供了技术原型，明代戏班将丝绸夹层与磁石结合，创造出可瞬间切换的&quot;十八罗汉面&quot;。清光绪年间的戏折记载，名角彭天喜在《白蛇传》中连变九张脸谱，从法海的怒目金刚到许仙的惶惑书生，全程仅用半柱香时间。</p>\\n<h2 data-line=\\"5\\" id=\\"二、后台揭秘：面部魔术的四种维度\\">二、后台揭秘：面部魔术的四种维度</h2>\\n<ol data-line=\\"6\\">\\n<li data-line=\\"6\\">扯脸绝技的物理美学（科学解析）<br>\\n当代川剧传人王金龙的工作室陈列着解构的变脸道具：蚕丝制成的脸谱薄如蝉翼（0.03毫米），内置记忆合金骨架。每张脸谱边缘密布微型钩爪，通过肩部肌肉牵动钢丝传动。这种精密系统能在0.5秒内完成七层脸谱的剥离，其力学原理堪比航天器的折叠太阳能板。</li>\\n<li data-line=\\"8\\">吹粉术的化学方程式</span></h3><p><span style=\\"font-size: 19px; font-family: 微软雅黑;\\">看似浪漫的吹脸艺术实则是精准的化学实验。金粉需混入3%的阿拉伯胶增加附着力，银粉要搭配特制松香增强反光。演员含在口中的微型气囊经过三十年训练才能控制气流，让粉末在面部形成渐变效果。《火焰山》中铁扇公主的&quot;三色渐变脸&quot;，实则是三次不同角度吐息的艺术叠加。</span></p><p><br></p><h3><span style=\\"font-size: 19px; font-family: 微软雅黑;\\">3. 运气变脸的生物密码</span></h3><p><span style=\\"font-size: 19px; font-family: 微软雅黑;\\">这项濒临失传的秘技依赖面部微血管的精确控制。传承人李老爷子每天用川乌药酒敷面，通过刺激面部神经增强毛细血管收缩能力。当他演绎《卧龙吊孝》时，运功后面部会自然浮现诸葛亮的病容，这种生物易容术至今未被现代科技完全破译。</span></p><p><br></p><h2><span style=\\"font-size: 19px; font-family: 微软雅黑;\\">三、数字时代的文明突围</span></h2><p><span style=\\"font-size: 19px; font-family: 微软雅黑;\\">在成都非遗公园，全息投影技术重现了光绪年间的经典变脸场景。智能脸谱内置LED矩阵，可实现每秒20次的图案切换。但老艺人们坚持保留丝绸质感，他们与麻省理工团队合作开发的&quot;电子丝绸&quot;，既保留了0.1毫米的轻薄特性，又能显示动态脸谱图案。</span></p><p><br></p><p><span style=\\"font-size: 19px; font-family: 微软雅黑;\\">抖音直播间里，00后传承人小茶茶用变脸绝活带货。当商品从火锅底料切换到汉服时，她的脸谱同步变为红脸关公和青衣旦角。这种古老的戏剧语言正在重构商业传播密码，单场直播最高吸引800万观众，让变脸艺术获得前所未有的传播裂变。</span></p><p><br></p><p><span style=\\"font-size: 19px; font-family: 微软雅黑;\\">夜色中的锦江剧场，第1024代变脸传人谢幕时突然露出自己的真容——那是张布满皱纹却神采奕奕的脸。瞬息间，老人脸上浮现出青铜面具、宋代观音、明代脸谱的虚影，最终定格在二维码形态。观众扫码进入的H5页面，正滚动播放着三千年变脸史的数字化档案。这场传统与现代的终极变奏，让古老技艺在数字洪流中完成了惊艳的重生</span></p></li>\\n</ol>\\n","contentMd":"# 千年绝技的魔幻密码：解码川剧变脸的时空魅影\\n 在成都锦里古街的露天戏台上，当铜锣声骤然划破暮色，一张青面獠牙的鬼王面具突然绽裂，露出旦角含泪的素颜。这电光火石间的面容更迭，让初次观看川剧变脸的外国游客集体失声——他们不知道，此刻见证的不仅是戏剧魔术，更是一场穿越千年的文明对话。\\n## 一、青铜时代的生存密码\\n 三星堆遗址出土的黄金面具暗藏玄机，考古学家在青铜纵目面具内侧发现了植物染料的残留。这与《华阳国志》中\\"蜀人画脸驱虎豹\\"的记载惊人契合。古蜀先民或许是最早的\\"变脸师\\"，他们用赭石、朱砂在兽皮上绘制可替换的面部图腾，形成原始的多层面具系统。每当部族迁徙，战士便背负着这些\\"表情包\\"，在密林深处上演震慑野兽的生存戏剧。\\n 大足石刻的宋代造像中，观音三十三应化身像暗藏机关，通过可旋转的莲花座实现法相变换。这种古代机械装置为川剧变脸提供了技术原型，明代戏班将丝绸夹层与磁石结合，创造出可瞬间切换的\\"十八罗汉面\\"。清光绪年间的戏折记载，名角彭天喜在《白蛇传》中连变九张脸谱，从法海的怒目金刚到许仙的惶惑书生，全程仅用半柱香时间。\\n## 二、后台揭秘：面部魔术的四种维度\\n1. 扯脸绝技的物理美学（科学解析）\\n 当代川剧传人王金龙的工作室陈列着解构的变脸道具：蚕丝制成的脸谱薄如蝉翼（0.03毫米），内置记忆合金骨架。每张脸谱边缘密布微型钩爪，通过肩部肌肉牵动钢丝传动。这种精密系统能在0.5秒内完成七层脸谱的剥离，其力学原理堪比航天器的折叠太阳能板。\\n3. 吹粉术的化学方程式</span></h3><p><span style=\\"font-size: 19px; font-family: 微软雅黑;\\">看似浪漫的吹脸艺术实则是精准的化学实验。金粉需混入3%的阿拉伯胶增加附着力，银粉要搭配特制松香增强反光。演员含在口中的微型气囊经过三十年训练才能控制气流，让粉末在面部形成渐变效果。《火焰山》中铁扇公主的\\"三色渐变脸\\"，实则是三次不同角度吐息的艺术叠加。</span></p><p><br></p><h3><span style=\\"font-size: 19px; font-family: 微软雅黑;\\">3. 运气变脸的生物密码</span></h3><p><span style=\\"font-size: 19px; font-family: 微软雅黑;\\">这项濒临失传的秘技依赖面部微血管的精确控制。传承人李老爷子每天用川乌药酒敷面，通过刺激面部神经增强毛细血管收缩能力。当他演绎《卧龙吊孝》时，运功后面部会自然浮现诸葛亮的病容，这种生物易容术至今未被现代科技完全破译。</span></p><p><br></p><h2><span style=\\"font-size: 19px; font-family: 微软雅黑;\\">三、数字时代的文明突围</span></h2><p><span style=\\"font-size: 19px; font-family: 微软雅黑;\\">在成都非遗公园，全息投影技术重现了光绪年间的经典变脸场景。智能脸谱内置LED矩阵，可实现每秒20次的图案切换。但老艺人们坚持保留丝绸质感，他们与麻省理工团队合作开发的\\"电子丝绸\\"，既保留了0.1毫米的轻薄特性，又能显示动态脸谱图案。</span></p><p><br></p><p><span style=\\"font-size: 19px; font-family: 微软雅黑;\\">抖音直播间里，00后传承人小茶茶用变脸绝活带货。当商品从火锅底料切换到汉服时，她的脸谱同步变为红脸关公和青衣旦角。这种古老的戏剧语言正在重构商业传播密码，单场直播最高吸引800万观众，让变脸艺术获得前所未有的传播裂变。</span></p><p><br></p><p><span style=\\"font-size: 19px; font-family: 微软雅黑;\\">夜色中的锦江剧场，第1024代变脸传人谢幕时突然露出自己的真容——那是张布满皱纹却神采奕奕的脸。瞬息间，老人脸上浮现出青铜面具、宋代观音、明代脸谱的虚影，最终定格在二维码形态。观众扫码进入的H5页面，正滚动播放着三千年变脸史的数字化档案。这场传统与现代的终极变奏，让古老技艺在数字洪流中完成了惊艳的重生</span></p>","image":"https://web-framework-cwj.oss-cn-chengdu.aliyuncs.com/3db9481a-35b9-4d60-8409-9bb75bd5d190.jpg","status":1}}', 'com.river.controller.blog.BlogController', 'edit'),
	(2590, 'admin', '/sys/blog/update', 'PUT', '修改博客', '127.0.0.1', '内网IP|内网IP', 3, '2025-12-05 17:00:53', '{"blog":{"id":10,"createTime":1730446522000,"updateTime":1763027601000,"userId":1848,"author":"韋","title":"川剧绝活：变脸","content":"<h1 data-line=\\"0\\" id=\\"千年绝技的魔幻密码：解码川剧变脸的时空魅影\\">千年绝技的魔幻密码：解码川剧变脸的时空魅影</h1>\\n<p data-line=\\"1\\">在成都锦里古街的露天戏台上，当铜锣声骤然划破暮色，一张青面獠牙的鬼王面具突然绽裂，露出旦角含泪的素颜。这电光火石间的面容更迭，让初次观看川剧变脸的外国游客集体失声——他们不知道，此刻见证的不仅是戏剧魔术，更是一场穿越千年的文明对话。</p>\\n<h2 data-line=\\"2\\" id=\\"一、青铜时代的生存密码\\">一、青铜时代的生存密码</h2>\\n<p data-line=\\"3\\">三星堆遗址出土的黄金面具暗藏玄机，考古学家在青铜纵目面具内侧发现了植物染料的残留。这与《华阳国志》中&quot;蜀人画脸驱虎豹&quot;的记载惊人契合。古蜀先民或许是最早的&quot;变脸师&quot;，他们用赭石、朱砂在兽皮上绘制可替换的面部图腾，形成原始的多层面具系统。每当部族迁徙，战士便背负着这些&quot;表情包&quot;，在密林深处上演震慑野兽的生存戏剧。<br>\\n大足石刻的宋代造像中，观音三十三应化身像暗藏机关，通过可旋转的莲花座实现法相变换。这种古代机械装置为川剧变脸提供了技术原型，明代戏班将丝绸夹层与磁石结合，创造出可瞬间切换的&quot;十八罗汉面&quot;。清光绪年间的戏折记载，名角彭天喜在《白蛇传》中连变九张脸谱，从法海的怒目金刚到许仙的惶惑书生，全程仅用半柱香时间。</p>\\n<h2 data-line=\\"5\\" id=\\"二、后台揭秘：面部魔术的四种维度\\">二、后台揭秘：面部魔术的四种维度</h2>\\n<ol data-line=\\"6\\">\\n<li data-line=\\"6\\">扯脸绝技的物理美学（科学解析）<br>\\n当代川剧传人王金龙的工作室陈列着解构的变脸道具：蚕丝制成的脸谱薄如蝉翼（0.03毫米），内置记忆合金骨架。每张脸谱边缘密布微型钩爪，通过肩部肌肉牵动钢丝传动。这种精密系统能在0.5秒内完成七层脸谱的剥离，其力学原理堪比航天器的折叠太阳能板。</li>\\n<li data-line=\\"8\\">吹粉术的化学方程式</span></h3><p><span style=\\"font-size: 19px; font-family: 微软雅黑;\\">看似浪漫的吹脸艺术实则是精准的化学实验。金粉需混入3%的阿拉伯胶增加附着力，银粉要搭配特制松香增强反光。演员含在口中的微型气囊经过三十年训练才能控制气流，让粉末在面部形成渐变效果。《火焰山》中铁扇公主的&quot;三色渐变脸&quot;，实则是三次不同角度吐息的艺术叠加。</span></p><p><br></p><h3><span style=\\"font-size: 19px; font-family: 微软雅黑;\\">3. 运气变脸的生物密码</span></h3><p><span style=\\"font-size: 19px; font-family: 微软雅黑;\\">这项濒临失传的秘技依赖面部微血管的精确控制。传承人李老爷子每天用川乌药酒敷面，通过刺激面部神经增强毛细血管收缩能力。当他演绎《卧龙吊孝》时，运功后面部会自然浮现诸葛亮的病容，这种生物易容术至今未被现代科技完全破译。</span></p><p><br></p><h2><span style=\\"font-size: 19px; font-family: 微软雅黑;\\">三、数字时代的文明突围</span></h2><p><span style=\\"font-size: 19px; font-family: 微软雅黑;\\">在成都非遗公园，全息投影技术重现了光绪年间的经典变脸场景。智能脸谱内置LED矩阵，可实现每秒20次的图案切换。但老艺人们坚持保留丝绸质感，他们与麻省理工团队合作开发的&quot;电子丝绸&quot;，既保留了0.1毫米的轻薄特性，又能显示动态脸谱图案。</span></p><p><br></p><p><span style=\\"font-size: 19px; font-family: 微软雅黑;\\">抖音直播间里，00后传承人小茶茶用变脸绝活带货。当商品从火锅底料切换到汉服时，她的脸谱同步变为红脸关公和青衣旦角。这种古老的戏剧语言正在重构商业传播密码，单场直播最高吸引800万观众，让变脸艺术获得前所未有的传播裂变。</span></p><p><br></p><p><span style=\\"font-size: 19px; font-family: 微软雅黑;\\">夜色中的锦江剧场，第1024代变脸传人谢幕时突然露出自己的真容——那是张布满皱纹却神采奕奕的脸。瞬息间，老人脸上浮现出青铜面具、宋代观音、明代脸谱的虚影，最终定格在二维码形态。观众扫码进入的H5页面，正滚动播放着三千年变脸史的数字化档案。这场传统与现代的终极变奏，让古老技艺在数字洪流中完成了惊艳的重生</span></p></li>\\n</ol>\\n","contentMd":"# 千年绝技的魔幻密码：解码川剧变脸的时空魅影\\n 在成都锦里古街的露天戏台上，当铜锣声骤然划破暮色，一张青面獠牙的鬼王面具突然绽裂，露出旦角含泪的素颜。这电光火石间的面容更迭，让初次观看川剧变脸的外国游客集体失声——他们不知道，此刻见证的不仅是戏剧魔术，更是一场穿越千年的文明对话。\\n## 一、青铜时代的生存密码\\n 三星堆遗址出土的黄金面具暗藏玄机，考古学家在青铜纵目面具内侧发现了植物染料的残留。这与《华阳国志》中\\"蜀人画脸驱虎豹\\"的记载惊人契合。古蜀先民或许是最早的\\"变脸师\\"，他们用赭石、朱砂在兽皮上绘制可替换的面部图腾，形成原始的多层面具系统。每当部族迁徙，战士便背负着这些\\"表情包\\"，在密林深处上演震慑野兽的生存戏剧。\\n 大足石刻的宋代造像中，观音三十三应化身像暗藏机关，通过可旋转的莲花座实现法相变换。这种古代机械装置为川剧变脸提供了技术原型，明代戏班将丝绸夹层与磁石结合，创造出可瞬间切换的\\"十八罗汉面\\"。清光绪年间的戏折记载，名角彭天喜在《白蛇传》中连变九张脸谱，从法海的怒目金刚到许仙的惶惑书生，全程仅用半柱香时间。\\n## 二、后台揭秘：面部魔术的四种维度\\n1. 扯脸绝技的物理美学（科学解析）\\n 当代川剧传人王金龙的工作室陈列着解构的变脸道具：蚕丝制成的脸谱薄如蝉翼（0.03毫米），内置记忆合金骨架。每张脸谱边缘密布微型钩爪，通过肩部肌肉牵动钢丝传动。这种精密系统能在0.5秒内完成七层脸谱的剥离，其力学原理堪比航天器的折叠太阳能板。\\n3. 吹粉术的化学方程式</span></h3><p><span style=\\"font-size: 19px; font-family: 微软雅黑;\\">看似浪漫的吹脸艺术实则是精准的化学实验。金粉需混入3%的阿拉伯胶增加附着力，银粉要搭配特制松香增强反光。演员含在口中的微型气囊经过三十年训练才能控制气流，让粉末在面部形成渐变效果。《火焰山》中铁扇公主的\\"三色渐变脸\\"，实则是三次不同角度吐息的艺术叠加。</span></p><p><br></p><h3><span style=\\"font-size: 19px; font-family: 微软雅黑;\\">3. 运气变脸的生物密码</span></h3><p><span style=\\"font-size: 19px; font-family: 微软雅黑;\\">这项濒临失传的秘技依赖面部微血管的精确控制。传承人李老爷子每天用川乌药酒敷面，通过刺激面部神经增强毛细血管收缩能力。当他演绎《卧龙吊孝》时，运功后面部会自然浮现诸葛亮的病容，这种生物易容术至今未被现代科技完全破译。</span></p><p><br></p><h2><span style=\\"font-size: 19px; font-family: 微软雅黑;\\">三、数字时代的文明突围</span></h2><p><span style=\\"font-size: 19px; font-family: 微软雅黑;\\">在成都非遗公园，全息投影技术重现了光绪年间的经典变脸场景。智能脸谱内置LED矩阵，可实现每秒20次的图案切换。但老艺人们坚持保留丝绸质感，他们与麻省理工团队合作开发的\\"电子丝绸\\"，既保留了0.1毫米的轻薄特性，又能显示动态脸谱图案。</span></p><p><br></p><p><span style=\\"font-size: 19px; font-family: 微软雅黑;\\">抖音直播间里，00后传承人小茶茶用变脸绝活带货。当商品从火锅底料切换到汉服时，她的脸谱同步变为红脸关公和青衣旦角。这种古老的戏剧语言正在重构商业传播密码，单场直播最高吸引800万观众，让变脸艺术获得前所未有的传播裂变。</span></p><p><br></p><p><span style=\\"font-size: 19px; font-family: 微软雅黑;\\">夜色中的锦江剧场，第1024代变脸传人谢幕时突然露出自己的真容——那是张布满皱纹却神采奕奕的脸。瞬息间，老人脸上浮现出青铜面具、宋代观音、明代脸谱的虚影，最终定格在二维码形态。观众扫码进入的H5页面，正滚动播放着三千年变脸史的数字化档案。这场传统与现代的终极变奏，让古老技艺在数字洪流中完成了惊艳的重生</span></p>","image":"https://web-framework-cwj.oss-cn-chengdu.aliyuncs.com/3db9481a-35b9-4d60-8409-9bb75bd5d190.jpg","status":1}}', 'com.river.controller.blog.BlogController', 'edit'),
	(2591, 'admin', '/sys/blog/add', 'POST', '添加博客', '127.0.0.1', '内网IP|内网IP', 11, '2025-12-05 17:01:01', '{"blog":{"id":31,"createTime":1730446522000,"updateTime":1763027601000,"userId":1848,"author":"1","title":"1","content":"","contentMd":"","image":"https://web-framework-cwj.oss-cn-chengdu.aliyuncs.com/wcgmall-plus/file/20251205/blog-image/35_avatar.png"}}', 'com.river.controller.blog.BlogController', 'add'),
	(2592, 'admin', '/sys/blog/update/status', 'PUT', '修改博客状态', '127.0.0.1', '内网IP|内网IP', 3, '2025-12-05 17:01:04', '{"blog":{"id":31,"updateTime":1764925264450,"status":1}}', 'com.river.controller.blog.BlogController', 'updateStatus'),
	(2593, 'admin', '/sys/blog/update/status', 'PUT', '修改博客状态', '127.0.0.1', '内网IP|内网IP', 3, '2025-12-05 17:01:05', '{"blog":{"id":31,"updateTime":1764925265521,"status":0}}', 'com.river.controller.blog.BlogController', 'updateStatus'),
	(2594, 'admin', '/sys/blog/delete/31', 'DELETE', '删除博客', '127.0.0.1', '内网IP|内网IP', 2, '2025-12-05 17:01:07', '{"ids":[31]}', 'com.river.controller.blog.BlogController', 'remove'),
	(2595, 'admin', '/sys/comments/add', 'POST', '添加评论', '127.0.0.1', '内网IP|内网IP', 5, '2025-12-05 17:01:12', '{"comments":{"id":112,"userId":1848,"createTime":1764925272581,"comment":"1"}}', 'com.river.controller.comments.CommentsController', 'add'),
	(2596, 'admin', '/sys/comments/update', 'PUT', '修改评论', '127.0.0.1', '内网IP|内网IP', 3, '2025-12-05 17:01:19', '{"comments":{"id":112,"userId":1848,"createTime":1764925273000,"updateTime":1764925279261,"comment":"2"}}', 'com.river.controller.comments.CommentsController', 'edit'),
	(2597, 'admin', '/sys/comments/delete/112', 'DELETE', '删除评论', '127.0.0.1', '内网IP|内网IP', 1, '2025-12-05 17:01:21', '{"ids":[112]}', 'com.river.controller.comments.CommentsController', 'remove'),
	(2598, 'admin', '/sys/product/update', 'PUT', '修改商品', '127.0.0.1', '内网IP|内网IP', 6, '2025-12-05 17:01:31', '{"product":{"id":61,"createTime":1762847365000,"updateTime":1762848602000,"userId":1848,"name":"吉祥托福1","categoryId":16,"brandId":8,"price":1198,"inventory":4,"image":"http://127.0.0.1:8080/localFile/20251111/product-image/92_4c5e66a1-057b-440c-b8f4-2f0207975559.jpg","detailImages":"[\\"http://127.0.0.1:8080/localFile/20251111/product-detail-image/61_4c5e66a1-057b-440c-b8f4-2f0207975559.jpg\\",\\"http://127.0.0.1:8080/localFile/20251111/product-detail-image/29_122cea7b-7101-4a17-8b01-af9dddefe760.jpg\\",\\"http://127.0.0.1:8080/localFile/20251111/product-detail-image/31_157a37cc-4138-432e-8685-a840162a2f64.jpg\\",\\"http://127.0.0.1:8080/localFile/20251111/product-detail-image/64_1923099f-e39d-47be-b7a9-5a8c98669b83.jpg\\",\\"http://127.0.0.1:8080/localFile/20251111/product-detail-image/54_ab89e4d2-268e-4835-8434-881421f729c7.jpg\\",\\"http://127.0.0.1:8080/localFile/20251111/product-detail-image/47_ad9b6505-9cca-41e6-b0e2-a1be2193eb8b.jpg\\"]","description":"这个铜制摆件是由高品质的铜材料制成的装饰品，它的设计精美、工艺精湛。这件摆件可能是一件艺术品、雕塑或者是一个装饰品，它可能具有特定的主题或者寓意。铜制摆件通常具有较强的装饰性，可以用于家居装饰或者办公场所摆放。铜制摆件通常具有历史价值和艺术价值，是一种能够体现个人品味和文化修养的装饰品。它可以是一个独特的礼物，也可以是一个收藏品，展现着艺术家的创意和工匠的技艺。","descriptionImage":"[\\"http://127.0.0.1:8080/localFile/20251111/product-description-image/26_5a79763f-d81b-41a4-80e0-05869801092f.jpg\\",\\"http://127.0.0.1:8080/localFile/20251111/product-description-image/11_8b09ffc5-e1b2-4bd7-8deb-29046e08116a.jpg\\",\\"http://127.0.0.1:8080/localFile/20251111/product-description-image/83_cf05aa03-297c-4c77-9e52-5e7e73d0aa75.jpg\\",\\"http://127.0.0.1:8080/localFile/20251111/product-description-image/93_e40b9f44-2b17-401b-9f01-a0e07997fb45.jpg\\"]","label":"铜","status":1}}', 'com.river.controller.product.ProductController', 'edit'),
	(2599, 'admin', '/sys/product/update', 'PUT', '修改商品', '127.0.0.1', '内网IP|内网IP', 4, '2025-12-05 17:01:35', '{"product":{"id":61,"createTime":1762847365000,"updateTime":1762848602000,"userId":1848,"name":"吉祥托福","categoryId":16,"brandId":8,"price":1198,"inventory":4,"image":"http://127.0.0.1:8080/localFile/20251111/product-image/92_4c5e66a1-057b-440c-b8f4-2f0207975559.jpg","detailImages":"[\\"http://127.0.0.1:8080/localFile/20251111/product-detail-image/61_4c5e66a1-057b-440c-b8f4-2f0207975559.jpg\\",\\"http://127.0.0.1:8080/localFile/20251111/product-detail-image/29_122cea7b-7101-4a17-8b01-af9dddefe760.jpg\\",\\"http://127.0.0.1:8080/localFile/20251111/product-detail-image/31_157a37cc-4138-432e-8685-a840162a2f64.jpg\\",\\"http://127.0.0.1:8080/localFile/20251111/product-detail-image/64_1923099f-e39d-47be-b7a9-5a8c98669b83.jpg\\",\\"http://127.0.0.1:8080/localFile/20251111/product-detail-image/54_ab89e4d2-268e-4835-8434-881421f729c7.jpg\\",\\"http://127.0.0.1:8080/localFile/20251111/product-detail-image/47_ad9b6505-9cca-41e6-b0e2-a1be2193eb8b.jpg\\"]","description":"这个铜制摆件是由高品质的铜材料制成的装饰品，它的设计精美、工艺精湛。这件摆件可能是一件艺术品、雕塑或者是一个装饰品，它可能具有特定的主题或者寓意。铜制摆件通常具有较强的装饰性，可以用于家居装饰或者办公场所摆放。铜制摆件通常具有历史价值和艺术价值，是一种能够体现个人品味和文化修养的装饰品。它可以是一个独特的礼物，也可以是一个收藏品，展现着艺术家的创意和工匠的技艺。","descriptionImage":"[\\"http://127.0.0.1:8080/localFile/20251111/product-description-image/26_5a79763f-d81b-41a4-80e0-05869801092f.jpg\\",\\"http://127.0.0.1:8080/localFile/20251111/product-description-image/11_8b09ffc5-e1b2-4bd7-8deb-29046e08116a.jpg\\",\\"http://127.0.0.1:8080/localFile/20251111/product-description-image/83_cf05aa03-297c-4c77-9e52-5e7e73d0aa75.jpg\\",\\"http://127.0.0.1:8080/localFile/20251111/product-description-image/93_e40b9f44-2b17-401b-9f01-a0e07997fb45.jpg\\"]","label":"铜","status":1}}', 'com.river.controller.product.ProductController', 'edit'),
	(2600, 'admin', '/sys/product/startOrStop', 'PUT', '启动或停用商品', '127.0.0.1', '内网IP|内网IP', 4, '2025-12-05 17:01:36', '{"id":61}', 'com.river.controller.product.ProductController', 'startOrStop'),
	(2601, 'admin', '/sys/product/startOrStop', 'PUT', '启动或停用商品', '127.0.0.1', '内网IP|内网IP', 5, '2025-12-05 17:01:38', '{"id":61}', 'com.river.controller.product.ProductController', 'startOrStop'),
	(2602, 'admin', '/sys/officialCollection/delete/61', 'DELETE', '删除官方收藏', '127.0.0.1', '内网IP|内网IP', 7, '2025-12-05 17:01:39', '{"productId":61}', 'com.river.controller.officalCollection.OfficialCollectionController', 'remove'),
	(2603, 'admin', '/sys/officialCollection/add/61', 'PUT', '添加官方收藏', '127.0.0.1', '内网IP|内网IP', 7, '2025-12-05 17:01:40', '{"productId":61}', 'com.river.controller.officalCollection.OfficialCollectionController', 'add'),
	(2604, 'admin', '/sys/product/add', 'POST', '添加商品', '127.0.0.1', '内网IP|内网IP', 5, '2025-12-05 17:01:58', '{"product":{"id":86,"createTime":1762847365000,"updateTime":1762848602000,"userId":1848,"name":"1","categoryId":14,"brandId":11,"price":1,"inventory":1,"image":"https://web-framework-cwj.oss-cn-chengdu.aliyuncs.com/wcgmall-plus/file/20251205/product-image/53_avatar.png","detailImages":"[]","description":"111","descriptionImage":"[]"}}', 'com.river.controller.product.ProductController', 'add'),
	(2605, 'admin', '/sys/product/delete/86', 'DELETE', '删除商品', '127.0.0.1', '内网IP|内网IP', 3, '2025-12-05 17:02:04', '{"ids":[86]}', 'com.river.controller.product.ProductController', 'remove'),
	(2606, 'admin', '/sys/order/delete/257', 'DELETE', '删除订单', '127.0.0.1', '内网IP|内网IP', 3, '2025-12-05 17:02:19', '{"ids":[257]}', 'com.river.controller.order.OrderController', 'remove'),
	(2607, 'admin', '/sys/menu', 'PUT', '修改菜单', '127.0.0.1', '内网IP|内网IP', 89, '2025-12-11 17:26:31', '{"menu":{"id":101,"parentId":1,"path":"socialConfig","component":"system/socialConfig/index","title":"第三方登录配置","sort":7,"icon":"Connection","type":"MENU","redirect":"","name":"","hidden":0,"isExternal":0,"perm":"","createTime":1765445063000,"updateTime":1765445063000}}', 'com.river.controller.system.SysMenuController', 'updateMenu'),
	(2608, 'admin', '/sys/menu', 'PUT', '修改菜单', '127.0.0.1', '内网IP|内网IP', 7, '2025-12-11 17:26:58', '{"menu":{"id":101,"parentId":1,"path":"socialConfig","component":"/system/socialConfig/index","title":"第三方登录配置","sort":7,"icon":"Connection","type":"MENU","redirect":"","name":"","hidden":0,"isExternal":0,"perm":"","createTime":1765445063000,"updateTime":1765445063000}}', 'com.river.controller.system.SysMenuController', 'updateMenu'),
	(2609, 'admin', '/sys/menu', 'POST', '添加菜单', '127.0.0.1', '内网IP|内网IP', 8, '2025-12-11 17:28:08', '{"menu":{"id":193,"parentId":101,"path":"","component":"","title":"查询","sort":1,"icon":"","type":"BUTTON","redirect":"","name":"","hidden":1,"isExternal":0,"perm":"sys:socialConfig:list","createTime":1765445288506}}', 'com.river.controller.system.SysMenuController', 'addMenu'),
	(2610, 'admin', '/sys/menu', 'POST', '添加菜单', '127.0.0.1', '内网IP|内网IP', 5, '2025-12-11 17:28:22', '{"menu":{"id":194,"parentId":101,"path":"","component":"","title":"新增","sort":2,"icon":"","type":"BUTTON","redirect":"","name":"","hidden":1,"isExternal":0,"perm":"sys:socialConfig:add","createTime":1765445302891}}', 'com.river.controller.system.SysMenuController', 'addMenu'),
	(2611, 'admin', '/sys/menu', 'POST', '添加菜单', '127.0.0.1', '内网IP|内网IP', 5, '2025-12-11 17:28:54', '{"menu":{"id":195,"parentId":101,"path":"","component":"","title":"修改","sort":3,"icon":"","type":"BUTTON","redirect":"","name":"","hidden":1,"isExternal":0,"perm":"sys:socialConfig:update","createTime":1765445063000,"updateTime":1765445063000,"children":[{"id":193,"parentId":101,"path":"","component":"","title":"查询","sort":1,"icon":"","type":"BUTTON","redirect":"","name":"","hidden":1,"isExternal":0,"perm":"sys:socialConfig:list","createTime":1765445289000},{"id":194,"parentId":101,"path":"","component":"","title":"新增","sort":2,"icon":"","type":"BUTTON","redirect":"","name":"","hidden":1,"isExternal":0,"perm":"sys:socialConfig:add","createTime":1765445303000}]}}', 'com.river.controller.system.SysMenuController', 'addMenu'),
	(2612, 'admin', '/sys/menu', 'POST', '添加菜单', '127.0.0.1', '内网IP|内网IP', 7, '2025-12-11 17:29:08', '{"menu":{"id":196,"parentId":101,"path":"","component":"","title":"删除","sort":4,"icon":"","type":"BUTTON","redirect":"","name":"","hidden":1,"isExternal":0,"perm":"sys:socialConfig:delete","createTime":1765445063000,"updateTime":1765445063000,"children":[{"id":193,"parentId":101,"path":"","component":"","title":"查询","sort":1,"icon":"","type":"BUTTON","redirect":"","name":"","hidden":1,"isExternal":0,"perm":"sys:socialConfig:list","createTime":1765445289000},{"id":194,"parentId":101,"path":"","component":"","title":"新增","sort":2,"icon":"","type":"BUTTON","redirect":"","name":"","hidden":1,"isExternal":0,"perm":"sys:socialConfig:add","createTime":1765445303000}]}}', 'com.river.controller.system.SysMenuController', 'addMenu'),
	(2613, 'admin', '/sys/role/menus/1', 'PUT', '修改角色权限', '127.0.0.1', '内网IP|内网IP', 21, '2025-12-11 17:29:21', '{"id":1,"menuIds":[175,176,180,181,182,183,177,184,185,186,142,143,161,162,163,164,165,166,167,168,169,170,171,144,145,146,147,148,149,160,178,179,150,151,152,153,154,155,156,157,158,159,172,173,174,187,188,189,190,1,14,39,27,28,29,52,2,3,8,40,41,43,9,10,53,11,12,44,136,137,138,139,140,13,48,51,49,50,32,33,55,56,128,129,130,131,101,193,194,195,196,54,191,4,16,17,95,94,18,60,62,65,59,58,61,192,19,63,66,64,67,104,105,30,31]}', 'com.river.controller.system.SysRoleController', 'updateRoleMenus'),
	(2614, 'admin', '/sys/socialConfig/settings', 'PUT', '更新第三方登录全局设置', '127.0.0.1', '内网IP|内网IP', 20, '2025-12-11 17:30:22', '{"settings":{"enabled":true,"loginMode":"oauth2"}}', 'com.river.controller.system.SysSocialConfigController', 'updateSettings'),
	(2615, 'admin', '/sys/socialConfig/settings', 'PUT', '更新第三方登录全局设置', '127.0.0.1', '内网IP|内网IP', 19, '2025-12-11 17:30:24', '{"settings":{"enabled":true,"loginMode":"juhe"}}', 'com.river.controller.system.SysSocialConfigController', 'updateSettings'),
	(2616, 'admin', '/sys/socialConfig/updateStatus', 'PUT', '修改第三方登录配置状态', '127.0.0.1', '内网IP|内网IP', 12, '2025-12-11 17:33:39', '{"params":{"id":3,"status":1}}', 'com.river.controller.system.SysSocialConfigController', 'updateStatus'),
	(2617, 'admin', '/sys/socialConfig/updateStatus', 'PUT', '修改第三方登录配置状态', '127.0.0.1', '内网IP|内网IP', 3, '2025-12-11 17:33:40', '{"params":{"id":3,"status":0}}', 'com.river.controller.system.SysSocialConfigController', 'updateStatus'),
	(2618, 'admin', '/sys/socialConfig/settings', 'PUT', '更新第三方登录全局设置', '127.0.0.1', '内网IP|内网IP', 16, '2025-12-11 17:34:01', '{"settings":{"enabled":true,"loginMode":"oauth2"}}', 'com.river.controller.system.SysSocialConfigController', 'updateSettings'),
	(2619, 'admin', '/sys/socialConfig/update', 'PUT', '修改第三方登录配置', '127.0.0.1', '内网IP|内网IP', 11, '2025-12-11 17:36:42', '{"config":{"id":10,"socialType":"gitee","socialName":"Gitee","loginMode":"juhe","juheTypeCode":10,"supportOauth2":1,"supportJuhe":1,"appId":"ffc362876adfd13feb1acee11fd71e931da05006fa9ab071655e85a15e9c493e","appSecret":"ae9a21ce423349a6c312c0041983d7e3b87b8396e3abd28185ef10f36afe668b","redirectUrl":"https://wcgmall-plus-server.wcgmallcwj.online/api/social/callback/gitee","status":1,"sort":10,"icon":"gitee","remark":"Gitee登录，同时支持OAuth2和聚合登录","createTime":1765444681000,"updateTime":1765444681000}}', 'com.river.controller.system.SysSocialConfigController', 'edit'),
	(2620, 'admin', '/sys/socialConfig/update', 'PUT', '修改第三方登录配置', '127.0.0.1', '内网IP|内网IP', 5, '2025-12-11 17:37:02', '{"config":{"id":11,"socialType":"github","socialName":"GitHub","loginMode":"juhe","juheTypeCode":11,"supportOauth2":1,"supportJuhe":1,"appId":"Ov23liuq94w75TUbk1ZO","appSecret":"e30ab9a35e0888eb9d76c04460f374d694cfe1c1","redirectUrl":"https://blog-server.wcgmallcwj.online/api/auth/callback/github","status":1,"sort":11,"icon":"github","remark":"GitHub登录，同时支持OAuth2和聚合登录","createTime":1765444681000,"updateTime":1765444681000}}', 'com.river.controller.system.SysSocialConfigController', 'edit'),
	(2621, 'admin', '/sys/socialConfig/settings', 'PUT', '更新第三方登录全局设置', '127.0.0.1', '内网IP|内网IP', 15, '2025-12-11 17:37:59', '{"settings":{"enabled":true,"loginMode":"juhe"}}', 'com.river.controller.system.SysSocialConfigController', 'updateSettings'),
	(2622, 'admin', '/sys/socialConfig/settings', 'PUT', '更新第三方登录全局设置', '127.0.0.1', '内网IP|内网IP', 21, '2025-12-11 17:38:19', '{"settings":{"enabled":true,"loginMode":"oauth2"}}', 'com.river.controller.system.SysSocialConfigController', 'updateSettings'),
	(2623, 'admin', '/sys/socialConfig/settings', 'PUT', '更新第三方登录全局设置', '127.0.0.1', '内网IP|内网IP', 15, '2025-12-11 17:41:46', '{"settings":{"enabled":true,"loginMode":"juhe"}}', 'com.river.controller.system.SysSocialConfigController', 'updateSettings'),
	(2624, 'admin', '/sys/socialConfig/updateStatus', 'PUT', '修改第三方登录配置状态', '127.0.0.1', '内网IP|内网IP', 3, '2025-12-11 17:43:39', '{"params":{"id":1,"status":0}}', 'com.river.controller.system.SysSocialConfigController', 'updateStatus'),
	(2625, 'admin', '/sys/socialConfig/updateStatus', 'PUT', '修改第三方登录配置状态', '127.0.0.1', '内网IP|内网IP', 8, '2025-12-11 17:43:39', '{"params":{"id":2,"status":0}}', 'com.river.controller.system.SysSocialConfigController', 'updateStatus'),
	(2626, 'admin', '/sys/socialConfig/updateStatus', 'PUT', '修改第三方登录配置状态', '127.0.0.1', '内网IP|内网IP', 3, '2025-12-11 17:43:51', '{"params":{"id":1,"status":1}}', 'com.river.controller.system.SysSocialConfigController', 'updateStatus'),
	(2627, 'admin', '/sys/socialConfig/updateStatus', 'PUT', '修改第三方登录配置状态', '127.0.0.1', '内网IP|内网IP', 4, '2025-12-11 17:43:51', '{"params":{"id":2,"status":1}}', 'com.river.controller.system.SysSocialConfigController', 'updateStatus'),
	(2628, 'admin', '/sys/socialConfig/update', 'PUT', '修改第三方登录配置', '127.0.0.1', '内网IP|内网IP', 4, '2025-12-11 17:44:04', '{"config":{"id":1,"socialType":"qq","socialName":"QQ","loginMode":"juhe","juheTypeCode":1,"supportOauth2":0,"supportJuhe":1,"status":1,"sort":1,"icon":"qq","remark":"QQ登录，同时支持OAuth2和聚合登录","createTime":1765444681000,"updateTime":1765446231000}}', 'com.river.controller.system.SysSocialConfigController', 'edit'),
	(2629, 'admin', '/sys/socialConfig/update', 'PUT', '修改第三方登录配置', '127.0.0.1', '内网IP|内网IP', 4, '2025-12-11 17:44:07', '{"config":{"id":4,"socialType":"weibo","socialName":"微博","loginMode":"juhe","juheTypeCode":4,"supportOauth2":0,"supportJuhe":1,"status":0,"sort":4,"icon":"weibo","remark":"微博登录，同时支持OAuth2和聚合登录","createTime":1765444681000,"updateTime":1765444681000}}', 'com.river.controller.system.SysSocialConfigController', 'edit'),
	(2630, 'admin', '/sys/socialConfig/settings', 'PUT', '更新第三方登录全局设置', '127.0.0.1', '内网IP|内网IP', 14, '2025-12-11 17:44:18', '{"settings":{"enabled":true,"loginMode":"oauth2"}}', 'com.river.controller.system.SysSocialConfigController', 'updateSettings'),
	(2631, 'admin', '/sys/socialConfig/updateStatus', 'PUT', '修改第三方登录配置状态', '127.0.0.1', '内网IP|内网IP', 5, '2025-12-11 17:44:21', '{"params":{"id":1,"status":0}}', 'com.river.controller.system.SysSocialConfigController', 'updateStatus'),
	(2632, 'admin', '/sys/socialConfig/updateStatus', 'PUT', '修改第三方登录配置状态', '127.0.0.1', '内网IP|内网IP', 4, '2025-12-11 17:44:22', '{"params":{"id":2,"status":0}}', 'com.river.controller.system.SysSocialConfigController', 'updateStatus'),
	(2633, 'admin', '/sys/socialConfig/updateStatus', 'PUT', '修改第三方登录配置状态', '127.0.0.1', '内网IP|内网IP', 4, '2025-12-11 17:44:24', '{"params":{"id":1,"status":1}}', 'com.river.controller.system.SysSocialConfigController', 'updateStatus'),
	(2634, 'admin', '/sys/socialConfig/updateStatus', 'PUT', '修改第三方登录配置状态', '127.0.0.1', '内网IP|内网IP', 3, '2025-12-11 17:44:25', '{"params":{"id":2,"status":1}}', 'com.river.controller.system.SysSocialConfigController', 'updateStatus'),
	(2635, 'admin', '/sys/socialConfig/settings', 'PUT', '更新第三方登录全局设置', '127.0.0.1', '内网IP|内网IP', 12, '2025-12-11 17:44:30', '{"settings":{"enabled":true,"loginMode":"juhe"}}', 'com.river.controller.system.SysSocialConfigController', 'updateSettings'),
	(2636, 'admin', '/sys/socialConfig/settings', 'PUT', '更新第三方登录全局设置', '127.0.0.1', '内网IP|内网IP', 9, '2025-12-11 17:44:52', '{"settings":{"enabled":true,"loginMode":"oauth2"}}', 'com.river.controller.system.SysSocialConfigController', 'updateSettings'),
	(2637, 'admin', '/sys/socialConfig/settings', 'PUT', '更新第三方登录全局设置', '127.0.0.1', '内网IP|内网IP', 6, '2025-12-11 17:44:55', '{"settings":{"enabled":true,"loginMode":"juhe"}}', 'com.river.controller.system.SysSocialConfigController', 'updateSettings'),
	(2638, 'admin', '/sys/socialConfig/add', 'POST', '添加第三方登录配置', '127.0.0.1', '内网IP|内网IP', 8, '2025-12-11 17:47:11', '{"config":{"id":13,"socialType":"faceBook","socialName":"脸书","juheTypeCode":13,"supportOauth2":0,"supportJuhe":1,"status":1,"sort":13,"createTime":1765446431869,"updateTime":1765446431869}}', 'com.river.controller.system.SysSocialConfigController', 'add'),
	(2639, 'admin', '/sys/socialConfig/delete/13', 'DELETE', '删除第三方登录配置', '127.0.0.1', '内网IP|内网IP', 27, '2025-12-11 18:01:52', '{"ids":[13]}', 'com.river.controller.system.SysSocialConfigController', 'remove'),
	(2640, 'admin', '/sys/socialConfig/update', 'PUT', '修改第三方登录配置', '127.0.0.1', '内网IP|内网IP', 21, '2025-12-12 10:01:01', '{"config":{"id":1,"socialType":"qq","socialName":"QQ","loginMode":"juhe","juheTypeCode":1,"supportOauth2":0,"supportJuhe":1,"status":1,"sort":1,"icon":"<svg t=\\"1765504840905\\" class=\\"icon\\" viewBox=\\"0 0 1024 1024\\" version=\\"1.1\\" xmlns=\\"http://www.w3.org/2000/svg\\" p-id=\\"6305\\" width=\\"200\\" height=\\"200\\"><path d=\\"M511.09761 957.257c-80.159 0-153.737-25.019-201.11-62.386-24.057 6.702-54.831 17.489-74.252 30.864-16.617 11.439-14.546 23.106-11.55 27.816 13.15 20.689 225.583 13.211 286.912 6.767v-3.061z\\" fill=\\"#FAAD08\\" p-id=\\"6306\\"></path><path d=\\"M496.65061 957.257c80.157 0 153.737-25.019 201.11-62.386 24.057 6.702 54.83 17.489 74.253 30.864 16.616 11.439 14.543 23.106 11.55 27.816-13.15 20.689-225.584 13.211-286.914 6.767v-3.061z\\" fill=\\"#FAAD08\\" p-id=\\"6307\\"></path><path d=\\"M497.12861 474.524c131.934-0.876 237.669-25.783 273.497-35.34 8.541-2.28 13.11-6.364 13.11-6.364 0.03-1.172 0.542-20.952 0.542-31.155C784.27761 229.833 701.12561 57.173 496.64061 57.162 292.15661 57.173 209.00061 229.832 209.00061 401.665c0 10.203 0.516 29.983 0.547 31.155 0 0 3.717 3.821 10.529 5.67 33.078 8.98 140.803 35.139 276.08 36.034h0.972z\\" fill=\\"#000000\\" p-id=\\"6308\\"></path><path d=\\"M860.28261 619.782c-8.12-26.086-19.204-56.506-30.427-85.72 0 0-6.456-0.795-9.718 0.148-100.71 29.205-222.773 47.818-315.792 46.695h-0.962C410.88561 582.017 289.65061 563.617 189.27961 534.698 185.44461 533.595 177.87261 534.063 177.87261 534.063 166.64961 563.276 155.56661 593.696 147.44761 619.782 108.72961 744.168 121.27261 795.644 130.82461 796.798c20.496 2.474 79.78-93.637 79.78-93.637 0 97.66 88.324 247.617 290.576 248.996a718.01 718.01 0 0 1 5.367 0C708.80161 950.778 797.12261 800.822 797.12261 703.162c0 0 59.284 96.111 79.783 93.637 9.55-1.154 22.093-52.63-16.623-177.017\\" fill=\\"#000000\\" p-id=\\"6309\\"></path><path d=\\"M434.38261 316.917c-27.9 1.24-51.745-30.106-53.24-69.956-1.518-39.877 19.858-73.207 47.764-74.454 27.875-1.224 51.703 30.109 53.218 69.974 1.527 39.877-19.853 73.2-47.742 74.436m206.67-69.956c-1.494 39.85-25.34 71.194-53.24 69.956-27.888-1.238-49.269-34.559-47.742-74.435 1.513-39.868 25.341-71.201 53.216-69.974 27.909 1.247 49.285 34.576 47.767 74.453\\" fill=\\"#FFFFFF\\" p-id=\\"6310\\"></path><path d=\\"M683.94261 368.627c-7.323-17.609-81.062-37.227-172.353-37.227h-0.98c-91.29 0-165.031 19.618-172.352 37.227a6.244 6.244 0 0 0-0.535 2.505c0 1.269 0.393 2.414 1.006 3.386 6.168 9.765 88.054 58.018 171.882 58.018h0.98c83.827 0 165.71-48.25 171.881-58.016a6.352 6.352 0 0 0 1.002-3.395c0-0.897-0.2-1.736-0.531-2.498\\" fill=\\"#FAAD08\\" p-id=\\"6311\\"></path><path d=\\"M467.63161 256.377c1.26 15.886-7.377 30-19.266 31.542-11.907 1.544-22.569-10.083-23.836-25.978-1.243-15.895 7.381-30.008 19.25-31.538 11.927-1.549 22.607 10.088 23.852 25.974m73.097 7.935c2.533-4.118 19.827-25.77 55.62-17.886 9.401 2.07 13.75 5.116 14.668 6.316 1.355 1.77 1.726 4.29 0.352 7.684-2.722 6.725-8.338 6.542-11.454 5.226-2.01-0.85-26.94-15.889-49.905 6.553-1.579 1.545-4.405 2.074-7.085 0.242-2.678-1.834-3.786-5.553-2.196-8.135\\" fill=\\"#000000\\" p-id=\\"6312\\"></path><path d=\\"M504.33261 584.495h-0.967c-63.568 0.752-140.646-7.504-215.286-21.92-6.391 36.262-10.25 81.838-6.936 136.196 8.37 137.384 91.62 223.736 220.118 224.996H506.48461c128.498-1.26 211.748-87.612 220.12-224.996 3.314-54.362-0.547-99.938-6.94-136.203-74.654 14.423-151.745 22.684-215.332 21.927\\" fill=\\"#FFFFFF\\" p-id=\\"6313\\"></path><path d=\\"M323.27461 577.016v137.468s64.957 12.705 130.031 3.91V591.59c-41.225-2.262-85.688-7.304-130.031-14.574\\" fill=\\"#EB1C26\\" p-id=\\"6314\\"></path><path d=\\"M788.09761 432.536s-121.98 40.387-283.743 41.539h-0.962c-161.497-1.147-283.328-41.401-283.744-41.539l-40.854 106.952c102.186 32.31 228.837 53.135 324.598 51.926l0.96-0.002c95.768 1.216 222.4-19.61 324.6-51.924l-40.855-106.952z\\" fill=\\"#EB1C26\\" p-id=\\"6315\\"></path></svg>","remark":"QQ登录，同时支持OAuth2和聚合登录","createTime":1765444681000,"updateTime":1765446264000}}', 'com.river.controller.system.SysSocialConfigController', 'edit'),
	(2641, 'admin', '/sys/socialConfig/update', 'PUT', '修改第三方登录配置', '127.0.0.1', '内网IP|内网IP', 6, '2025-12-12 10:01:35', '{"config":{"id":2,"socialType":"wechat","socialName":"微信","loginMode":"juhe","juheTypeCode":2,"supportOauth2":0,"supportJuhe":1,"status":1,"sort":2,"icon":"<svg t=\\"1765504890194\\" class=\\"icon\\" viewBox=\\"0 0 1024 1024\\" version=\\"1.1\\" xmlns=\\"http://www.w3.org/2000/svg\\" p-id=\\"7493\\" width=\\"200\\" height=\\"200\\"><path d=\\"M337.387283 341.82659c-17.757225 0-35.514451 11.83815-35.514451 29.595375s17.757225 29.595376 35.514451 29.595376 29.595376-11.83815 29.595376-29.595376c0-18.49711-11.83815-29.595376-29.595376-29.595375zM577.849711 513.479769c-11.83815 0-22.936416 12.578035-22.936416 23.6763 0 12.578035 11.83815 23.676301 22.936416 23.676301 17.757225 0 29.595376-11.83815 29.595376-23.676301s-11.83815-23.676301-29.595376-23.6763zM501.641618 401.017341c17.757225 0 29.595376-12.578035 29.595376-29.595376 0-17.757225-11.83815-29.595376-29.595376-29.595375s-35.514451 11.83815-35.51445 29.595375 17.757225 29.595376 35.51445 29.595376zM706.589595 513.479769c-11.83815 0-22.936416 12.578035-22.936416 23.6763 0 12.578035 11.83815 23.676301 22.936416 23.676301 17.757225 0 29.595376-11.83815 29.595376-23.676301s-11.83815-23.676301-29.595376-23.6763z\\" fill=\\"#28C445\\" p-id=\\"7494\\"></path><path d=\\"M510.520231 2.959538C228.624277 2.959538 0 231.583815 0 513.479769s228.624277 510.520231 510.520231 510.520231 510.520231-228.624277 510.520231-510.520231-228.624277-510.520231-510.520231-510.520231zM413.595376 644.439306c-29.595376 0-53.271676-5.919075-81.387284-12.578034l-81.387283 41.433526 22.936416-71.768786c-58.450867-41.433526-93.965318-95.445087-93.965317-159.815029 0-113.202312 105.803468-201.988439 233.803468-201.98844 114.682081 0 216.046243 71.028902 236.023121 166.473989-7.398844-0.739884-14.797688-1.479769-22.196532-1.479769-110.982659 1.479769-198.289017 85.086705-198.289017 188.67052 0 17.017341 2.959538 33.294798 7.398844 49.572255-7.398844 0.739884-15.537572 1.479769-22.936416 1.479768z m346.265896 82.867052l17.757225 59.190752-63.630058-35.514451c-22.936416 5.919075-46.612717 11.83815-70.289017 11.83815-111.722543 0-199.768786-76.947977-199.768786-172.393063-0.739884-94.705202 87.306358-171.653179 198.289017-171.65318 105.803468 0 199.028902 77.687861 199.028902 172.393064 0 53.271676-34.774566 100.624277-81.387283 136.138728z\\" fill=\\"#28C445\\" p-id=\\"7495\\"></path></svg>","remark":"微信登录，仅支持聚合登录","createTime":1765444681000,"updateTime":1765446265000}}', 'com.river.controller.system.SysSocialConfigController', 'edit'),
	(2642, 'admin', '/sys/socialConfig/update', 'PUT', '修改第三方登录配置', '127.0.0.1', '内网IP|内网IP', 6, '2025-12-12 10:01:56', '{"config":{"id":3,"socialType":"alipay","socialName":"支付宝","loginMode":"juhe","juheTypeCode":3,"supportOauth2":0,"supportJuhe":1,"status":0,"sort":3,"icon":"<svg t=\\"1765504906460\\" class=\\"icon\\" viewBox=\\"0 0 1024 1024\\" version=\\"1.1\\" xmlns=\\"http://www.w3.org/2000/svg\\" p-id=\\"8477\\" width=\\"200\\" height=\\"200\\"><path d=\\"M230.771014 576.556522c-12.614493 9.646377-25.228986 23.744928-28.93913 42.295652-5.194203 24.486957-0.742029 55.652174 22.26087 80.13913 28.93913 28.93913 72.718841 37.101449 92.011594 38.585508 51.2 3.710145 106.110145-22.26087 147.663768-50.457971 16.324638-11.130435 43.77971-34.133333 70.492754-69.750725-59.362319-30.423188-133.565217-64.556522-212.22029-61.588406-41.553623 1.484058-70.492754 9.646377-91.269566 20.776812zM983.188406 712.347826c25.971014-61.588406 40.811594-129.113043 40.811594-200.347826 0-281.971014-230.028986-512-512-512S0 230.028986 0 512s230.028986 512 512 512c170.666667 0 321.298551-83.849275 414.794203-212.22029C838.492754 768.742029 693.797101 696.023188 604.011594 652.985507c-42.295652 48.973913-105.368116 97.205797-176.602898 117.982609-44.521739 13.356522-85.333333 18.550725-126.886957 9.646377-42.295652-8.904348-72.718841-28.197101-90.527536-47.489855-8.904348-10.388406-19.292754-22.26087-27.455073-37.843479 0.742029 0.742029 0.742029 2.226087 0.742029 2.968116 0 0-4.452174-7.42029-7.420289-19.292753-1.484058-5.936232-2.968116-11.872464-3.710145-17.808696-0.742029-4.452174-0.742029-8.904348 0-12.614493-0.742029-7.42029 0-15.582609 1.484058-23.744927 4.452174-20.776812 12.614493-43.77971 35.617391-65.298551 48.973913-48.231884 115.014493-50.457971 149.147826-50.457971 50.457971 0.742029 138.017391 22.26087 212.22029 48.973913 20.776812-43.77971 34.133333-89.785507 42.295652-121.692754H304.973913v-33.391304h158.052174v-66.782609H272.324638v-34.133333h190.701449v-66.782609c0-8.904348 2.226087-16.324638 16.324638-16.324637h74.944927v83.107246h207.026087v33.391304H554.295652v66.782609H719.768116S702.701449 494.933333 651.501449 586.202899c115.014493 40.811594 277.518841 104.626087 331.686957 126.144927z m0 0\\" fill=\\"#06B4FD\\" p-id=\\"8478\\"></path></svg>","remark":"支付宝登录，仅支持聚合登录","createTime":1765444681000,"updateTime":1765445620000}}', 'com.river.controller.system.SysSocialConfigController', 'edit'),
	(2643, 'admin', '/sys/socialConfig/update', 'PUT', '修改第三方登录配置', '127.0.0.1', '内网IP|内网IP', 8, '2025-12-12 10:02:17', '{"config":{"id":4,"socialType":"weibo","socialName":"微博","loginMode":"juhe","juheTypeCode":4,"supportOauth2":0,"supportJuhe":1,"status":0,"sort":4,"icon":"<svg t=\\"1765504929776\\" class=\\"icon\\" viewBox=\\"0 0 1024 1024\\" version=\\"1.1\\" xmlns=\\"http://www.w3.org/2000/svg\\" p-id=\\"9494\\" width=\\"200\\" height=\\"200\\"><path d=\\"M851.4 590.193c-22.196-66.233-90.385-90.422-105.912-91.863-15.523-1.442-29.593-9.94-19.295-27.505 10.302-17.566 29.304-68.684-7.248-104.681-36.564-36.14-116.512-22.462-173.094 0.866-56.434 23.327-53.39 7.055-51.65-8.925 1.89-16.848 32.355-111.02-60.791-122.395C311.395 220.86 154.85 370.754 99.572 457.15 16 587.607 29.208 675.873 29.208 675.873h0.58c10.009 121.819 190.787 218.869 412.328 218.869 190.5 0 350.961-71.853 398.402-169.478 0 0 0.143-0.433 0.575-1.156 4.938-10.506 8.71-21.168 11.035-32.254 6.668-26.205 11.755-64.215-0.728-101.66z m-436.7 251.27c-157.71 0-285.674-84.095-285.674-187.768 0-103.671 127.82-187.76 285.674-187.76 157.705 0 285.673 84.089 285.673 187.76 0 103.815-127.968 187.768-285.673 187.768z\\" fill=\\"#E71F19\\" p-id=\\"9495\\"></path><path d=\\"M803.096 425.327c2.896 1.298 5.945 1.869 8.994 1.869 8.993 0 17.7-5.328 21.323-14.112 5.95-13.964 8.993-28.793 8.993-44.205 0-62.488-51.208-113.321-114.181-113.321-15.379 0-30.32 3.022-44.396 8.926-11.755 4.896-17.263 18.432-12.335 30.24 4.933 11.662 18.572 17.134 30.465 12.238 8.419-3.46 17.268-5.33 26.41-5.33 37.431 0 67.752 30.241 67.752 67.247 0 9.068-1.735 17.857-5.369 26.202a22.832 22.832 0 0 0 12.335 30.236l0.01 0.01z\\" fill=\\"#F5AA15\\" p-id=\\"9496\\"></path><path d=\\"M726.922 114.157c-25.969 0-51.65 3.744-76.315 10.942-18.423 5.472-28.868 24.622-23.5 42.91 5.509 18.29 24.804 28.657 43.237 23.329a201.888 201.888 0 0 1 56.578-8.064c109.253 0 198.189 88.271 198.189 196.696 0 19.436-2.905 38.729-8.419 57.16-5.508 18.289 4.79 37.588 23.212 43.053 3.342 1.014 6.817 1.442 10.159 1.442 14.943 0 28.725-9.648 33.37-24.48 7.547-24.906 11.462-50.826 11.462-77.175-0.143-146.588-120.278-265.813-267.973-265.813z\\" fill=\\"#F5AA15\\" p-id=\\"9497\\"></path><path d=\\"M388.294 534.47c-84.151 0-152.34 59.178-152.34 132.334 0 73.141 68.189 132.328 152.34 132.328 84.148 0 152.337-59.182 152.337-132.328 0-73.15-68.19-132.334-152.337-132.334zM338.53 752.763c-29.454 0-53.39-23.755-53.39-52.987 0-29.228 23.941-52.989 53.39-52.989 29.453 0 53.39 23.76 53.39 52.989 0 29.227-23.937 52.987-53.39 52.987z m99.82-95.465c-6.382 11.086-19.296 15.696-28.726 10.219-9.43-5.323-11.75-18.717-5.37-29.803 6.386-11.09 19.297-15.7 28.725-10.224 9.43 5.472 11.755 18.864 5.37 29.808z\\" fill=\\"#040000\\" p-id=\\"9498\\"></path></svg>","remark":"微博登录，同时支持OAuth2和聚合登录","createTime":1765444681000,"updateTime":1765444681000}}', 'com.river.controller.system.SysSocialConfigController', 'edit'),
	(2644, 'admin', '/sys/socialConfig/update', 'PUT', '修改第三方登录配置', '127.0.0.1', '内网IP|内网IP', 7, '2025-12-12 10:02:25', '{"config":{"id":1,"socialType":"qq","socialName":"QQ1111","loginMode":"juhe","juheTypeCode":1,"supportOauth2":0,"supportJuhe":1,"status":1,"sort":1,"icon":"<svg t=\\"1765504840905\\" class=\\"icon\\" viewBox=\\"0 0 1024 1024\\" version=\\"1.1\\" xmlns=\\"http://www.w3.org/2000/svg\\" p-id=\\"6305\\" width=\\"200\\" height=\\"200\\"><path d=\\"M511.09761 957.257c-80.159 0-153.737-25.019-201.11-62.386-24.057 6.702-54.831 17.489-74.252 30.864-16.617 11.439-14.546 23.106-11.55 27.816 13.15 20.689 225.583 13.211 286.912 6.767v-3.061z\\" fill=\\"#FAAD08\\" p-id=\\"6306\\"></path><path d=\\"M496.65061 957.257c80.157 0 153.737-25.019 201.11-62.386 24.057 6.702 54.83 17.489 74.253 30.864 16.616 11.439 14.543 23.106 11.55 27.816-13.15 20.689-225.584 13.211-286.914 6.767v-3.061z\\" fill=\\"#FAAD08\\" p-id=\\"6307\\"></path><path d=\\"M497.12861 474.524c131.934-0.876 237.669-25.783 273.497-35.34 8.541-2.28 13.11-6.364 13.11-6.364 0.03-1.172 0.542-20.952 0.542-31.155C784.27761 229.833 701.12561 57.173 496.64061 57.162 292.15661 57.173 209.00061 229.832 209.00061 401.665c0 10.203 0.516 29.983 0.547 31.155 0 0 3.717 3.821 10.529 5.67 33.078 8.98 140.803 35.139 276.08 36.034h0.972z\\" fill=\\"#000000\\" p-id=\\"6308\\"></path><path d=\\"M860.28261 619.782c-8.12-26.086-19.204-56.506-30.427-85.72 0 0-6.456-0.795-9.718 0.148-100.71 29.205-222.773 47.818-315.792 46.695h-0.962C410.88561 582.017 289.65061 563.617 189.27961 534.698 185.44461 533.595 177.87261 534.063 177.87261 534.063 166.64961 563.276 155.56661 593.696 147.44761 619.782 108.72961 744.168 121.27261 795.644 130.82461 796.798c20.496 2.474 79.78-93.637 79.78-93.637 0 97.66 88.324 247.617 290.576 248.996a718.01 718.01 0 0 1 5.367 0C708.80161 950.778 797.12261 800.822 797.12261 703.162c0 0 59.284 96.111 79.783 93.637 9.55-1.154 22.093-52.63-16.623-177.017\\" fill=\\"#000000\\" p-id=\\"6309\\"></path><path d=\\"M434.38261 316.917c-27.9 1.24-51.745-30.106-53.24-69.956-1.518-39.877 19.858-73.207 47.764-74.454 27.875-1.224 51.703 30.109 53.218 69.974 1.527 39.877-19.853 73.2-47.742 74.436m206.67-69.956c-1.494 39.85-25.34 71.194-53.24 69.956-27.888-1.238-49.269-34.559-47.742-74.435 1.513-39.868 25.341-71.201 53.216-69.974 27.909 1.247 49.285 34.576 47.767 74.453\\" fill=\\"#FFFFFF\\" p-id=\\"6310\\"></path><path d=\\"M683.94261 368.627c-7.323-17.609-81.062-37.227-172.353-37.227h-0.98c-91.29 0-165.031 19.618-172.352 37.227a6.244 6.244 0 0 0-0.535 2.505c0 1.269 0.393 2.414 1.006 3.386 6.168 9.765 88.054 58.018 171.882 58.018h0.98c83.827 0 165.71-48.25 171.881-58.016a6.352 6.352 0 0 0 1.002-3.395c0-0.897-0.2-1.736-0.531-2.498\\" fill=\\"#FAAD08\\" p-id=\\"6311\\"></path><path d=\\"M467.63161 256.377c1.26 15.886-7.377 30-19.266 31.542-11.907 1.544-22.569-10.083-23.836-25.978-1.243-15.895 7.381-30.008 19.25-31.538 11.927-1.549 22.607 10.088 23.852 25.974m73.097 7.935c2.533-4.118 19.827-25.77 55.62-17.886 9.401 2.07 13.75 5.116 14.668 6.316 1.355 1.77 1.726 4.29 0.352 7.684-2.722 6.725-8.338 6.542-11.454 5.226-2.01-0.85-26.94-15.889-49.905 6.553-1.579 1.545-4.405 2.074-7.085 0.242-2.678-1.834-3.786-5.553-2.196-8.135\\" fill=\\"#000000\\" p-id=\\"6312\\"></path><path d=\\"M504.33261 584.495h-0.967c-63.568 0.752-140.646-7.504-215.286-21.92-6.391 36.262-10.25 81.838-6.936 136.196 8.37 137.384 91.62 223.736 220.118 224.996H506.48461c128.498-1.26 211.748-87.612 220.12-224.996 3.314-54.362-0.547-99.938-6.94-136.203-74.654 14.423-151.745 22.684-215.332 21.927\\" fill=\\"#FFFFFF\\" p-id=\\"6313\\"></path><path d=\\"M323.27461 577.016v137.468s64.957 12.705 130.031 3.91V591.59c-41.225-2.262-85.688-7.304-130.031-14.574\\" fill=\\"#EB1C26\\" p-id=\\"6314\\"></path><path d=\\"M788.09761 432.536s-121.98 40.387-283.743 41.539h-0.962c-161.497-1.147-283.328-41.401-283.744-41.539l-40.854 106.952c102.186 32.31 228.837 53.135 324.598 51.926l0.96-0.002c95.768 1.216 222.4-19.61 324.6-51.924l-40.855-106.952z\\" fill=\\"#EB1C26\\" p-id=\\"6315\\"></path></svg>","remark":"QQ登录，同时支持OAuth2和聚合登录","createTime":1765444681000,"updateTime":1765446264000}}', 'com.river.controller.system.SysSocialConfigController', 'edit'),
	(2645, 'admin', '/sys/socialConfig/update', 'PUT', '修改第三方登录配置', '127.0.0.1', '内网IP|内网IP', 9, '2025-12-12 10:02:33', '{"config":{"id":1,"socialType":"qq","socialName":"QQ","loginMode":"juhe","juheTypeCode":1,"supportOauth2":0,"supportJuhe":1,"status":1,"sort":1,"icon":"<svg t=\\"1765504840905\\" class=\\"icon\\" viewBox=\\"0 0 1024 1024\\" version=\\"1.1\\" xmlns=\\"http://www.w3.org/2000/svg\\" p-id=\\"6305\\" width=\\"200\\" height=\\"200\\"><path d=\\"M511.09761 957.257c-80.159 0-153.737-25.019-201.11-62.386-24.057 6.702-54.831 17.489-74.252 30.864-16.617 11.439-14.546 23.106-11.55 27.816 13.15 20.689 225.583 13.211 286.912 6.767v-3.061z\\" fill=\\"#FAAD08\\" p-id=\\"6306\\"></path><path d=\\"M496.65061 957.257c80.157 0 153.737-25.019 201.11-62.386 24.057 6.702 54.83 17.489 74.253 30.864 16.616 11.439 14.543 23.106 11.55 27.816-13.15 20.689-225.584 13.211-286.914 6.767v-3.061z\\" fill=\\"#FAAD08\\" p-id=\\"6307\\"></path><path d=\\"M497.12861 474.524c131.934-0.876 237.669-25.783 273.497-35.34 8.541-2.28 13.11-6.364 13.11-6.364 0.03-1.172 0.542-20.952 0.542-31.155C784.27761 229.833 701.12561 57.173 496.64061 57.162 292.15661 57.173 209.00061 229.832 209.00061 401.665c0 10.203 0.516 29.983 0.547 31.155 0 0 3.717 3.821 10.529 5.67 33.078 8.98 140.803 35.139 276.08 36.034h0.972z\\" fill=\\"#000000\\" p-id=\\"6308\\"></path><path d=\\"M860.28261 619.782c-8.12-26.086-19.204-56.506-30.427-85.72 0 0-6.456-0.795-9.718 0.148-100.71 29.205-222.773 47.818-315.792 46.695h-0.962C410.88561 582.017 289.65061 563.617 189.27961 534.698 185.44461 533.595 177.87261 534.063 177.87261 534.063 166.64961 563.276 155.56661 593.696 147.44761 619.782 108.72961 744.168 121.27261 795.644 130.82461 796.798c20.496 2.474 79.78-93.637 79.78-93.637 0 97.66 88.324 247.617 290.576 248.996a718.01 718.01 0 0 1 5.367 0C708.80161 950.778 797.12261 800.822 797.12261 703.162c0 0 59.284 96.111 79.783 93.637 9.55-1.154 22.093-52.63-16.623-177.017\\" fill=\\"#000000\\" p-id=\\"6309\\"></path><path d=\\"M434.38261 316.917c-27.9 1.24-51.745-30.106-53.24-69.956-1.518-39.877 19.858-73.207 47.764-74.454 27.875-1.224 51.703 30.109 53.218 69.974 1.527 39.877-19.853 73.2-47.742 74.436m206.67-69.956c-1.494 39.85-25.34 71.194-53.24 69.956-27.888-1.238-49.269-34.559-47.742-74.435 1.513-39.868 25.341-71.201 53.216-69.974 27.909 1.247 49.285 34.576 47.767 74.453\\" fill=\\"#FFFFFF\\" p-id=\\"6310\\"></path><path d=\\"M683.94261 368.627c-7.323-17.609-81.062-37.227-172.353-37.227h-0.98c-91.29 0-165.031 19.618-172.352 37.227a6.244 6.244 0 0 0-0.535 2.505c0 1.269 0.393 2.414 1.006 3.386 6.168 9.765 88.054 58.018 171.882 58.018h0.98c83.827 0 165.71-48.25 171.881-58.016a6.352 6.352 0 0 0 1.002-3.395c0-0.897-0.2-1.736-0.531-2.498\\" fill=\\"#FAAD08\\" p-id=\\"6311\\"></path><path d=\\"M467.63161 256.377c1.26 15.886-7.377 30-19.266 31.542-11.907 1.544-22.569-10.083-23.836-25.978-1.243-15.895 7.381-30.008 19.25-31.538 11.927-1.549 22.607 10.088 23.852 25.974m73.097 7.935c2.533-4.118 19.827-25.77 55.62-17.886 9.401 2.07 13.75 5.116 14.668 6.316 1.355 1.77 1.726 4.29 0.352 7.684-2.722 6.725-8.338 6.542-11.454 5.226-2.01-0.85-26.94-15.889-49.905 6.553-1.579 1.545-4.405 2.074-7.085 0.242-2.678-1.834-3.786-5.553-2.196-8.135\\" fill=\\"#000000\\" p-id=\\"6312\\"></path><path d=\\"M504.33261 584.495h-0.967c-63.568 0.752-140.646-7.504-215.286-21.92-6.391 36.262-10.25 81.838-6.936 136.196 8.37 137.384 91.62 223.736 220.118 224.996H506.48461c128.498-1.26 211.748-87.612 220.12-224.996 3.314-54.362-0.547-99.938-6.94-136.203-74.654 14.423-151.745 22.684-215.332 21.927\\" fill=\\"#FFFFFF\\" p-id=\\"6313\\"></path><path d=\\"M323.27461 577.016v137.468s64.957 12.705 130.031 3.91V591.59c-41.225-2.262-85.688-7.304-130.031-14.574\\" fill=\\"#EB1C26\\" p-id=\\"6314\\"></path><path d=\\"M788.09761 432.536s-121.98 40.387-283.743 41.539h-0.962c-161.497-1.147-283.328-41.401-283.744-41.539l-40.854 106.952c102.186 32.31 228.837 53.135 324.598 51.926l0.96-0.002c95.768 1.216 222.4-19.61 324.6-51.924l-40.855-106.952z\\" fill=\\"#EB1C26\\" p-id=\\"6315\\"></path></svg>","remark":"QQ登录，同时支持OAuth2和聚合登录","createTime":1765444681000,"updateTime":1765446264000}}', 'com.river.controller.system.SysSocialConfigController', 'edit'),
	(2646, 'admin', '/sys/socialConfig/update', 'PUT', '修改第三方登录配置', '127.0.0.1', '内网IP|内网IP', 7, '2025-12-12 10:03:45', '{"config":{"id":5,"socialType":"baidu","socialName":"百度","loginMode":"juhe","juheTypeCode":5,"supportOauth2":0,"supportJuhe":1,"status":0,"sort":5,"icon":"<svg t=\\"1765505016243\\" class=\\"icon\\" viewBox=\\"0 0 1024 1024\\" version=\\"1.1\\" xmlns=\\"http://www.w3.org/2000/svg\\" p-id=\\"10587\\" width=\\"200\\" height=\\"200\\"><path d=\\"M345.706 297.423c15.35 12.792 35.817 20.467 53.726 17.908 20.467 0 38.375-10.233 53.725-23.025 17.91-15.35 30.7-35.817 40.934-58.842C512 189.97 512 136.245 496.65 90.194c-10.234-30.7-28.142-58.842-53.726-76.75C427.574 3.21 404.548-1.906 384.081 0.652c-12.791 2.558-25.583 7.675-38.375 15.35-23.025 15.35-38.376 40.934-48.61 66.518-12.791 46.05-15.35 92.101-2.557 138.152 10.233 28.142 25.583 56.284 51.167 76.75z m255.837 2.558c17.909 15.35 40.934 25.584 63.96 25.584 20.466 2.558 38.375-2.558 56.283-12.792 17.909-10.233 33.26-25.584 43.493-43.492 12.792-20.467 23.025-40.934 30.7-63.96 5.117-17.908 7.675-38.375 5.117-58.842-2.559-28.142-15.35-53.726-33.259-76.751-12.792-15.35-28.142-30.7-46.05-38.376-12.792-5.116-28.143-10.233-40.935-7.675-17.908 2.559-33.258 12.792-46.05 23.026-17.909 15.35-33.259 33.258-43.493 53.725-10.233 17.909-20.466 38.376-23.025 61.401-2.558 25.584-2.558 51.168 2.559 74.193 5.116 23.025 12.791 46.05 30.7 63.96zM245.929 509.768c17.91-15.35 28.143-35.818 35.818-56.285 10.233-33.258 10.233-66.517 7.675-99.776 0-12.792-5.117-25.584-10.234-38.376-12.792-28.142-35.817-53.725-63.959-69.076-23.025-10.233-46.05-15.35-66.518-10.233-25.583 2.558-46.05 20.467-61.4 40.934-20.467 28.142-30.7 63.96-35.818 97.218-2.558 20.467 0 40.934 5.117 61.4 7.675 30.701 23.025 58.843 46.05 79.31 17.91 15.35 40.935 23.026 63.96 23.026 28.142 0 56.284-7.675 79.31-28.142z m736.811-76.752c-2.558-20.467-7.675-38.375-17.908-56.284-10.234-20.467-28.143-40.934-48.61-51.167-23.025-12.792-51.167-15.35-76.75-12.792-12.792 2.558-28.143 5.117-40.935 12.792-17.908 10.233-30.7 28.142-40.933 48.609-10.234 25.584-15.35 53.726-15.35 81.868 0 25.583 0 53.726 7.674 79.31 5.117 17.908 15.35 38.375 33.26 48.608 17.908 15.35 40.933 20.467 63.959 23.026 17.908 2.558 38.375 2.558 56.284-2.559 17.908-5.116 35.817-15.35 46.05-30.7 12.792-15.35 20.467-35.817 23.026-53.726 12.792-30.7 10.233-58.842 10.233-86.985zM911.106 819.33c-2.559-35.817-20.467-71.634-46.05-99.776-5.118-5.117-10.234-10.234-17.91-15.35-33.258-28.142-66.517-58.843-99.776-89.543-33.259-33.26-63.96-69.076-92.101-107.452-20.467-33.259-48.61-63.96-86.985-81.868-23.025-10.233-51.167-15.35-76.751-12.792-46.05 5.117-86.985 30.7-115.127 66.518-7.675 7.675-12.791 17.909-17.908 28.142-20.467 30.7-46.05 61.401-74.193 86.985-15.35 15.35-30.7 28.142-46.05 40.934-7.676 7.675-17.91 15.35-25.584 23.025-30.7 23.025-61.401 53.726-79.31 86.985-12.792 23.025-20.467 48.609-23.025 76.75 0 23.026 2.558 46.051 10.233 66.518 7.675 23.026 17.909 46.051 33.26 63.96 25.583 30.7 63.958 51.167 102.334 53.725 48.609 2.559 97.218 0 143.269-7.675 20.467-2.558 40.934-10.233 63.959-12.792 46.05-5.116 92.101-2.558 135.594 10.234 35.817 12.792 74.192 17.909 112.568 20.467 38.375 2.558 79.31-2.558 115.127-23.025 25.583-12.792 46.05-35.818 58.842-61.401 20.467-33.26 30.7-71.635 25.584-112.569zM481.3 924.224H363.615c-12.792 0-25.584 0-38.376-2.559-25.584-5.117-48.61-20.467-63.96-43.492-12.791-15.35-20.466-33.259-23.025-53.726a246.563 246.563 0 0 1 0-61.4c5.117-23.026 17.909-43.493 33.26-58.843 12.791-12.792 30.7-23.026 48.608-30.7 7.675-2.56 15.35-5.117 23.026-5.117h69.076v-97.219h66.517c2.559 120.244 2.559 237.929 2.559 353.056z m263.512 0H583.634c-17.908-2.559-33.258-7.676-46.05-17.909-15.35-12.792-23.026-33.259-23.026-51.167v-173.97h66.518v161.178c0 7.675 2.558 12.792 7.675 17.908 5.117 5.117 12.792 7.675 20.467 7.675h69.076V678.62h66.518v245.604z\\" fill=\\"#306CFF\\" p-id=\\"10588\\"></path><path d=\\"M340.59 734.904c-12.793 5.117-25.585 15.35-33.26 30.7-5.116 12.792-7.675 25.584-7.675 38.376 0 15.35 5.117 30.7 12.792 43.492 10.234 15.35 28.142 25.584 46.05 23.026h53.727V732.346H353.38c-2.558-2.559-7.675 0-12.792 2.558z\\" fill=\\"#306CFF\\" p-id=\\"10589\\"></path></svg>","remark":"百度登录，仅支持聚合登录","createTime":1765444681000,"updateTime":1765444681000}}', 'com.river.controller.system.SysSocialConfigController', 'edit'),
	(2647, 'admin', '/sys/socialConfig/update', 'PUT', '修改第三方登录配置', '127.0.0.1', '内网IP|内网IP', 9, '2025-12-12 10:04:00', '{"config":{"id":6,"socialType":"huawei","socialName":"华为","loginMode":"juhe","juheTypeCode":6,"supportOauth2":0,"supportJuhe":1,"status":0,"sort":6,"icon":"<svg t=\\"1765505033166\\" class=\\"icon\\" viewBox=\\"0 0 1024 1024\\" version=\\"1.1\\" xmlns=\\"http://www.w3.org/2000/svg\\" p-id=\\"11884\\" width=\\"200\\" height=\\"200\\"><path d=\\"M412.08 753.87Q297 855.06 220.14 855.13t-117.27-95.07l309.21-6.24z m202.16 0l309.21 6.19Q883 855.13 806.18 855.13T614.24 753.82zM15.91 489.1q178 95 228.49 125.34t171.89 108.88q-193.1 12-252.75 0.32c-45.49-8.89-80.9-28.29-111.22-58.66Q-8.22 604.44 15.91 489.1z m994.5 0Q1034.56 604.41 974 665c-30.31 30.37-65.72 49.77-111.22 58.66q-59.64 11.7-252.7-0.32 121.27-78.55 171.85-108.88t228.48-125.36zM161.48 228.27q93.08 123.36 127.41 175.94t155 283.38Q205.88 580.55 113 475c-44.49-50.54-44.49-133.46 6-204.23q11-15.4 42.47-42.47z m703.31 0q31.51 27.1 42.47 42.47c50.54 70.77 50.54 153.65 6.06 204.26q-92.88 105.6-331 212.62 120.66-230.8 155-283.43t127.47-175.92zM440.6 84.72q46.51 137.52 52.56 194.1T483.07 659Q280.81 367.83 280.81 236.39T440.6 84.72z m145.21 0Q745.55 105 745.55 236.39T543.34 659q-16.17-323.55-10.09-380.16t52.56-194.1z\\" fill=\\"#FE0000\\" p-id=\\"11885\\"></path></svg>","remark":"华为登录，仅支持聚合登录","createTime":1765444681000,"updateTime":1765444681000}}', 'com.river.controller.system.SysSocialConfigController', 'edit'),
	(2648, 'admin', '/sys/socialConfig/update', 'PUT', '修改第三方登录配置', '127.0.0.1', '内网IP|内网IP', 11, '2025-12-12 10:04:21', '{"config":{"id":7,"socialType":"xiaomi","socialName":"小米","loginMode":"juhe","juheTypeCode":7,"supportOauth2":0,"supportJuhe":1,"status":0,"sort":7,"icon":"<svg t=\\"1765505054796\\" class=\\"icon\\" viewBox=\\"0 0 1024 1024\\" version=\\"1.1\\" xmlns=\\"http://www.w3.org/2000/svg\\" p-id=\\"13034\\" width=\\"200\\" height=\\"200\\"><path d=\\"M716.8 0c169.664 0 307.2 137.536 307.2 307.2v409.6c0 169.664-137.536 307.2-307.2 307.2H307.2C137.536 1024 0 886.464 0 716.8V307.2C0 137.536 137.536 0 307.2 0h409.6zM529.6128 320.5248H228.608a4.2368 4.2368 0 0 0-4.1984 4.2752v372.608a4.224 4.224 0 0 0 4.1984 4.2496h80.4096c2.3168 0 4.1984-1.92 4.1984-4.288V404.928c0-2.368 1.8816-4.3008 4.1984-4.3008h172.9024c32.4736 0 58.8032 27.008 58.8032 60.3008v236.4416c0 2.368 1.8816 4.288 4.1856 4.288h79.232a4.224 4.224 0 0 0 4.1728-4.2752V430.3872c0-60.672-47.936-109.8624-107.0848-109.8624zM470.144 468.992h-80.384a4.2496 4.2496 0 0 0-4.1984 4.3008v224.0896c0 2.3808 1.8688 4.288 4.1984 4.288h80.384c1.1136 0 2.176-0.448 2.9568-1.2416a4.3392 4.3392 0 0 0 1.2288-3.0464V473.28a4.352 4.352 0 0 0-1.2288-3.0464 4.1344 4.1344 0 0 0-2.9568-1.2544z m321.4336-148.4416h-80.3584c-2.3296 0-4.224 1.92-4.224 4.3008v372.5312c0 2.3808 1.8944 4.288 4.224 4.288h80.3584c2.3296 0 4.2112-1.92 4.2112-4.288V324.8384a4.352 4.352 0 0 0-1.2288-3.0464 4.1472 4.1472 0 0 0-2.9824-1.2544z\\" fill=\\"#FF6A00\\" p-id=\\"13035\\"></path></svg>","remark":"小米登录，仅支持聚合登录","createTime":1765444681000,"updateTime":1765444681000}}', 'com.river.controller.system.SysSocialConfigController', 'edit'),
	(2649, 'admin', '/sys/socialConfig/update', 'PUT', '修改第三方登录配置', '127.0.0.1', '内网IP|内网IP', 4, '2025-12-12 10:04:36', '{"config":{"id":8,"socialType":"microsoft","socialName":"微软","loginMode":"juhe","juheTypeCode":8,"supportOauth2":0,"supportJuhe":1,"status":0,"sort":8,"icon":"<svg t=\\"1765505071420\\" class=\\"icon\\" viewBox=\\"0 0 1024 1024\\" version=\\"1.1\\" xmlns=\\"http://www.w3.org/2000/svg\\" p-id=\\"14176\\" width=\\"200\\" height=\\"200\\"><path d=\\"M45.96622222 486.10963911v-271.85303703l310.68918519-68.35162075v335.54432l-310.68918519 4.66033778m880.28562015-466.03377778V473.16385185l-517.81449955 7.76722963V134.51264l517.81449955-114.43677867M45.96622222 537.89036089l310.68918519 4.66033778v352.63222518l-310.68918519-59.5479514V537.89036089M926.25184237 550.83614815v453.08799052L408.43734282 905.02181925V543.06891852l517.81449955 7.76722963z\\" fill=\\"#1296db\\" p-id=\\"14177\\"></path></svg>","remark":"微软登录，仅支持聚合登录","createTime":1765444681000,"updateTime":1765444681000}}', 'com.river.controller.system.SysSocialConfigController', 'edit'),
	(2650, 'admin', '/sys/socialConfig/update', 'PUT', '修改第三方登录配置', '127.0.0.1', '内网IP|内网IP', 9, '2025-12-12 10:04:55', '{"config":{"id":9,"socialType":"dingtalk","socialName":"钉钉","loginMode":"juhe","juheTypeCode":9,"supportOauth2":0,"supportJuhe":1,"status":0,"sort":9,"icon":"<svg t=\\"1765505084683\\" class=\\"icon\\" viewBox=\\"0 0 1024 1024\\" version=\\"1.1\\" xmlns=\\"http://www.w3.org/2000/svg\\" p-id=\\"15149\\" width=\\"200\\" height=\\"200\\"><path d=\\"M512.003 79C272.855 79 79 272.855 79 512.003 79 751.145 272.855 945 512.003 945 751.145 945 945 751.145 945 512.003 945 272.855 751.145 79 512.003 79z m200.075 375.014c-0.867 3.764-3.117 9.347-6.234 16.012h0.087l-0.347 0.648c-18.183 38.86-65.631 115.108-65.631 115.108l-0.215-0.52-13.856 24.147h66.8L565.063 779l29.002-115.368h-52.598l18.27-76.29c-14.76 3.55-32.253 8.436-52.945 15.1 0 0-27.967 16.36-80.607-31.5 0 0-35.501-31.29-14.891-39.078 8.744-3.33 42.466-7.573 69.004-11.122 35.93-4.845 57.965-7.441 57.965-7.441s-110.607 1.643-136.841-2.468c-26.237-4.11-59.525-47.905-66.626-86.377 0 0-10.953-21.117 23.595-11.122 34.547 10 177.535 38.95 177.535 38.95s-185.933-56.992-198.36-70.929c-12.381-13.846-36.406-75.902-33.289-113.981 0 0 1.343-9.521 11.127-6.926 0 0 137.49 62.75 231.475 97.152 94.028 34.403 175.76 51.885 165.2 96.414z\\" fill=\\"#3AA2EB\\" p-id=\\"15150\\"></path></svg>","remark":"钉钉登录，仅支持聚合登录","createTime":1765444681000,"updateTime":1765444681000}}', 'com.river.controller.system.SysSocialConfigController', 'edit'),
	(2651, 'admin', '/sys/socialConfig/update', 'PUT', '修改第三方登录配置', '127.0.0.1', '内网IP|内网IP', 4, '2025-12-12 10:05:22', '{"config":{"id":10,"socialType":"gitee","socialName":"Gitee","loginMode":"juhe","juheTypeCode":10,"supportOauth2":1,"supportJuhe":1,"appId":"ffc362876adfd13feb1acee11fd71e931da05006fa9ab071655e85a15e9c493e","appSecret":"ae9a21ce423349a6c312c0041983d7e3b87b8396e3abd28185ef10f36afe668b","redirectUrl":"https://wcgmall-plus-server.wcgmallcwj.online/api/social/callback/gitee","status":1,"sort":10,"icon":"<svg t=\\"1765505114531\\" class=\\"icon\\" viewBox=\\"0 0 1024 1024\\" version=\\"1.1\\" xmlns=\\"http://www.w3.org/2000/svg\\" p-id=\\"16114\\" width=\\"200\\" height=\\"200\\"><path d=\\"M512 1021.72444445A509.72444445 509.72444445 0 1 1 512 2.27555555a509.72444445 509.72444445 0 0 1 0 1019.4488889z m257.99338667-566.37667556H480.54272a25.19495111 25.19495111 0 0 0-25.19495111 25.19495111v62.91456c0 13.90819555 11.28675555 25.19495111 25.12213333 25.19495111h176.21902223c13.98101333 0 25.19495111 11.28675555 25.1949511 25.12213334v12.59747555c0 41.72458667-33.78744889 75.51203555-75.51203555 75.51203555H367.23825778a25.19495111 25.19495111 0 0 1-25.12213333-25.12213333V417.62816c0-41.72458667 33.78744889-75.51203555 75.43921777-75.51203555h352.43804445c13.83537778 0 25.12213333-11.28675555 25.12213333-25.19495112v-62.91456a25.19495111 25.19495111 0 0 0-25.12213333-25.19495111h-352.43804445a188.74368 188.74368 0 0 0-188.74368 188.81649778v352.36522667c0 13.90819555 11.28675555 25.19495111 25.19495111 25.19495111h371.22503112a169.88387555 169.88387555 0 0 0 169.95669333-169.88387556V480.54272a25.19495111 25.19495111 0 0 0-25.19495111-25.19495111z\\" fill=\\"#C71D23\\" p-id=\\"16115\\"></path></svg>","remark":"Gitee登录，同时支持OAuth2和聚合登录","createTime":1765444681000,"updateTime":1765444681000}}', 'com.river.controller.system.SysSocialConfigController', 'edit'),
	(2652, 'admin', '/sys/socialConfig/update', 'PUT', '修改第三方登录配置', '127.0.0.1', '内网IP|内网IP', 7, '2025-12-12 10:06:17', '{"config":{"id":11,"socialType":"github","socialName":"GitHub","loginMode":"juhe","juheTypeCode":11,"supportOauth2":1,"supportJuhe":1,"appId":"Ov23liuq94w75TUbk1ZO","appSecret":"e30ab9a35e0888eb9d76c04460f374d694cfe1c1","redirectUrl":"https://blog-server.wcgmallcwj.online/api/auth/callback/github","status":1,"sort":11,"icon":"<svg t=\\"1765505166671\\" class=\\"icon\\" viewBox=\\"0 0 1049 1024\\" version=\\"1.1\\" xmlns=\\"http://www.w3.org/2000/svg\\" p-id=\\"17077\\" width=\\"200\\" height=\\"200\\"><path d=\\"M524.979332 0C234.676191 0 0 234.676191 0 524.979332c0 232.068678 150.366597 428.501342 358.967656 498.035028 26.075132 5.215026 35.636014-11.299224 35.636014-25.205961 0-12.168395-0.869171-53.888607-0.869171-97.347161-146.020741 31.290159-176.441729-62.580318-176.441729-62.580318-23.467619-60.841976-58.234462-76.487055-58.234463-76.487055-47.804409-32.15933 3.476684-32.15933 3.476685-32.15933 53.019436 3.476684 80.83291 53.888607 80.83291 53.888607 46.935238 79.963739 122.553122 57.365291 152.97411 43.458554 4.345855-33.897672 18.252593-57.365291 33.028501-70.402857-116.468925-12.168395-239.022047-57.365291-239.022047-259.012982 0-57.365291 20.860106-104.300529 53.888607-140.805715-5.215026-13.037566-23.467619-66.926173 5.215027-139.067372 0 0 44.327725-13.906737 144.282399 53.888607 41.720212-11.299224 86.917108-17.383422 131.244833-17.383422s89.524621 6.084198 131.244833 17.383422C756.178839 203.386032 800.506564 217.29277 800.506564 217.29277c28.682646 72.1412 10.430053 126.029806 5.215026 139.067372 33.897672 36.505185 53.888607 83.440424 53.888607 140.805715 0 201.64769-122.553122 245.975415-239.891218 259.012982 19.121764 16.514251 35.636014 47.804409 35.636015 97.347161 0 70.402857-0.869171 126.898978-0.869172 144.282399 0 13.906737 9.560882 30.420988 35.636015 25.205961 208.601059-69.533686 358.967656-265.96635 358.967655-498.035028C1049.958663 234.676191 814.413301 0 524.979332 0z\\" fill=\\"#191717\\" p-id=\\"17078\\"></path><path d=\\"M199.040177 753.571326c-0.869171 2.607513-5.215026 3.476684-8.691711 1.738342s-6.084198-5.215026-4.345855-7.82254c0.869171-2.607513 5.215026-3.476684 8.691711-1.738342s5.215026 5.215026 4.345855 7.82254z m-6.953369-4.345856M219.900283 777.038945c-2.607513 2.607513-7.82254 0.869171-10.430053-2.607514-3.476684-3.476684-4.345855-8.691711-1.738342-11.299224 2.607513-2.607513 6.953369-0.869171 10.430053 2.607514 3.476684 4.345855 4.345855 9.560882 1.738342 11.299224z m-5.215026-5.215027M240.760389 807.459932c-3.476684 2.607513-8.691711 0-11.299224-4.345855-3.476684-4.345855-3.476684-10.430053 0-12.168395 3.476684-2.607513 8.691711 0 11.299224 4.345855 3.476684 4.345855 3.476684 9.560882 0 12.168395z m0 0M269.443034 837.011749c-2.607513 3.476684-8.691711 2.607513-13.906737-1.738342-4.345855-4.345855-6.084198-10.430053-2.607513-13.037566 2.607513-3.476684 8.691711-2.607513 13.906737 1.738342 4.345855 3.476684 5.215026 9.560882 2.607513 13.037566z m0 0M308.555733 853.526c-0.869171 4.345855-6.953369 6.084198-13.037566 4.345855-6.084198-1.738342-9.560882-6.953369-8.691711-10.430053 0.869171-4.345855 6.953369-6.084198 13.037566-4.345855 6.084198 1.738342 9.560882 6.084198 8.691711 10.430053z m0 0M351.145116 857.002684c0 4.345855-5.215026 7.82254-11.299224 7.82254-6.084198 0-11.299224-3.476684-11.299224-7.82254s5.215026-7.82254 11.299224-7.82254c6.084198 0 11.299224 3.476684 11.299224 7.82254z m0 0M391.126986 850.049315c0.869171 4.345855-3.476684 8.691711-9.560882 9.560882-6.084198 0.869171-11.299224-1.738342-12.168395-6.084197-0.869171-4.345855 3.476684-8.691711 9.560881-9.560882 6.084198-0.869171 11.299224 1.738342 12.168396 6.084197z m0 0\\" fill=\\"#191717\\" p-id=\\"17079\\"></path></svg>","remark":"GitHub登录，同时支持OAuth2和聚合登录","createTime":1765444681000,"updateTime":1765444681000}}', 'com.river.controller.system.SysSocialConfigController', 'edit'),
	(2653, 'admin', '/sys/socialConfig/update', 'PUT', '修改第三方登录配置', '127.0.0.1', '内网IP|内网IP', 7, '2025-12-12 10:06:36', '{"config":{"id":12,"socialType":"douyin","socialName":"抖音","loginMode":"juhe","juheTypeCode":12,"supportOauth2":0,"supportJuhe":1,"status":0,"sort":12,"icon":"<svg t=\\"1765505190182\\" class=\\"icon\\" viewBox=\\"0 0 1024 1024\\" version=\\"1.1\\" xmlns=\\"http://www.w3.org/2000/svg\\" p-id=\\"18107\\" width=\\"200\\" height=\\"200\\"><path d=\\"M909.994667 309.475556v-34.702223a241.208889 241.208889 0 0 1-45.511111-4.892444 222.321778 222.321778 0 0 1-71.68-29.184 23.324444 23.324444 0 0 0-4.664889-4.380445 192.170667 192.170667 0 0 1-69.518223-76.458666 238.933333 238.933333 0 0 1-22.755555-63.146667h-0.853333a209.635556 209.635556 0 0 1-3.470223-39.822222H534.357333c0 75.719111 0.284444 151.438222-0.341333 227.157333v396.458667a131.413333 131.413333 0 0 1-61.781333 109.624889 130.104889 130.104889 0 0 1-130.844445 4.608 160.824889 160.824889 0 0 1-39.822222-32.597334 124.586667 124.586667 0 0 1-29.980444-67.527111 133.575111 133.575111 0 0 1 13.482666-74.922666 113.777778 113.777778 0 0 1 28.444445-35.328 159.288889 159.288889 0 0 1 66.673777-31.914667 110.705778 110.705778 0 0 1 61.952 1.877333V476.216889c0-15.246222 0.455111-30.549333-0.341333-45.511111-0.512-12.231111 0-24.462222 0-36.693334a287.345778 287.345778 0 0 0-190.236444 39.822223 290.133333 290.133333 0 0 0-95.630223 95.630222 286.890667 286.890667 0 0 0 79.644445 384.398222l2.104889 1.820445a283.192889 283.192889 0 0 0 104.106666 45.056 332.288 332.288 0 0 0 80.611556 6.485333 264.533333 264.533333 0 0 0 148.992-50.517333 297.187556 297.187556 0 0 0 81.009778-91.192889 310.556444 310.556444 0 0 0 42.040889-134.030223c0.967111-12.856889 0.398222-25.713778 0.341333-38.570666a35145.955556 35145.955556 0 0 1-0.967111-289.678222 371.427556 371.427556 0 0 0 216.177778 67.811555V309.475556z\\" fill=\\"#333333\\" p-id=\\"18108\\"></path></svg>","remark":"抖音登录，仅支持聚合登录","createTime":1765444681000,"updateTime":1765444681000}}', 'com.river.controller.system.SysSocialConfigController', 'edit'),
	(2654, 'admin', '/sys/menu', 'POST', '添加菜单', '127.0.0.1', '内网IP|内网IP', 148, '2025-12-12 10:22:24', '{"menu":{"id":197,"parentId":0,"path":"Layout","component":"Layout","title":"网站配置","sort":1,"icon":"ChromeFilled","type":"CATALOG","redirect":"","name":"","hidden":0,"isExternal":0,"perm":"","createTime":1731892870000,"updateTime":1731903835000,"children":[{"id":176,"parentId":175,"path":"indexSlider","component":"/slider/indexSlider/index","title":"首页轮播图管理","sort":1,"icon":"View","type":"MENU","redirect":"","name":"","hidden":0,"isExternal":0,"perm":"","createTime":1731892870000,"updateTime":1731903835000,"children":[{"id":180,"parentId":176,"path":"","component":"","title":"首页轮播图列表","sort":1,"icon":"","type":"BUTTON","redirect":"","name":"","hidden":1,"isExternal":0,"perm":"sys:indexSlider","createTime":1764924540000},{"id":181,"parentId":176,"path":"","component":"","title":"添加首页轮播图","sort":2,"icon":"","type":"BUTTON","redirect":"","name":"","hidden":1,"isExternal":0,"perm":"sys:indexSlider:add","createTime":1764924559000},{"id":182,"parentId":176,"path":"","component":"","title":"编辑首页轮播图","sort":3,"icon":"","type":"BUTTON","redirect":"","name":"","hidden":1,"isExternal":0,"perm":"sys:indexSlider:update","createTime":1731892870000,"updateTime":1731903835000},{"id":183,"parentId":176,"path":"","component":"","title":"删除首页轮播图","sort":4,"icon":"","type":"BUTTON","redirect":"","name":"","hidden":1,"isExternal":0,"perm":"sys:indexSlider:delete","createTime":1731892870000,"updateTime":1731903835000}]},{"id":177,"parentId":175,"path":"shopSlider","component":"/slider/shopSlider/index","title":"商品轮播图","sort":2,"icon":"VideoPlay","type":"MENU","redirect":"","name":"","hidden":1,"isExternal":0,"perm":"","createTime":1731892870000,"updateTime":1731903835000,"children":[{"id":184,"parentId":177,"path":"","component":"","title":"添加商品页轮播图","sort":1,"icon":"","type":"BUTTON","redirect":"","name":"","hidden":1,"isExternal":0,"perm":"sys:shopSlider:add","createTime":1731892870000,"updateTime":1731903835000},{"id":185,"parentId":177,"path":"","component":"","title":"编辑商品轮播图","sort":2,"icon":"","type":"BUTTON","redirect":"","name":"","hidden":1,"isExternal":0,"perm":"sys:shopSlider:update","createTime":1731892870000,"updateTime":1731903835000},{"id":186,"parentId":177,"path":"","component":"","title":"删除","sort":3,"icon":"","type":"BUTTON","redirect":"","name":"","hidden":1,"isExternal":0,"perm":"sys:shopSlider:delete","createTime":1731892870000,"updateTime":1731903835000}]}]}}', 'com.river.controller.system.SysMenuController', 'addMenu'),
	(2655, 'admin', '/sys/menu/197', 'DELETE', '删除菜单', '127.0.0.1', '内网IP|内网IP', 10, '2025-12-12 10:22:48', '{"id":197}', 'com.river.controller.system.SysMenuController', 'deleteMenu'),
	(2656, 'admin', '/sys/menu', 'POST', '添加菜单', '127.0.0.1', '内网IP|内网IP', 7, '2025-12-12 10:23:37', '{"menu":{"id":198,"parentId":1,"path":"site","component":"/system/siteConfig/index","title":"网站配置","sort":1,"icon":"Cloudy","type":"MENU","redirect":"","name":"","hidden":0,"isExternal":0,"perm":"","createTime":1731892870000,"updateTime":1731903835000,"children":[{"id":176,"parentId":175,"path":"indexSlider","component":"/slider/indexSlider/index","title":"首页轮播图管理","sort":1,"icon":"View","type":"MENU","redirect":"","name":"","hidden":0,"isExternal":0,"perm":"","createTime":1731892870000,"updateTime":1731903835000,"children":[{"id":180,"parentId":176,"path":"","component":"","title":"首页轮播图列表","sort":1,"icon":"","type":"BUTTON","redirect":"","name":"","hidden":1,"isExternal":0,"perm":"sys:indexSlider","createTime":1764924540000},{"id":181,"parentId":176,"path":"","component":"","title":"添加首页轮播图","sort":2,"icon":"","type":"BUTTON","redirect":"","name":"","hidden":1,"isExternal":0,"perm":"sys:indexSlider:add","createTime":1764924559000},{"id":182,"parentId":176,"path":"","component":"","title":"编辑首页轮播图","sort":3,"icon":"","type":"BUTTON","redirect":"","name":"","hidden":1,"isExternal":0,"perm":"sys:indexSlider:update","createTime":1731892870000,"updateTime":1731903835000},{"id":183,"parentId":176,"path":"","component":"","title":"删除首页轮播图","sort":4,"icon":"","type":"BUTTON","redirect":"","name":"","hidden":1,"isExternal":0,"perm":"sys:indexSlider:delete","createTime":1731892870000,"updateTime":1731903835000}]},{"id":177,"parentId":175,"path":"shopSlider","component":"/slider/shopSlider/index","title":"商品轮播图","sort":2,"icon":"VideoPlay","type":"MENU","redirect":"","name":"","hidden":1,"isExternal":0,"perm":"","createTime":1731892870000,"updateTime":1731903835000,"children":[{"id":184,"parentId":177,"path":"","component":"","title":"添加商品页轮播图","sort":1,"icon":"","type":"BUTTON","redirect":"","name":"","hidden":1,"isExternal":0,"perm":"sys:shopSlider:add","createTime":1731892870000,"updateTime":1731903835000},{"id":185,"parentId":177,"path":"","component":"","title":"编辑商品轮播图","sort":2,"icon":"","type":"BUTTON","redirect":"","name":"","hidden":1,"isExternal":0,"perm":"sys:shopSlider:update","createTime":1731892870000,"updateTime":1731903835000},{"id":186,"parentId":177,"path":"","component":"","title":"删除","sort":3,"icon":"","type":"BUTTON","redirect":"","name":"","hidden":1,"isExternal":0,"perm":"sys:shopSlider:delete","createTime":1731892870000,"updateTime":1731903835000}]}]}}', 'com.river.controller.system.SysMenuController', 'addMenu'),
	(2657, 'admin', '/sys/menu', 'POST', '添加菜单', '127.0.0.1', '内网IP|内网IP', 10, '2025-12-12 10:27:06', '{"menu":{"id":199,"parentId":198,"path":"","component":"","title":"修改网站配置","sort":1,"icon":"","type":"BUTTON","redirect":"","name":"","hidden":1,"isExternal":0,"perm":"sys:siteConfig:update","createTime":1765506426386}}', 'com.river.controller.system.SysMenuController', 'addMenu'),
	(2658, 'admin', '/sys/role/menus/1', 'PUT', '修改角色权限', '127.0.0.1', '内网IP|内网IP', 39, '2025-12-12 10:27:15', '{"id":1,"menuIds":[175,176,180,181,182,183,177,184,185,186,142,143,161,162,163,164,165,166,167,168,169,170,171,144,145,146,147,148,149,160,178,179,150,151,152,153,154,155,156,157,158,159,172,173,174,187,188,189,190,1,14,39,27,28,29,52,198,199,2,3,8,40,41,43,9,10,53,11,12,44,136,137,138,139,140,13,48,51,49,50,32,33,55,56,128,129,130,131,101,193,194,195,196,54,191,4,16,17,95,94,18,60,62,65,59,58,61,192,19,63,66,64,67,104,105,30,31]}', 'com.river.controller.system.SysRoleController', 'updateRoleMenus'),
	(2659, 'admin', '/sys/siteConfig/update', 'PUT', '修改网站配置', '127.0.0.1', '内网IP|内网IP', 23, '2025-12-12 10:27:22', '{"configs":{"site_admin_logo":"https://web-framework-cwj.oss-cn-chengdu.aliyuncs.com/wcgmall-plus/file/20251212/site/05_logo-header.jpg","site_admin_title":"WCG管理系统","site_user_header_logo":"","site_user_footer_logo":"","site_user_title":"WCG Store","site_footer_description":"\\"文创购\\"(英文:WCG,亦称文创购物商城、文创商城),是一个综合性文创购物购物网站。\\"文创购\\"是长江师范学院计科2301陈韦江毕业设计。提供100%品质保证的商品,7天无理由退货的售后服务,以及购物积分返现等优质服务。","site_footer_copyright":"WCG Store. All rights reserved.","site_footer_address":"长江师范学院","site_footer_email":"1774532899@qq.com","site_footer_icp":""}}', 'com.river.controller.system.SysSiteConfigController', 'batchUpdate'),
	(2660, 'admin', '/sys/siteConfig/update', 'PUT', '修改网站配置', '127.0.0.1', '内网IP|内网IP', 23, '2025-12-12 10:27:25', '{"configs":{"site_admin_logo":"https://web-framework-cwj.oss-cn-chengdu.aliyuncs.com/wcgmall-plus/file/20251212/site/05_logo-header.jpg","site_admin_title":"WCG管理系统111","site_user_header_logo":"","site_user_footer_logo":"","site_user_title":"WCG Store","site_footer_description":"\\"文创购\\"(英文:WCG,亦称文创购物商城、文创商城),是一个综合性文创购物购物网站。\\"文创购\\"是长江师范学院计科2301陈韦江毕业设计。提供100%品质保证的商品,7天无理由退货的售后服务,以及购物积分返现等优质服务。","site_footer_copyright":"WCG Store. All rights reserved.","site_footer_address":"长江师范学院","site_footer_email":"1774532899@qq.com","site_footer_icp":""}}', 'com.river.controller.system.SysSiteConfigController', 'batchUpdate'),
	(2661, 'admin', '/sys/siteConfig/update', 'PUT', '修改网站配置', '127.0.0.1', '内网IP|内网IP', 17, '2025-12-12 10:27:36', '{"configs":{"site_admin_logo":"https://web-framework-cwj.oss-cn-chengdu.aliyuncs.com/wcgmall-plus/file/20251212/site/05_logo-header.jpg","site_admin_title":"WCG管理系统111","site_user_header_logo":"","site_user_footer_logo":"","site_user_title":"WCG Store1111","site_footer_description":"\\"文创购\\"(英文:WCG,亦称文创购物商城、文创商城),是一个综合性文创购物购物网站。\\"文创购\\"是长江师范学院计科2301陈韦江毕业设计。提供100%品质保证的商品,7天无理由退货的售后服务,以及购物积分返现等优质服务。","site_footer_copyright":"WCG Store. All rights reserved.","site_footer_address":"长江师范学院","site_footer_email":"1774532899@qq.com","site_footer_icp":""}}', 'com.river.controller.system.SysSiteConfigController', 'batchUpdate'),
	(2662, 'admin', '/sys/siteConfig/update', 'PUT', '修改网站配置', '127.0.0.1', '内网IP|内网IP', 12, '2025-12-12 10:27:47', '{"configs":{"site_admin_logo":"https://web-framework-cwj.oss-cn-chengdu.aliyuncs.com/wcgmall-plus/file/20251212/site/05_logo-header.jpg","site_admin_title":"WCG管理系统111","site_user_header_logo":"","site_user_footer_logo":"","site_user_title":"WCG Store1111","site_footer_description":"\\"文创购\\"(英文:WCG,亦称文创购物商城、文创商城),是一个综合性文创购物购物网站。\\"文创购\\"是长江师范学院计科2301陈韦江毕业设计。提供100%品质保证的商品,7天无理由退货的售后服务,以及购物积分返现等优质服务。","site_footer_copyright":"WCG Store. All rights reserved.","site_footer_address":"长江师范学院111","site_footer_email":"1774532899@qq.com","site_footer_icp":""}}', 'com.river.controller.system.SysSiteConfigController', 'batchUpdate'),
	(2663, 'admin', '/sys/siteConfig/update', 'PUT', '修改网站配置', '127.0.0.1', '内网IP|内网IP', 11, '2025-12-12 10:28:04', '{"configs":{"site_admin_logo":"https://web-framework-cwj.oss-cn-chengdu.aliyuncs.com/wcgmall-plus/file/20251212/site/05_logo-header.jpg","site_admin_title":"WCG管理系统111","site_user_header_logo":"","site_user_footer_logo":"","site_user_title":"WCG Store1111","site_footer_description":"\\"文创购\\"(英文:WCG,亦称文创购物商城、文创商城),是一个综合性文创购物购物网站。\\"文创购\\"是长江师范学院计科2301陈韦江毕业设计。提供100%品质保证的商品,7天无理由退货的售后服务,以及购物积分返现等优质服务。","site_footer_copyright":"WCG Store. All rights reserved.","site_footer_address":"长江师范学院","site_footer_email":"1774532899@qq.com","site_footer_icp":""}}', 'com.river.controller.system.SysSiteConfigController', 'batchUpdate'),
	(2664, 'admin', '/sys/siteConfig/update', 'PUT', '修改网站配置', '127.0.0.1', '内网IP|内网IP', 12, '2025-12-12 10:28:59', '{"configs":{"site_admin_logo":"https://web-framework-cwj.oss-cn-chengdu.aliyuncs.com/wcgmall-plus/file/20251212/site/05_logo-header.jpg","site_admin_title":"WCG管理系统111","site_user_header_logo":"https://web-framework-cwj.oss-cn-chengdu.aliyuncs.com/wcgmall-plus/file/20251212/site/12_logo-footer.jpg","site_user_footer_logo":"","site_user_title":"WCG Store1111","site_footer_description":"\\"文创购\\"(英文:WCG,亦称文创购物商城、文创商城),是一个综合性文创购物购物网站。\\"文创购\\"是长江师范学院计科2301陈韦江毕业设计。提供100%品质保证的商品,7天无理由退货的售后服务,以及购物积分返现等优质服务。","site_footer_copyright":"WCG Store. All rights reserved.","site_footer_address":"长江师范学院","site_footer_email":"1774532899@qq.com","site_footer_icp":""}}', 'com.river.controller.system.SysSiteConfigController', 'batchUpdate'),
	(2665, 'admin', '/sys/siteConfig/update', 'PUT', '修改网站配置', '127.0.0.1', '内网IP|内网IP', 12, '2025-12-12 10:29:13', '{"configs":{"site_admin_logo":"https://web-framework-cwj.oss-cn-chengdu.aliyuncs.com/wcgmall-plus/file/20251212/site/05_logo-header.jpg","site_admin_title":"WCG管理系统111","site_user_header_logo":"https://web-framework-cwj.oss-cn-chengdu.aliyuncs.com/wcgmall-plus/file/20251212/site/12_logo-footer.jpg","site_user_footer_logo":"https://web-framework-cwj.oss-cn-chengdu.aliyuncs.com/wcgmall-plus/file/20251212/site/80_logo-footer.jpg","site_user_title":"WCG Store1111","site_footer_description":"\\"文创购\\"(英文:WCG,亦称文创购物商城、文创商城),是一个综合性文创购物购物网站。\\"文创购\\"是长江师范学院计科2301陈韦江毕业设计。提供100%品质保证的商品,7天无理由退货的售后服务,以及购物积分返现等优质服务。","site_footer_copyright":"WCG Store. All rights reserved.","site_footer_address":"长江师范学院","site_footer_email":"1774532899@qq.com","site_footer_icp":""}}', 'com.river.controller.system.SysSiteConfigController', 'batchUpdate'),
	(2666, 'admin', '/sys/siteConfig/update', 'PUT', '修改网站配置', '127.0.0.1', '内网IP|内网IP', 10, '2025-12-12 10:31:50', '{"configs":{"site_admin_logo":"https://web-framework-cwj.oss-cn-chengdu.aliyuncs.com/wcgmall-plus/file/20251212/site/40_favicon.jpg","site_admin_title":"WCG管理系统111","site_user_header_logo":"https://web-framework-cwj.oss-cn-chengdu.aliyuncs.com/wcgmall-plus/file/20251212/site/12_logo-footer.jpg","site_user_footer_logo":"https://web-framework-cwj.oss-cn-chengdu.aliyuncs.com/wcgmall-plus/file/20251212/site/80_logo-footer.jpg","site_user_title":"WCG Store1111","site_footer_description":"\\"文创购\\"(英文:WCG,亦称文创购物商城、文创商城),是一个综合性文创购物购物网站。\\"文创购\\"是长江师范学院计科2301陈韦江毕业设计。提供100%品质保证的商品,7天无理由退货的售后服务,以及购物积分返现等优质服务。","site_footer_copyright":"WCG Store. All rights reserved.","site_footer_address":"长江师范学院","site_footer_email":"1774532899@qq.com","site_footer_icp":""}}', 'com.river.controller.system.SysSiteConfigController', 'batchUpdate'),
	(2667, 'admin', '/sys/siteConfig/update', 'PUT', '修改网站配置', '127.0.0.1', '内网IP|内网IP', 12, '2025-12-12 10:32:01', '{"configs":{"site_admin_logo":"https://web-framework-cwj.oss-cn-chengdu.aliyuncs.com/wcgmall-plus/file/20251212/site/40_favicon.jpg","site_admin_title":"WCG管理系统111","site_user_header_logo":"https://web-framework-cwj.oss-cn-chengdu.aliyuncs.com/wcgmall-plus/file/20251212/site/97_logo-header.jpg","site_user_footer_logo":"https://web-framework-cwj.oss-cn-chengdu.aliyuncs.com/wcgmall-plus/file/20251212/site/80_logo-footer.jpg","site_user_title":"WCG Store1111","site_footer_description":"\\"文创购\\"(英文:WCG,亦称文创购物商城、文创商城),是一个综合性文创购物购物网站。\\"文创购\\"是长江师范学院计科2301陈韦江毕业设计。提供100%品质保证的商品,7天无理由退货的售后服务,以及购物积分返现等优质服务。","site_footer_copyright":"WCG Store. All rights reserved.","site_footer_address":"长江师范学院","site_footer_email":"1774532899@qq.com","site_footer_icp":""}}', 'com.river.controller.system.SysSiteConfigController', 'batchUpdate'),
	(2668, 'admin', '/sys/siteConfig/update', 'PUT', '修改网站配置', '127.0.0.1', '内网IP|内网IP', 18, '2025-12-12 10:34:52', '{"configs":{"site_admin_logo":"https://web-framework-cwj.oss-cn-chengdu.aliyuncs.com/wcgmall-plus/file/20251212/site/40_favicon.jpg","site_admin_title":"WCG管理系统","site_user_header_logo":"https://web-framework-cwj.oss-cn-chengdu.aliyuncs.com/wcgmall-plus/file/20251212/site/97_logo-header.jpg","site_user_footer_logo":"https://web-framework-cwj.oss-cn-chengdu.aliyuncs.com/wcgmall-plus/file/20251212/site/80_logo-footer.jpg","site_user_title":"WCG Store1111","site_footer_description":"\\"文创购\\"(英文:WCG,亦称文创购物商城、文创商城),是一个综合性文创购物购物网站。\\"文创购\\"是长江师范学院计科2301陈韦江毕业设计。提供100%品质保证的商品,7天无理由退货的售后服务,以及购物积分返现等优质服务。","site_footer_copyright":"WCG Store. All rights reserved.","site_footer_address":"长江师范学院","site_footer_email":"1774532899@qq.com","site_footer_icp":""}}', 'com.river.controller.system.SysSiteConfigController', 'batchUpdate'),
	(2669, 'admin', '/sys/siteConfig/update', 'PUT', '修改网站配置', '127.0.0.1', '内网IP|内网IP', 26, '2025-12-12 10:39:43', '{"configs":{"site_admin_logo":"https://web-framework-cwj.oss-cn-chengdu.aliyuncs.com/wcgmall-plus/file/20251212/site/40_favicon.jpg","site_admin_title":"WCG管理系统","site_user_header_logo":"https://web-framework-cwj.oss-cn-chengdu.aliyuncs.com/wcgmall-plus/file/20251212/site/97_logo-header.jpg","site_user_footer_logo":"https://web-framework-cwj.oss-cn-chengdu.aliyuncs.com/wcgmall-plus/file/20251212/site/80_logo-footer.jpg","site_user_title":"WCG Store","site_footer_description":"\\"文创购\\"(英文:WCG,亦称文创购物商城、文创商城),是一个综合性文创购物购物网站。\\"文创购\\"是长江师范学院计科2301陈韦江毕业设计。提供100%品质保证的商品,7天无理由退货的售后服务,以及购物积分返现等优质服务。","site_footer_copyright":"WCG Store. All rights reserved.","site_footer_address":"长江师范学院","site_footer_email":"1774532899@qq.com","site_footer_icp":""}}', 'com.river.controller.system.SysSiteConfigController', 'batchUpdate'),
	(2670, 'admin', '/sys/siteConfig/update', 'PUT', '修改网站配置', '127.0.0.1', '内网IP|内网IP', 15, '2025-12-12 13:36:54', '{"configs":{"site_admin_logo":"https://web-framework-cwj.oss-cn-chengdu.aliyuncs.com/wcgmall-plus/file/20251212/site/40_favicon.jpg","site_admin_title":"WCG管理系统","site_user_header_logo":"https://web-framework-cwj.oss-cn-chengdu.aliyuncs.com/wcgmall-plus/file/20251212/site/97_logo-header.jpg","site_user_footer_logo":"https://web-framework-cwj.oss-cn-chengdu.aliyuncs.com/wcgmall-plus/file/20251212/site/80_logo-footer.jpg","site_user_title":"WCG Store","site_footer_description":"\\"文创购\\"(英文:WCG,亦称文创购物商城、文创商城),是一个综合性文创购物购物网站。\\"文创购\\"是长江师范学院计科2301陈韦江毕业设计。提供100%品质保证的商品,7天无理由退货的售后服务,以及购物积分返现等优质服务。1111","site_footer_copyright":"WCG Store. All rights reserved.","site_footer_address":"长江师范学院","site_footer_email":"1774532899@qq.com","site_footer_icp":""}}', 'com.river.controller.system.SysSiteConfigController', 'batchUpdate'),
	(2671, 'admin', '/sys/siteConfig/update', 'PUT', '修改网站配置', '127.0.0.1', '内网IP|内网IP', 12, '2025-12-12 13:37:04', '{"configs":{"site_admin_logo":"https://web-framework-cwj.oss-cn-chengdu.aliyuncs.com/wcgmall-plus/file/20251212/site/40_favicon.jpg","site_admin_title":"WCG管理系统","site_user_header_logo":"https://web-framework-cwj.oss-cn-chengdu.aliyuncs.com/wcgmall-plus/file/20251212/site/97_logo-header.jpg","site_user_footer_logo":"https://web-framework-cwj.oss-cn-chengdu.aliyuncs.com/wcgmall-plus/file/20251212/site/80_logo-footer.jpg","site_user_title":"WCG Store","site_footer_description":"\\"文创购\\"(英文:WCG,亦称文创购物商城、文创商城),是一个综合性文创购物购物网站。\\"文创购\\"是长江师范学院计科2301陈韦江毕业设计。提供100%品质保证的商品,7天无理由退货的售后服务,以及购物积分返现等优质服务。","site_footer_copyright":"WCG Store. All rights reserved.","site_footer_address":"长江师范学院","site_footer_email":"1774532899@qq.com","site_footer_icp":""}}', 'com.river.controller.system.SysSiteConfigController', 'batchUpdate'),
	(2672, 'admin', '/sys/siteConfig/update', 'PUT', '修改网站配置', '127.0.0.1', '内网IP|内网IP', 12, '2025-12-12 13:37:43', '{"configs":{"site_admin_logo":"https://web-framework-cwj.oss-cn-chengdu.aliyuncs.com/wcgmall-plus/file/20251212/site/40_favicon.jpg","site_admin_title":"WCG管理系统","site_user_header_logo":"https://web-framework-cwj.oss-cn-chengdu.aliyuncs.com/wcgmall-plus/file/20251212/site/97_logo-header.jpg","site_user_footer_logo":"https://web-framework-cwj.oss-cn-chengdu.aliyuncs.com/wcgmall-plus/file/20251212/site/80_logo-footer.jpg","site_user_title":"WCG Store","site_footer_description":"\\"文创购\\"(英文:WCG,亦称文创购物商城、文创商城),是一个综合性文创购物购物网站。\\"文创购\\"是长江师范学院计科2301陈韦江毕业设计。提供100%品质保证的商品,7天无理由退货的售后服务,以及购物积分返现等优质服务。","site_footer_copyright":"WCG Store. All rights reserved.","site_footer_address":"长江师范学院","site_footer_email":"1774532899@qq.com","site_footer_icp":"渝ICP备2025049830号"}}', 'com.river.controller.system.SysSiteConfigController', 'batchUpdate'),
	(2673, 'admin', '/sys/socialConfig/settings', 'PUT', '更新第三方登录全局设置', '127.0.0.1', '内网IP|内网IP', 28, '2025-12-12 13:42:22', '{"settings":{"enabled":false,"loginMode":"juhe"}}', 'com.river.controller.system.SysSocialConfigController', 'updateSettings'),
	(2674, 'admin', '/sys/socialConfig/settings', 'PUT', '更新第三方登录全局设置', '127.0.0.1', '内网IP|内网IP', 12, '2025-12-12 13:42:30', '{"settings":{"enabled":true,"loginMode":"juhe"}}', 'com.river.controller.system.SysSocialConfigController', 'updateSettings'),
	(2675, 'admin', '/sys/logistics/ship', 'POST', '发货 - 调用顺丰下单接口', '127.0.0.1', '内网IP|内网IP', 545, '2025-12-16 14:14:48', '{"dto":{"orderNumber":"17658656032451853","senderName":"韋","senderPhone":"13290010299","senderProvince":"重庆市","senderCity":"重庆市","senderCounty":"重庆市","senderAddress":"两江新区蔡家岗街道柚米社区"}}', 'com.river.controller.order.LogisticsController', 'shipOrder'),
	(2676, 'admin', '/sys/logistics/ship', 'POST', '发货 - 调用顺丰下单接口', '127.0.0.1', '内网IP|内网IP', 618, '2025-12-16 14:18:56', '{"dto":{"orderNumber":"17658658775731853","senderName":"韋","senderPhone":"13290010299","senderProvince":"重庆市","senderCity":"重庆市","senderCounty":"重庆市","senderAddress":"两江新区蔡家岗街道柚米社区"}}', 'com.river.controller.order.LogisticsController', 'shipOrder'),
	(2677, 'admin', '/sys/menu', 'PUT', '修改菜单', '127.0.0.1', '内网IP|内网IP', 105, '2025-12-16 15:05:47', '{"menu":{"id":166,"parentId":0,"path":"/comments","component":"Layout","title":"评价管理","sort":3,"icon":"ChatDotSquare","type":"CATALOG","redirect":"","name":"","hidden":0,"isExternal":0,"perm":"","createTime":1762911113000,"updateTime":1762911128000,"children":[{"id":167,"parentId":166,"path":"comments","component":"/comments/index","title":"评论管理","sort":1,"icon":"ChatDotSquare","type":"MENU","redirect":"","name":"","hidden":0,"isExternal":0,"perm":"","createTime":1762911113000,"updateTime":1762911248000,"children":[{"id":168,"parentId":167,"path":"","component":"","title":"评论列表","sort":1,"icon":"","type":"BUTTON","redirect":"","name":"","hidden":1,"isExternal":0,"perm":"sys:comments","createTime":1762911113000,"updateTime":1762911275000},{"id":169,"parentId":167,"path":"","component":"","title":"新增评论","sort":2,"icon":"","type":"BUTTON","redirect":"","name":"","hidden":1,"isExternal":0,"perm":"sys:comments:add","createTime":1762911113000},{"id":170,"parentId":167,"path":"","component":"","title":"编辑评论","sort":3,"icon":"","type":"BUTTON","redirect":"","name":"","hidden":1,"isExternal":0,"perm":"sys:comments:update","createTime":1762911113000},{"id":171,"parentId":167,"path":"","component":"","title":"删除评论","sort":4,"icon":"","type":"BUTTON","redirect":"","name":"","hidden":1,"isExternal":0,"perm":"sys:comments:delete","createTime":1762911113000}]}]}}', 'com.river.controller.system.SysMenuController', 'updateMenu'),
	(2678, 'admin', '/sys/menu', 'POST', '添加菜单', '127.0.0.1', '内网IP|内网IP', 11, '2025-12-16 15:06:52', '{"menu":{"id":200,"parentId":166,"path":"review","component":"/review/index","title":"商品评价管理","sort":2,"icon":"Camera","type":"MENU","redirect":"","name":"","hidden":0,"isExternal":0,"perm":"","createTime":1762911113000,"updateTime":1762911128000,"children":[{"id":167,"parentId":166,"path":"comments","component":"/comments/index","title":"评论管理","sort":1,"icon":"ChatDotSquare","type":"MENU","redirect":"","name":"","hidden":0,"isExternal":0,"perm":"","createTime":1762911113000,"updateTime":1762911248000,"children":[{"id":168,"parentId":167,"path":"","component":"","title":"评论列表","sort":1,"icon":"","type":"BUTTON","redirect":"","name":"","hidden":1,"isExternal":0,"perm":"sys:comments","createTime":1762911113000,"updateTime":1762911275000},{"id":169,"parentId":167,"path":"","component":"","title":"新增评论","sort":2,"icon":"","type":"BUTTON","redirect":"","name":"","hidden":1,"isExternal":0,"perm":"sys:comments:add","createTime":1762911113000},{"id":170,"parentId":167,"path":"","component":"","title":"编辑评论","sort":3,"icon":"","type":"BUTTON","redirect":"","name":"","hidden":1,"isExternal":0,"perm":"sys:comments:update","createTime":1762911113000},{"id":171,"parentId":167,"path":"","component":"","title":"删除评论","sort":4,"icon":"","type":"BUTTON","redirect":"","name":"","hidden":1,"isExternal":0,"perm":"sys:comments:delete","createTime":1762911113000}]}]}}', 'com.river.controller.system.SysMenuController', 'addMenu'),
	(2679, 'admin', '/sys/menu', 'POST', '添加菜单', '127.0.0.1', '内网IP|内网IP', 3, '2025-12-16 15:08:06', '{"menu":{"id":201,"parentId":200,"path":"","component":"","title":"管理员回复评价","sort":1,"icon":"","type":"BUTTON","redirect":"","name":"","hidden":1,"isExternal":0,"perm":"sys:review:reply","createTime":1765868886769}}', 'com.river.controller.system.SysMenuController', 'addMenu'),
	(2680, 'admin', '/sys/menu', 'POST', '添加菜单', '127.0.0.1', '内网IP|内网IP', 11, '2025-12-16 15:08:35', '{"menu":{"id":202,"parentId":200,"path":"","component":"","title":"删除评价","sort":2,"icon":"","type":"BUTTON","redirect":"","name":"","hidden":1,"isExternal":0,"perm":"sys:review:delete","createTime":1762911113000,"updateTime":1762911128000,"children":[{"id":201,"parentId":200,"path":"","component":"","title":"管理员回复评价","sort":1,"icon":"","type":"BUTTON","redirect":"","name":"","hidden":1,"isExternal":0,"perm":"sys:review:reply","createTime":1765868887000}]}}', 'com.river.controller.system.SysMenuController', 'addMenu'),
	(2681, 'admin', '/sys/role/menus/1', 'PUT', '修改角色权限', '127.0.0.1', '内网IP|内网IP', 21, '2025-12-16 15:08:46', '{"id":1,"menuIds":[175,176,180,181,182,183,177,184,185,186,142,143,161,162,163,164,165,166,167,168,169,170,171,200,201,202,144,145,146,147,148,149,160,178,179,150,151,152,153,154,155,156,157,158,159,172,173,174,187,188,189,190,1,14,39,27,28,29,52,198,199,2,3,8,40,41,43,9,10,53,11,12,44,136,137,138,139,140,13,48,51,49,50,32,33,55,56,128,129,130,131,101,193,194,195,196,54,191,4,16,17,95,94,18,60,62,65,59,58,61,192,19,63,66,64,67,104,105,30,31]}', 'com.river.controller.system.SysRoleController', 'updateRoleMenus'),
	(2682, 'admin', '/sys/review/reply', 'POST', '回复评价', '127.0.0.1', '内网IP|内网IP', 101, '2025-12-16 15:11:22', '{"params":{"parentReviewId":8,"content":"感谢"}}', 'com.river.controller.review.ProductReviewController', 'reply'),
	(2683, 'admin', '/sys/review/reply', 'POST', '回复评价', '127.0.0.1', '内网IP|内网IP', 8, '2025-12-16 15:23:26', '{"params":{"parentReviewId":8,"content":"感谢"}}', 'com.river.controller.review.ProductReviewController', 'reply'),
	(2684, 'admin', '/sys/review/delete/10', 'DELETE', '删除评价', '127.0.0.1', '内网IP|内网IP', 7, '2025-12-16 15:25:38', '{"id":10}', 'com.river.controller.review.ProductReviewController', 'delete');

-- 导出  表 wcg_mall_plus.sys_role 结构
CREATE TABLE IF NOT EXISTS `sys_role` (
  `id` int(11) NOT NULL AUTO_INCREMENT COMMENT '主键ID',
  `code` varchar(50) DEFAULT NULL COMMENT '角色编码',
  `name` varchar(50) DEFAULT NULL COMMENT '角色名称',
  `remarks` varchar(500) DEFAULT NULL COMMENT '角色描述',
  `create_time` datetime DEFAULT CURRENT_TIMESTAMP COMMENT '创建时间',
  `update_time` datetime DEFAULT CURRENT_TIMESTAMP COMMENT '更新时间',
  PRIMARY KEY (`id`) USING BTREE
) ENGINE=InnoDB AUTO_INCREMENT=16 DEFAULT CHARSET=utf8 ROW_FORMAT=DYNAMIC COMMENT='角色表 ';

-- 正在导出表  wcg_mall_plus.sys_role 的数据：~3 rows (大约)
INSERT INTO `sys_role` (`id`, `code`, `name`, `remarks`, `create_time`, `update_time`) VALUES
	(1, 'admin', '超级管理员', '拥有一切权限\n', '2024-11-16 12:29:00', '2024-11-16 12:29:00'),
	(14, 'demo', '演示账号', '仅提供演示用，所有按钮权限可看到但不能操作', '2024-11-21 22:59:30', '2024-11-21 22:59:29'),
	(15, 'user', '用户', '门户注册的用户', '2024-12-28 13:32:09', '2024-12-28 13:32:08');

-- 导出  表 wcg_mall_plus.sys_role_menu 结构
CREATE TABLE IF NOT EXISTS `sys_role_menu` (
  `id` int(11) NOT NULL AUTO_INCREMENT COMMENT '主键',
  `role_id` int(11) DEFAULT NULL COMMENT '角色ID',
  `menu_id` int(11) DEFAULT NULL COMMENT '菜单ID',
  PRIMARY KEY (`id`) USING BTREE,
  UNIQUE KEY `role_id` (`role_id`,`menu_id`) USING BTREE
) ENGINE=InnoDB AUTO_INCREMENT=1583 DEFAULT CHARSET=utf8 ROW_FORMAT=DYNAMIC COMMENT='角色-权限资源关联表 ';

-- 正在导出表  wcg_mall_plus.sys_role_menu 的数据：~248 rows (大约)
INSERT INTO `sys_role_menu` (`id`, `role_id`, `menu_id`) VALUES
	(685, 15, 68),
	(686, 15, 71),
	(687, 15, 75),
	(688, 15, 76),
	(689, 15, 79),
	(690, 15, 77),
	(691, 15, 78),
	(692, 15, 103),
	(693, 15, 69),
	(694, 15, 80),
	(695, 15, 81),
	(696, 15, 82),
	(697, 15, 83),
	(698, 15, 70),
	(699, 15, 84),
	(700, 15, 85),
	(701, 15, 86),
	(702, 15, 87),
	(703, 15, 110),
	(704, 15, 111),
	(705, 15, 112),
	(706, 15, 113),
	(1122, 14, 175),
	(1123, 14, 176),
	(1124, 14, 180),
	(1125, 14, 181),
	(1126, 14, 182),
	(1127, 14, 183),
	(1128, 14, 177),
	(1129, 14, 184),
	(1130, 14, 185),
	(1131, 14, 186),
	(1132, 14, 142),
	(1133, 14, 143),
	(1134, 14, 161),
	(1135, 14, 162),
	(1136, 14, 163),
	(1137, 14, 164),
	(1138, 14, 165),
	(1139, 14, 166),
	(1140, 14, 167),
	(1141, 14, 168),
	(1142, 14, 169),
	(1143, 14, 170),
	(1144, 14, 171),
	(1145, 14, 144),
	(1146, 14, 145),
	(1147, 14, 146),
	(1148, 14, 147),
	(1149, 14, 148),
	(1150, 14, 149),
	(1151, 14, 160),
	(1152, 14, 178),
	(1153, 14, 179),
	(1154, 14, 150),
	(1155, 14, 151),
	(1156, 14, 152),
	(1157, 14, 153),
	(1158, 14, 154),
	(1159, 14, 155),
	(1160, 14, 156),
	(1161, 14, 157),
	(1162, 14, 158),
	(1163, 14, 159),
	(1164, 14, 172),
	(1165, 14, 173),
	(1166, 14, 174),
	(1167, 14, 187),
	(1168, 14, 188),
	(1169, 14, 189),
	(1170, 14, 190),
	(1171, 14, 1),
	(1172, 14, 14),
	(1173, 14, 39),
	(1174, 14, 27),
	(1175, 14, 28),
	(1176, 14, 29),
	(1177, 14, 52),
	(1178, 14, 2),
	(1179, 14, 3),
	(1180, 14, 8),
	(1181, 14, 40),
	(1182, 14, 41),
	(1183, 14, 43),
	(1184, 14, 9),
	(1185, 14, 10),
	(1186, 14, 53),
	(1187, 14, 11),
	(1188, 14, 12),
	(1189, 14, 44),
	(1190, 14, 136),
	(1191, 14, 137),
	(1192, 14, 138),
	(1193, 14, 139),
	(1194, 14, 140),
	(1195, 14, 13),
	(1196, 14, 48),
	(1197, 14, 51),
	(1198, 14, 49),
	(1199, 14, 50),
	(1200, 14, 32),
	(1201, 14, 33),
	(1202, 14, 55),
	(1203, 14, 56),
	(1204, 14, 128),
	(1205, 14, 129),
	(1206, 14, 130),
	(1207, 14, 131),
	(1208, 14, 54),
	(1209, 14, 4),
	(1210, 14, 16),
	(1211, 14, 17),
	(1212, 14, 95),
	(1213, 14, 94),
	(1214, 14, 18),
	(1215, 14, 60),
	(1216, 14, 62),
	(1217, 14, 65),
	(1218, 14, 59),
	(1219, 14, 58),
	(1220, 14, 61),
	(1221, 14, 192),
	(1222, 14, 19),
	(1223, 14, 63),
	(1224, 14, 66),
	(1225, 14, 64),
	(1226, 14, 67),
	(1227, 14, 104),
	(1228, 14, 105),
	(1229, 14, 30),
	(1230, 14, 31),
	(1463, 1, 175),
	(1464, 1, 176),
	(1465, 1, 180),
	(1466, 1, 181),
	(1467, 1, 182),
	(1468, 1, 183),
	(1469, 1, 177),
	(1470, 1, 184),
	(1471, 1, 185),
	(1472, 1, 186),
	(1473, 1, 142),
	(1474, 1, 143),
	(1475, 1, 161),
	(1476, 1, 162),
	(1477, 1, 163),
	(1478, 1, 164),
	(1479, 1, 165),
	(1480, 1, 166),
	(1481, 1, 167),
	(1482, 1, 168),
	(1483, 1, 169),
	(1484, 1, 170),
	(1485, 1, 171),
	(1486, 1, 200),
	(1487, 1, 201),
	(1488, 1, 202),
	(1489, 1, 144),
	(1490, 1, 145),
	(1491, 1, 146),
	(1492, 1, 147),
	(1493, 1, 148),
	(1494, 1, 149),
	(1495, 1, 160),
	(1496, 1, 178),
	(1497, 1, 179),
	(1498, 1, 150),
	(1499, 1, 151),
	(1500, 1, 152),
	(1501, 1, 153),
	(1502, 1, 154),
	(1503, 1, 155),
	(1504, 1, 156),
	(1505, 1, 157),
	(1506, 1, 158),
	(1507, 1, 159),
	(1508, 1, 172),
	(1509, 1, 173),
	(1510, 1, 174),
	(1511, 1, 187),
	(1512, 1, 188),
	(1513, 1, 189),
	(1514, 1, 190),
	(1515, 1, 1),
	(1516, 1, 14),
	(1517, 1, 39),
	(1518, 1, 27),
	(1519, 1, 28),
	(1520, 1, 29),
	(1521, 1, 52),
	(1522, 1, 198),
	(1523, 1, 199),
	(1524, 1, 2),
	(1525, 1, 3),
	(1526, 1, 8),
	(1527, 1, 40),
	(1528, 1, 41),
	(1529, 1, 43),
	(1530, 1, 9),
	(1531, 1, 10),
	(1532, 1, 53),
	(1533, 1, 11),
	(1534, 1, 12),
	(1535, 1, 44),
	(1536, 1, 136),
	(1537, 1, 137),
	(1538, 1, 138),
	(1539, 1, 139),
	(1540, 1, 140),
	(1541, 1, 13),
	(1542, 1, 48),
	(1543, 1, 51),
	(1544, 1, 49),
	(1545, 1, 50),
	(1546, 1, 32),
	(1547, 1, 33),
	(1548, 1, 55),
	(1549, 1, 56),
	(1550, 1, 128),
	(1551, 1, 129),
	(1552, 1, 130),
	(1553, 1, 131),
	(1554, 1, 101),
	(1555, 1, 193),
	(1556, 1, 194),
	(1557, 1, 195),
	(1558, 1, 196),
	(1559, 1, 54),
	(1560, 1, 191),
	(1561, 1, 4),
	(1562, 1, 16),
	(1563, 1, 17),
	(1564, 1, 95),
	(1565, 1, 94),
	(1566, 1, 18),
	(1567, 1, 60),
	(1568, 1, 62),
	(1569, 1, 65),
	(1570, 1, 59),
	(1571, 1, 58),
	(1572, 1, 61),
	(1573, 1, 192),
	(1574, 1, 19),
	(1575, 1, 63),
	(1576, 1, 66),
	(1577, 1, 64),
	(1578, 1, 67),
	(1579, 1, 104),
	(1580, 1, 105),
	(1581, 1, 30),
	(1582, 1, 31);

-- 导出  表 wcg_mall_plus.sys_site_config 结构
CREATE TABLE IF NOT EXISTS `sys_site_config` (
  `id` bigint(20) NOT NULL AUTO_INCREMENT COMMENT '主键',
  `config_key` varchar(100) NOT NULL COMMENT '配置键',
  `config_value` text COMMENT '配置值',
  `config_name` varchar(100) NOT NULL COMMENT '配置名称',
  `config_group` varchar(50) DEFAULT 'default' COMMENT '配置分组(logo/footer/basic)',
  `config_type` varchar(20) DEFAULT 'text' COMMENT '配置类型(text/image/textarea)',
  `sort` int(11) DEFAULT '0' COMMENT '排序',
  `remark` varchar(500) DEFAULT NULL COMMENT '备注',
  `create_time` datetime DEFAULT CURRENT_TIMESTAMP COMMENT '创建时间',
  `update_time` datetime DEFAULT CURRENT_TIMESTAMP ON UPDATE CURRENT_TIMESTAMP COMMENT '更新时间',
  PRIMARY KEY (`id`),
  UNIQUE KEY `uk_config_key` (`config_key`)
) ENGINE=InnoDB AUTO_INCREMENT=11 DEFAULT CHARSET=utf8mb4 COMMENT='网站配置表';

-- 正在导出表  wcg_mall_plus.sys_site_config 的数据：~10 rows (大约)
INSERT INTO `sys_site_config` (`id`, `config_key`, `config_value`, `config_name`, `config_group`, `config_type`, `sort`, `remark`, `create_time`, `update_time`) VALUES
	(1, 'site_admin_logo', 'https://web-framework-cwj.oss-cn-chengdu.aliyuncs.com/wcgmall-plus/file/20251212/site/40_favicon.jpg', '后台Logo', 'logo', 'image', 1, '后台管理系统Logo图片URL', '2025-12-12 10:18:11', '2025-12-12 10:31:50'),
	(2, 'site_admin_title', 'WCG管理系统', '后台网站名称', 'logo', 'text', 2, '后台管理系统名称', '2025-12-12 10:18:11', '2025-12-12 10:34:52'),
	(3, 'site_user_header_logo', 'https://web-framework-cwj.oss-cn-chengdu.aliyuncs.com/wcgmall-plus/file/20251212/site/97_logo-header.jpg', '用户端Header Logo', 'logo', 'image', 3, '用户端网站头部Logo图片URL', '2025-12-12 10:18:11', '2025-12-12 10:32:01'),
	(4, 'site_user_footer_logo', 'https://web-framework-cwj.oss-cn-chengdu.aliyuncs.com/wcgmall-plus/file/20251212/site/80_logo-footer.jpg', '用户端Footer Logo', 'logo', 'image', 4, '用户端网站底部Logo图片URL', '2025-12-12 10:18:11', '2025-12-12 10:29:13'),
	(5, 'site_user_title', 'WCG Store', '用户端网站名称', 'logo', 'text', 5, '用户端网站名称', '2025-12-12 10:18:11', '2025-12-12 10:39:43'),
	(6, 'site_footer_description', '"文创购"(英文:WCG,亦称文创购物商城、文创商城),是一个综合性文创购物购物网站。"文创购"是长江师范学院计科2301陈韦江毕业设计。提供100%品质保证的商品,7天无理由退货的售后服务,以及购物积分返现等优质服务。', '网站描述', 'footer', 'textarea', 10, '网站底部描述文字', '2025-12-12 10:18:11', '2025-12-12 13:37:04'),
	(7, 'site_footer_copyright', 'WCG Store. All rights reserved.', '版权信息', 'footer', 'text', 11, '网站底部版权信息', '2025-12-12 10:18:11', '2025-12-12 10:18:11'),
	(8, 'site_footer_address', '长江师范学院', '联系地址', 'footer', 'text', 12, '网站底部联系地址', '2025-12-12 10:18:11', '2025-12-12 10:28:04'),
	(9, 'site_footer_email', '1774532899@qq.com', '联系邮箱', 'footer', 'text', 13, '网站底部联系邮箱', '2025-12-12 10:18:11', '2025-12-12 10:18:11'),
	(10, 'site_footer_icp', '渝ICP备2025049830号', 'ICP备案号', 'footer', 'text', 14, 'ICP备案号', '2025-12-12 10:18:11', '2025-12-12 13:37:43');

-- 导出  表 wcg_mall_plus.sys_social_config 结构
CREATE TABLE IF NOT EXISTS `sys_social_config` (
  `id` bigint(20) NOT NULL AUTO_INCREMENT COMMENT '主键',
  `social_type` varchar(50) NOT NULL COMMENT '登录类型标识(qq/wechat/alipay/weibo/gitee/github等)',
  `social_name` varchar(100) NOT NULL COMMENT '显示名称',
  `login_mode` varchar(20) DEFAULT 'juhe' COMMENT '当前使用的登录模式(juhe/oauth2)',
  `juhe_type_code` int(11) DEFAULT NULL COMMENT '聚合登录类型编号(1=QQ,2=微信,3=支付宝等)',
  `support_oauth2` tinyint(1) DEFAULT '0' COMMENT '是否支持OAuth2(0否 1是)',
  `support_juhe` tinyint(1) DEFAULT '1' COMMENT '是否支持聚合登录(0否 1是)',
  `app_id` varchar(255) DEFAULT NULL COMMENT 'OAuth2 AppId/ClientId',
  `app_secret` varchar(255) DEFAULT NULL COMMENT 'OAuth2 AppSecret/ClientSecret',
  `redirect_url` varchar(500) DEFAULT NULL COMMENT 'OAuth2 回调地址',
  `status` tinyint(1) NOT NULL DEFAULT '1' COMMENT '状态(0禁用 1启用)',
  `sort` int(11) DEFAULT '0' COMMENT '排序',
  `icon` text COMMENT '图标(存储SVG内容)',
  `remark` varchar(500) DEFAULT NULL COMMENT '备注',
  `create_time` datetime DEFAULT CURRENT_TIMESTAMP COMMENT '创建时间',
  `update_time` datetime DEFAULT CURRENT_TIMESTAMP ON UPDATE CURRENT_TIMESTAMP COMMENT '更新时间',
  PRIMARY KEY (`id`),
  UNIQUE KEY `uk_social_type` (`social_type`)
) ENGINE=InnoDB AUTO_INCREMENT=13 DEFAULT CHARSET=utf8mb4 COMMENT='第三方登录配置表';

-- 正在导出表  wcg_mall_plus.sys_social_config 的数据：~12 rows (大约)
INSERT INTO `sys_social_config` (`id`, `social_type`, `social_name`, `login_mode`, `juhe_type_code`, `support_oauth2`, `support_juhe`, `app_id`, `app_secret`, `redirect_url`, `status`, `sort`, `icon`, `remark`, `create_time`, `update_time`) VALUES
	(1, 'qq', 'QQ', 'juhe', 1, 0, 1, NULL, NULL, NULL, 1, 1, '<svg t="1765504840905" class="icon" viewBox="0 0 1024 1024" version="1.1" xmlns="http://www.w3.org/2000/svg" p-id="6305" width="200" height="200"><path d="M511.09761 957.257c-80.159 0-153.737-25.019-201.11-62.386-24.057 6.702-54.831 17.489-74.252 30.864-16.617 11.439-14.546 23.106-11.55 27.816 13.15 20.689 225.583 13.211 286.912 6.767v-3.061z" fill="#FAAD08" p-id="6306"></path><path d="M496.65061 957.257c80.157 0 153.737-25.019 201.11-62.386 24.057 6.702 54.83 17.489 74.253 30.864 16.616 11.439 14.543 23.106 11.55 27.816-13.15 20.689-225.584 13.211-286.914 6.767v-3.061z" fill="#FAAD08" p-id="6307"></path><path d="M497.12861 474.524c131.934-0.876 237.669-25.783 273.497-35.34 8.541-2.28 13.11-6.364 13.11-6.364 0.03-1.172 0.542-20.952 0.542-31.155C784.27761 229.833 701.12561 57.173 496.64061 57.162 292.15661 57.173 209.00061 229.832 209.00061 401.665c0 10.203 0.516 29.983 0.547 31.155 0 0 3.717 3.821 10.529 5.67 33.078 8.98 140.803 35.139 276.08 36.034h0.972z" fill="#000000" p-id="6308"></path><path d="M860.28261 619.782c-8.12-26.086-19.204-56.506-30.427-85.72 0 0-6.456-0.795-9.718 0.148-100.71 29.205-222.773 47.818-315.792 46.695h-0.962C410.88561 582.017 289.65061 563.617 189.27961 534.698 185.44461 533.595 177.87261 534.063 177.87261 534.063 166.64961 563.276 155.56661 593.696 147.44761 619.782 108.72961 744.168 121.27261 795.644 130.82461 796.798c20.496 2.474 79.78-93.637 79.78-93.637 0 97.66 88.324 247.617 290.576 248.996a718.01 718.01 0 0 1 5.367 0C708.80161 950.778 797.12261 800.822 797.12261 703.162c0 0 59.284 96.111 79.783 93.637 9.55-1.154 22.093-52.63-16.623-177.017" fill="#000000" p-id="6309"></path><path d="M434.38261 316.917c-27.9 1.24-51.745-30.106-53.24-69.956-1.518-39.877 19.858-73.207 47.764-74.454 27.875-1.224 51.703 30.109 53.218 69.974 1.527 39.877-19.853 73.2-47.742 74.436m206.67-69.956c-1.494 39.85-25.34 71.194-53.24 69.956-27.888-1.238-49.269-34.559-47.742-74.435 1.513-39.868 25.341-71.201 53.216-69.974 27.909 1.247 49.285 34.576 47.767 74.453" fill="#FFFFFF" p-id="6310"></path><path d="M683.94261 368.627c-7.323-17.609-81.062-37.227-172.353-37.227h-0.98c-91.29 0-165.031 19.618-172.352 37.227a6.244 6.244 0 0 0-0.535 2.505c0 1.269 0.393 2.414 1.006 3.386 6.168 9.765 88.054 58.018 171.882 58.018h0.98c83.827 0 165.71-48.25 171.881-58.016a6.352 6.352 0 0 0 1.002-3.395c0-0.897-0.2-1.736-0.531-2.498" fill="#FAAD08" p-id="6311"></path><path d="M467.63161 256.377c1.26 15.886-7.377 30-19.266 31.542-11.907 1.544-22.569-10.083-23.836-25.978-1.243-15.895 7.381-30.008 19.25-31.538 11.927-1.549 22.607 10.088 23.852 25.974m73.097 7.935c2.533-4.118 19.827-25.77 55.62-17.886 9.401 2.07 13.75 5.116 14.668 6.316 1.355 1.77 1.726 4.29 0.352 7.684-2.722 6.725-8.338 6.542-11.454 5.226-2.01-0.85-26.94-15.889-49.905 6.553-1.579 1.545-4.405 2.074-7.085 0.242-2.678-1.834-3.786-5.553-2.196-8.135" fill="#000000" p-id="6312"></path><path d="M504.33261 584.495h-0.967c-63.568 0.752-140.646-7.504-215.286-21.92-6.391 36.262-10.25 81.838-6.936 136.196 8.37 137.384 91.62 223.736 220.118 224.996H506.48461c128.498-1.26 211.748-87.612 220.12-224.996 3.314-54.362-0.547-99.938-6.94-136.203-74.654 14.423-151.745 22.684-215.332 21.927" fill="#FFFFFF" p-id="6313"></path><path d="M323.27461 577.016v137.468s64.957 12.705 130.031 3.91V591.59c-41.225-2.262-85.688-7.304-130.031-14.574" fill="#EB1C26" p-id="6314"></path><path d="M788.09761 432.536s-121.98 40.387-283.743 41.539h-0.962c-161.497-1.147-283.328-41.401-283.744-41.539l-40.854 106.952c102.186 32.31 228.837 53.135 324.598 51.926l0.96-0.002c95.768 1.216 222.4-19.61 324.6-51.924l-40.855-106.952z" fill="#EB1C26" p-id="6315"></path></svg>', 'QQ登录，同时支持OAuth2和聚合登录', '2025-12-11 17:18:01', '2025-12-11 17:44:24'),
	(2, 'wechat', '微信', 'juhe', 2, 0, 1, NULL, NULL, NULL, 1, 2, '<svg t="1765504890194" class="icon" viewBox="0 0 1024 1024" version="1.1" xmlns="http://www.w3.org/2000/svg" p-id="7493" width="200" height="200"><path d="M337.387283 341.82659c-17.757225 0-35.514451 11.83815-35.514451 29.595375s17.757225 29.595376 35.514451 29.595376 29.595376-11.83815 29.595376-29.595376c0-18.49711-11.83815-29.595376-29.595376-29.595375zM577.849711 513.479769c-11.83815 0-22.936416 12.578035-22.936416 23.6763 0 12.578035 11.83815 23.676301 22.936416 23.676301 17.757225 0 29.595376-11.83815 29.595376-23.676301s-11.83815-23.676301-29.595376-23.6763zM501.641618 401.017341c17.757225 0 29.595376-12.578035 29.595376-29.595376 0-17.757225-11.83815-29.595376-29.595376-29.595375s-35.514451 11.83815-35.51445 29.595375 17.757225 29.595376 35.51445 29.595376zM706.589595 513.479769c-11.83815 0-22.936416 12.578035-22.936416 23.6763 0 12.578035 11.83815 23.676301 22.936416 23.676301 17.757225 0 29.595376-11.83815 29.595376-23.676301s-11.83815-23.676301-29.595376-23.6763z" fill="#28C445" p-id="7494"></path><path d="M510.520231 2.959538C228.624277 2.959538 0 231.583815 0 513.479769s228.624277 510.520231 510.520231 510.520231 510.520231-228.624277 510.520231-510.520231-228.624277-510.520231-510.520231-510.520231zM413.595376 644.439306c-29.595376 0-53.271676-5.919075-81.387284-12.578034l-81.387283 41.433526 22.936416-71.768786c-58.450867-41.433526-93.965318-95.445087-93.965317-159.815029 0-113.202312 105.803468-201.988439 233.803468-201.98844 114.682081 0 216.046243 71.028902 236.023121 166.473989-7.398844-0.739884-14.797688-1.479769-22.196532-1.479769-110.982659 1.479769-198.289017 85.086705-198.289017 188.67052 0 17.017341 2.959538 33.294798 7.398844 49.572255-7.398844 0.739884-15.537572 1.479769-22.936416 1.479768z m346.265896 82.867052l17.757225 59.190752-63.630058-35.514451c-22.936416 5.919075-46.612717 11.83815-70.289017 11.83815-111.722543 0-199.768786-76.947977-199.768786-172.393063-0.739884-94.705202 87.306358-171.653179 198.289017-171.65318 105.803468 0 199.028902 77.687861 199.028902 172.393064 0 53.271676-34.774566 100.624277-81.387283 136.138728z" fill="#28C445" p-id="7495"></path></svg>', '微信登录，仅支持聚合登录', '2025-12-11 17:18:01', '2025-12-11 17:44:25'),
	(3, 'alipay', '支付宝', 'juhe', 3, 0, 1, NULL, NULL, NULL, 0, 3, '<svg t="1765504906460" class="icon" viewBox="0 0 1024 1024" version="1.1" xmlns="http://www.w3.org/2000/svg" p-id="8477" width="200" height="200"><path d="M230.771014 576.556522c-12.614493 9.646377-25.228986 23.744928-28.93913 42.295652-5.194203 24.486957-0.742029 55.652174 22.26087 80.13913 28.93913 28.93913 72.718841 37.101449 92.011594 38.585508 51.2 3.710145 106.110145-22.26087 147.663768-50.457971 16.324638-11.130435 43.77971-34.133333 70.492754-69.750725-59.362319-30.423188-133.565217-64.556522-212.22029-61.588406-41.553623 1.484058-70.492754 9.646377-91.269566 20.776812zM983.188406 712.347826c25.971014-61.588406 40.811594-129.113043 40.811594-200.347826 0-281.971014-230.028986-512-512-512S0 230.028986 0 512s230.028986 512 512 512c170.666667 0 321.298551-83.849275 414.794203-212.22029C838.492754 768.742029 693.797101 696.023188 604.011594 652.985507c-42.295652 48.973913-105.368116 97.205797-176.602898 117.982609-44.521739 13.356522-85.333333 18.550725-126.886957 9.646377-42.295652-8.904348-72.718841-28.197101-90.527536-47.489855-8.904348-10.388406-19.292754-22.26087-27.455073-37.843479 0.742029 0.742029 0.742029 2.226087 0.742029 2.968116 0 0-4.452174-7.42029-7.420289-19.292753-1.484058-5.936232-2.968116-11.872464-3.710145-17.808696-0.742029-4.452174-0.742029-8.904348 0-12.614493-0.742029-7.42029 0-15.582609 1.484058-23.744927 4.452174-20.776812 12.614493-43.77971 35.617391-65.298551 48.973913-48.231884 115.014493-50.457971 149.147826-50.457971 50.457971 0.742029 138.017391 22.26087 212.22029 48.973913 20.776812-43.77971 34.133333-89.785507 42.295652-121.692754H304.973913v-33.391304h158.052174v-66.782609H272.324638v-34.133333h190.701449v-66.782609c0-8.904348 2.226087-16.324638 16.324638-16.324637h74.944927v83.107246h207.026087v33.391304H554.295652v66.782609H719.768116S702.701449 494.933333 651.501449 586.202899c115.014493 40.811594 277.518841 104.626087 331.686957 126.144927z m0 0" fill="#06B4FD" p-id="8478"></path></svg>', '支付宝登录，仅支持聚合登录', '2025-12-11 17:18:01', '2025-12-11 17:33:40'),
	(4, 'weibo', '微博', 'juhe', 4, 0, 1, NULL, NULL, NULL, 0, 4, '<svg t="1765504929776" class="icon" viewBox="0 0 1024 1024" version="1.1" xmlns="http://www.w3.org/2000/svg" p-id="9494" width="200" height="200"><path d="M851.4 590.193c-22.196-66.233-90.385-90.422-105.912-91.863-15.523-1.442-29.593-9.94-19.295-27.505 10.302-17.566 29.304-68.684-7.248-104.681-36.564-36.14-116.512-22.462-173.094 0.866-56.434 23.327-53.39 7.055-51.65-8.925 1.89-16.848 32.355-111.02-60.791-122.395C311.395 220.86 154.85 370.754 99.572 457.15 16 587.607 29.208 675.873 29.208 675.873h0.58c10.009 121.819 190.787 218.869 412.328 218.869 190.5 0 350.961-71.853 398.402-169.478 0 0 0.143-0.433 0.575-1.156 4.938-10.506 8.71-21.168 11.035-32.254 6.668-26.205 11.755-64.215-0.728-101.66z m-436.7 251.27c-157.71 0-285.674-84.095-285.674-187.768 0-103.671 127.82-187.76 285.674-187.76 157.705 0 285.673 84.089 285.673 187.76 0 103.815-127.968 187.768-285.673 187.768z" fill="#E71F19" p-id="9495"></path><path d="M803.096 425.327c2.896 1.298 5.945 1.869 8.994 1.869 8.993 0 17.7-5.328 21.323-14.112 5.95-13.964 8.993-28.793 8.993-44.205 0-62.488-51.208-113.321-114.181-113.321-15.379 0-30.32 3.022-44.396 8.926-11.755 4.896-17.263 18.432-12.335 30.24 4.933 11.662 18.572 17.134 30.465 12.238 8.419-3.46 17.268-5.33 26.41-5.33 37.431 0 67.752 30.241 67.752 67.247 0 9.068-1.735 17.857-5.369 26.202a22.832 22.832 0 0 0 12.335 30.236l0.01 0.01z" fill="#F5AA15" p-id="9496"></path><path d="M726.922 114.157c-25.969 0-51.65 3.744-76.315 10.942-18.423 5.472-28.868 24.622-23.5 42.91 5.509 18.29 24.804 28.657 43.237 23.329a201.888 201.888 0 0 1 56.578-8.064c109.253 0 198.189 88.271 198.189 196.696 0 19.436-2.905 38.729-8.419 57.16-5.508 18.289 4.79 37.588 23.212 43.053 3.342 1.014 6.817 1.442 10.159 1.442 14.943 0 28.725-9.648 33.37-24.48 7.547-24.906 11.462-50.826 11.462-77.175-0.143-146.588-120.278-265.813-267.973-265.813z" fill="#F5AA15" p-id="9497"></path><path d="M388.294 534.47c-84.151 0-152.34 59.178-152.34 132.334 0 73.141 68.189 132.328 152.34 132.328 84.148 0 152.337-59.182 152.337-132.328 0-73.15-68.19-132.334-152.337-132.334zM338.53 752.763c-29.454 0-53.39-23.755-53.39-52.987 0-29.228 23.941-52.989 53.39-52.989 29.453 0 53.39 23.76 53.39 52.989 0 29.227-23.937 52.987-53.39 52.987z m99.82-95.465c-6.382 11.086-19.296 15.696-28.726 10.219-9.43-5.323-11.75-18.717-5.37-29.803 6.386-11.09 19.297-15.7 28.725-10.224 9.43 5.472 11.755 18.864 5.37 29.808z" fill="#040000" p-id="9498"></path></svg>', '微博登录，同时支持OAuth2和聚合登录', '2025-12-11 17:18:01', '2025-12-11 17:18:01'),
	(5, 'baidu', '百度', 'juhe', 5, 0, 1, NULL, NULL, NULL, 0, 5, '<svg t="1765505016243" class="icon" viewBox="0 0 1024 1024" version="1.1" xmlns="http://www.w3.org/2000/svg" p-id="10587" width="200" height="200"><path d="M345.706 297.423c15.35 12.792 35.817 20.467 53.726 17.908 20.467 0 38.375-10.233 53.725-23.025 17.91-15.35 30.7-35.817 40.934-58.842C512 189.97 512 136.245 496.65 90.194c-10.234-30.7-28.142-58.842-53.726-76.75C427.574 3.21 404.548-1.906 384.081 0.652c-12.791 2.558-25.583 7.675-38.375 15.35-23.025 15.35-38.376 40.934-48.61 66.518-12.791 46.05-15.35 92.101-2.557 138.152 10.233 28.142 25.583 56.284 51.167 76.75z m255.837 2.558c17.909 15.35 40.934 25.584 63.96 25.584 20.466 2.558 38.375-2.558 56.283-12.792 17.909-10.233 33.26-25.584 43.493-43.492 12.792-20.467 23.025-40.934 30.7-63.96 5.117-17.908 7.675-38.375 5.117-58.842-2.559-28.142-15.35-53.726-33.259-76.751-12.792-15.35-28.142-30.7-46.05-38.376-12.792-5.116-28.143-10.233-40.935-7.675-17.908 2.559-33.258 12.792-46.05 23.026-17.909 15.35-33.259 33.258-43.493 53.725-10.233 17.909-20.466 38.376-23.025 61.401-2.558 25.584-2.558 51.168 2.559 74.193 5.116 23.025 12.791 46.05 30.7 63.96zM245.929 509.768c17.91-15.35 28.143-35.818 35.818-56.285 10.233-33.258 10.233-66.517 7.675-99.776 0-12.792-5.117-25.584-10.234-38.376-12.792-28.142-35.817-53.725-63.959-69.076-23.025-10.233-46.05-15.35-66.518-10.233-25.583 2.558-46.05 20.467-61.4 40.934-20.467 28.142-30.7 63.96-35.818 97.218-2.558 20.467 0 40.934 5.117 61.4 7.675 30.701 23.025 58.843 46.05 79.31 17.91 15.35 40.935 23.026 63.96 23.026 28.142 0 56.284-7.675 79.31-28.142z m736.811-76.752c-2.558-20.467-7.675-38.375-17.908-56.284-10.234-20.467-28.143-40.934-48.61-51.167-23.025-12.792-51.167-15.35-76.75-12.792-12.792 2.558-28.143 5.117-40.935 12.792-17.908 10.233-30.7 28.142-40.933 48.609-10.234 25.584-15.35 53.726-15.35 81.868 0 25.583 0 53.726 7.674 79.31 5.117 17.908 15.35 38.375 33.26 48.608 17.908 15.35 40.933 20.467 63.959 23.026 17.908 2.558 38.375 2.558 56.284-2.559 17.908-5.116 35.817-15.35 46.05-30.7 12.792-15.35 20.467-35.817 23.026-53.726 12.792-30.7 10.233-58.842 10.233-86.985zM911.106 819.33c-2.559-35.817-20.467-71.634-46.05-99.776-5.118-5.117-10.234-10.234-17.91-15.35-33.258-28.142-66.517-58.843-99.776-89.543-33.259-33.26-63.96-69.076-92.101-107.452-20.467-33.259-48.61-63.96-86.985-81.868-23.025-10.233-51.167-15.35-76.751-12.792-46.05 5.117-86.985 30.7-115.127 66.518-7.675 7.675-12.791 17.909-17.908 28.142-20.467 30.7-46.05 61.401-74.193 86.985-15.35 15.35-30.7 28.142-46.05 40.934-7.676 7.675-17.91 15.35-25.584 23.025-30.7 23.025-61.401 53.726-79.31 86.985-12.792 23.025-20.467 48.609-23.025 76.75 0 23.026 2.558 46.051 10.233 66.518 7.675 23.026 17.909 46.051 33.26 63.96 25.583 30.7 63.958 51.167 102.334 53.725 48.609 2.559 97.218 0 143.269-7.675 20.467-2.558 40.934-10.233 63.959-12.792 46.05-5.116 92.101-2.558 135.594 10.234 35.817 12.792 74.192 17.909 112.568 20.467 38.375 2.558 79.31-2.558 115.127-23.025 25.583-12.792 46.05-35.818 58.842-61.401 20.467-33.26 30.7-71.635 25.584-112.569zM481.3 924.224H363.615c-12.792 0-25.584 0-38.376-2.559-25.584-5.117-48.61-20.467-63.96-43.492-12.791-15.35-20.466-33.259-23.025-53.726a246.563 246.563 0 0 1 0-61.4c5.117-23.026 17.909-43.493 33.26-58.843 12.791-12.792 30.7-23.026 48.608-30.7 7.675-2.56 15.35-5.117 23.026-5.117h69.076v-97.219h66.517c2.559 120.244 2.559 237.929 2.559 353.056z m263.512 0H583.634c-17.908-2.559-33.258-7.676-46.05-17.909-15.35-12.792-23.026-33.259-23.026-51.167v-173.97h66.518v161.178c0 7.675 2.558 12.792 7.675 17.908 5.117 5.117 12.792 7.675 20.467 7.675h69.076V678.62h66.518v245.604z" fill="#306CFF" p-id="10588"></path><path d="M340.59 734.904c-12.793 5.117-25.585 15.35-33.26 30.7-5.116 12.792-7.675 25.584-7.675 38.376 0 15.35 5.117 30.7 12.792 43.492 10.234 15.35 28.142 25.584 46.05 23.026h53.727V732.346H353.38c-2.558-2.559-7.675 0-12.792 2.558z" fill="#306CFF" p-id="10589"></path></svg>', '百度登录，仅支持聚合登录', '2025-12-11 17:18:01', '2025-12-11 17:18:01'),
	(6, 'huawei', '华为', 'juhe', 6, 0, 1, NULL, NULL, NULL, 0, 6, '<svg t="1765505033166" class="icon" viewBox="0 0 1024 1024" version="1.1" xmlns="http://www.w3.org/2000/svg" p-id="11884" width="200" height="200"><path d="M412.08 753.87Q297 855.06 220.14 855.13t-117.27-95.07l309.21-6.24z m202.16 0l309.21 6.19Q883 855.13 806.18 855.13T614.24 753.82zM15.91 489.1q178 95 228.49 125.34t171.89 108.88q-193.1 12-252.75 0.32c-45.49-8.89-80.9-28.29-111.22-58.66Q-8.22 604.44 15.91 489.1z m994.5 0Q1034.56 604.41 974 665c-30.31 30.37-65.72 49.77-111.22 58.66q-59.64 11.7-252.7-0.32 121.27-78.55 171.85-108.88t228.48-125.36zM161.48 228.27q93.08 123.36 127.41 175.94t155 283.38Q205.88 580.55 113 475c-44.49-50.54-44.49-133.46 6-204.23q11-15.4 42.47-42.47z m703.31 0q31.51 27.1 42.47 42.47c50.54 70.77 50.54 153.65 6.06 204.26q-92.88 105.6-331 212.62 120.66-230.8 155-283.43t127.47-175.92zM440.6 84.72q46.51 137.52 52.56 194.1T483.07 659Q280.81 367.83 280.81 236.39T440.6 84.72z m145.21 0Q745.55 105 745.55 236.39T543.34 659q-16.17-323.55-10.09-380.16t52.56-194.1z" fill="#FE0000" p-id="11885"></path></svg>', '华为登录，仅支持聚合登录', '2025-12-11 17:18:01', '2025-12-11 17:18:01'),
	(7, 'xiaomi', '小米', 'juhe', 7, 0, 1, NULL, NULL, NULL, 0, 7, '<svg t="1765505054796" class="icon" viewBox="0 0 1024 1024" version="1.1" xmlns="http://www.w3.org/2000/svg" p-id="13034" width="200" height="200"><path d="M716.8 0c169.664 0 307.2 137.536 307.2 307.2v409.6c0 169.664-137.536 307.2-307.2 307.2H307.2C137.536 1024 0 886.464 0 716.8V307.2C0 137.536 137.536 0 307.2 0h409.6zM529.6128 320.5248H228.608a4.2368 4.2368 0 0 0-4.1984 4.2752v372.608a4.224 4.224 0 0 0 4.1984 4.2496h80.4096c2.3168 0 4.1984-1.92 4.1984-4.288V404.928c0-2.368 1.8816-4.3008 4.1984-4.3008h172.9024c32.4736 0 58.8032 27.008 58.8032 60.3008v236.4416c0 2.368 1.8816 4.288 4.1856 4.288h79.232a4.224 4.224 0 0 0 4.1728-4.2752V430.3872c0-60.672-47.936-109.8624-107.0848-109.8624zM470.144 468.992h-80.384a4.2496 4.2496 0 0 0-4.1984 4.3008v224.0896c0 2.3808 1.8688 4.288 4.1984 4.288h80.384c1.1136 0 2.176-0.448 2.9568-1.2416a4.3392 4.3392 0 0 0 1.2288-3.0464V473.28a4.352 4.352 0 0 0-1.2288-3.0464 4.1344 4.1344 0 0 0-2.9568-1.2544z m321.4336-148.4416h-80.3584c-2.3296 0-4.224 1.92-4.224 4.3008v372.5312c0 2.3808 1.8944 4.288 4.224 4.288h80.3584c2.3296 0 4.2112-1.92 4.2112-4.288V324.8384a4.352 4.352 0 0 0-1.2288-3.0464 4.1472 4.1472 0 0 0-2.9824-1.2544z" fill="#FF6A00" p-id="13035"></path></svg>', '小米登录，仅支持聚合登录', '2025-12-11 17:18:01', '2025-12-11 17:18:01'),
	(8, 'microsoft', '微软', 'juhe', 8, 0, 1, NULL, NULL, NULL, 0, 8, '<svg t="1765505071420" class="icon" viewBox="0 0 1024 1024" version="1.1" xmlns="http://www.w3.org/2000/svg" p-id="14176" width="200" height="200"><path d="M45.96622222 486.10963911v-271.85303703l310.68918519-68.35162075v335.54432l-310.68918519 4.66033778m880.28562015-466.03377778V473.16385185l-517.81449955 7.76722963V134.51264l517.81449955-114.43677867M45.96622222 537.89036089l310.68918519 4.66033778v352.63222518l-310.68918519-59.5479514V537.89036089M926.25184237 550.83614815v453.08799052L408.43734282 905.02181925V543.06891852l517.81449955 7.76722963z" fill="#1296db" p-id="14177"></path></svg>', '微软登录，仅支持聚合登录', '2025-12-11 17:18:01', '2025-12-11 17:18:01'),
	(9, 'dingtalk', '钉钉', 'juhe', 9, 0, 1, NULL, NULL, NULL, 0, 9, '<svg t="1765505084683" class="icon" viewBox="0 0 1024 1024" version="1.1" xmlns="http://www.w3.org/2000/svg" p-id="15149" width="200" height="200"><path d="M512.003 79C272.855 79 79 272.855 79 512.003 79 751.145 272.855 945 512.003 945 751.145 945 945 751.145 945 512.003 945 272.855 751.145 79 512.003 79z m200.075 375.014c-0.867 3.764-3.117 9.347-6.234 16.012h0.087l-0.347 0.648c-18.183 38.86-65.631 115.108-65.631 115.108l-0.215-0.52-13.856 24.147h66.8L565.063 779l29.002-115.368h-52.598l18.27-76.29c-14.76 3.55-32.253 8.436-52.945 15.1 0 0-27.967 16.36-80.607-31.5 0 0-35.501-31.29-14.891-39.078 8.744-3.33 42.466-7.573 69.004-11.122 35.93-4.845 57.965-7.441 57.965-7.441s-110.607 1.643-136.841-2.468c-26.237-4.11-59.525-47.905-66.626-86.377 0 0-10.953-21.117 23.595-11.122 34.547 10 177.535 38.95 177.535 38.95s-185.933-56.992-198.36-70.929c-12.381-13.846-36.406-75.902-33.289-113.981 0 0 1.343-9.521 11.127-6.926 0 0 137.49 62.75 231.475 97.152 94.028 34.403 175.76 51.885 165.2 96.414z" fill="#3AA2EB" p-id="15150"></path></svg>', '钉钉登录，仅支持聚合登录', '2025-12-11 17:18:01', '2025-12-11 17:18:01'),
	(10, 'gitee', 'Gitee', 'juhe', 10, 1, 1, 'ffc362876adfd13feb1acee11fd71e931da05006fa9ab071655e85a15e9c493e', 'ae9a21ce423349a6c312c0041983d7e3b87b8396e3abd28185ef10f36afe668b', 'https://wcgmall-plus-server.wcgmallcwj.online/api/social/callback/gitee', 1, 10, '<svg t="1765505114531" class="icon" viewBox="0 0 1024 1024" version="1.1" xmlns="http://www.w3.org/2000/svg" p-id="16114" width="200" height="200"><path d="M512 1021.72444445A509.72444445 509.72444445 0 1 1 512 2.27555555a509.72444445 509.72444445 0 0 1 0 1019.4488889z m257.99338667-566.37667556H480.54272a25.19495111 25.19495111 0 0 0-25.19495111 25.19495111v62.91456c0 13.90819555 11.28675555 25.19495111 25.12213333 25.19495111h176.21902223c13.98101333 0 25.19495111 11.28675555 25.1949511 25.12213334v12.59747555c0 41.72458667-33.78744889 75.51203555-75.51203555 75.51203555H367.23825778a25.19495111 25.19495111 0 0 1-25.12213333-25.12213333V417.62816c0-41.72458667 33.78744889-75.51203555 75.43921777-75.51203555h352.43804445c13.83537778 0 25.12213333-11.28675555 25.12213333-25.19495112v-62.91456a25.19495111 25.19495111 0 0 0-25.12213333-25.19495111h-352.43804445a188.74368 188.74368 0 0 0-188.74368 188.81649778v352.36522667c0 13.90819555 11.28675555 25.19495111 25.19495111 25.19495111h371.22503112a169.88387555 169.88387555 0 0 0 169.95669333-169.88387556V480.54272a25.19495111 25.19495111 0 0 0-25.19495111-25.19495111z" fill="#C71D23" p-id="16115"></path></svg>', 'Gitee登录，同时支持OAuth2和聚合登录', '2025-12-11 17:18:01', '2025-12-11 17:18:01'),
	(11, 'github', 'GitHub', 'juhe', 11, 1, 1, 'Ov23liuq94w75TUbk1ZO', 'e30ab9a35e0888eb9d76c04460f374d694cfe1c1', 'https://blog-server.wcgmallcwj.online/api/auth/callback/github', 1, 11, '<svg t="1765505166671" class="icon" viewBox="0 0 1049 1024" version="1.1" xmlns="http://www.w3.org/2000/svg" p-id="17077" width="200" height="200"><path d="M524.979332 0C234.676191 0 0 234.676191 0 524.979332c0 232.068678 150.366597 428.501342 358.967656 498.035028 26.075132 5.215026 35.636014-11.299224 35.636014-25.205961 0-12.168395-0.869171-53.888607-0.869171-97.347161-146.020741 31.290159-176.441729-62.580318-176.441729-62.580318-23.467619-60.841976-58.234462-76.487055-58.234463-76.487055-47.804409-32.15933 3.476684-32.15933 3.476685-32.15933 53.019436 3.476684 80.83291 53.888607 80.83291 53.888607 46.935238 79.963739 122.553122 57.365291 152.97411 43.458554 4.345855-33.897672 18.252593-57.365291 33.028501-70.402857-116.468925-12.168395-239.022047-57.365291-239.022047-259.012982 0-57.365291 20.860106-104.300529 53.888607-140.805715-5.215026-13.037566-23.467619-66.926173 5.215027-139.067372 0 0 44.327725-13.906737 144.282399 53.888607 41.720212-11.299224 86.917108-17.383422 131.244833-17.383422s89.524621 6.084198 131.244833 17.383422C756.178839 203.386032 800.506564 217.29277 800.506564 217.29277c28.682646 72.1412 10.430053 126.029806 5.215026 139.067372 33.897672 36.505185 53.888607 83.440424 53.888607 140.805715 0 201.64769-122.553122 245.975415-239.891218 259.012982 19.121764 16.514251 35.636014 47.804409 35.636015 97.347161 0 70.402857-0.869171 126.898978-0.869172 144.282399 0 13.906737 9.560882 30.420988 35.636015 25.205961 208.601059-69.533686 358.967656-265.96635 358.967655-498.035028C1049.958663 234.676191 814.413301 0 524.979332 0z" fill="#191717" p-id="17078"></path><path d="M199.040177 753.571326c-0.869171 2.607513-5.215026 3.476684-8.691711 1.738342s-6.084198-5.215026-4.345855-7.82254c0.869171-2.607513 5.215026-3.476684 8.691711-1.738342s5.215026 5.215026 4.345855 7.82254z m-6.953369-4.345856M219.900283 777.038945c-2.607513 2.607513-7.82254 0.869171-10.430053-2.607514-3.476684-3.476684-4.345855-8.691711-1.738342-11.299224 2.607513-2.607513 6.953369-0.869171 10.430053 2.607514 3.476684 4.345855 4.345855 9.560882 1.738342 11.299224z m-5.215026-5.215027M240.760389 807.459932c-3.476684 2.607513-8.691711 0-11.299224-4.345855-3.476684-4.345855-3.476684-10.430053 0-12.168395 3.476684-2.607513 8.691711 0 11.299224 4.345855 3.476684 4.345855 3.476684 9.560882 0 12.168395z m0 0M269.443034 837.011749c-2.607513 3.476684-8.691711 2.607513-13.906737-1.738342-4.345855-4.345855-6.084198-10.430053-2.607513-13.037566 2.607513-3.476684 8.691711-2.607513 13.906737 1.738342 4.345855 3.476684 5.215026 9.560882 2.607513 13.037566z m0 0M308.555733 853.526c-0.869171 4.345855-6.953369 6.084198-13.037566 4.345855-6.084198-1.738342-9.560882-6.953369-8.691711-10.430053 0.869171-4.345855 6.953369-6.084198 13.037566-4.345855 6.084198 1.738342 9.560882 6.084198 8.691711 10.430053z m0 0M351.145116 857.002684c0 4.345855-5.215026 7.82254-11.299224 7.82254-6.084198 0-11.299224-3.476684-11.299224-7.82254s5.215026-7.82254 11.299224-7.82254c6.084198 0 11.299224 3.476684 11.299224 7.82254z m0 0M391.126986 850.049315c0.869171 4.345855-3.476684 8.691711-9.560882 9.560882-6.084198 0.869171-11.299224-1.738342-12.168395-6.084197-0.869171-4.345855 3.476684-8.691711 9.560881-9.560882 6.084198-0.869171 11.299224 1.738342 12.168396 6.084197z m0 0" fill="#191717" p-id="17079"></path></svg>', 'GitHub登录，同时支持OAuth2和聚合登录', '2025-12-11 17:18:01', '2025-12-11 17:18:01'),
	(12, 'douyin', '抖音', 'juhe', 12, 0, 1, NULL, NULL, NULL, 0, 12, '<svg t="1765505190182" class="icon" viewBox="0 0 1024 1024" version="1.1" xmlns="http://www.w3.org/2000/svg" p-id="18107" width="200" height="200"><path d="M909.994667 309.475556v-34.702223a241.208889 241.208889 0 0 1-45.511111-4.892444 222.321778 222.321778 0 0 1-71.68-29.184 23.324444 23.324444 0 0 0-4.664889-4.380445 192.170667 192.170667 0 0 1-69.518223-76.458666 238.933333 238.933333 0 0 1-22.755555-63.146667h-0.853333a209.635556 209.635556 0 0 1-3.470223-39.822222H534.357333c0 75.719111 0.284444 151.438222-0.341333 227.157333v396.458667a131.413333 131.413333 0 0 1-61.781333 109.624889 130.104889 130.104889 0 0 1-130.844445 4.608 160.824889 160.824889 0 0 1-39.822222-32.597334 124.586667 124.586667 0 0 1-29.980444-67.527111 133.575111 133.575111 0 0 1 13.482666-74.922666 113.777778 113.777778 0 0 1 28.444445-35.328 159.288889 159.288889 0 0 1 66.673777-31.914667 110.705778 110.705778 0 0 1 61.952 1.877333V476.216889c0-15.246222 0.455111-30.549333-0.341333-45.511111-0.512-12.231111 0-24.462222 0-36.693334a287.345778 287.345778 0 0 0-190.236444 39.822223 290.133333 290.133333 0 0 0-95.630223 95.630222 286.890667 286.890667 0 0 0 79.644445 384.398222l2.104889 1.820445a283.192889 283.192889 0 0 0 104.106666 45.056 332.288 332.288 0 0 0 80.611556 6.485333 264.533333 264.533333 0 0 0 148.992-50.517333 297.187556 297.187556 0 0 0 81.009778-91.192889 310.556444 310.556444 0 0 0 42.040889-134.030223c0.967111-12.856889 0.398222-25.713778 0.341333-38.570666a35145.955556 35145.955556 0 0 1-0.967111-289.678222 371.427556 371.427556 0 0 0 216.177778 67.811555V309.475556z" fill="#333333" p-id="18108"></path></svg>', '抖音登录，仅支持聚合登录', '2025-12-11 17:18:01', '2025-12-11 17:18:01');

-- 导出  表 wcg_mall_plus.sys_user 结构
CREATE TABLE IF NOT EXISTS `sys_user` (
  `id` int(11) NOT NULL AUTO_INCREMENT COMMENT '主键ID',
  `username` varchar(100) DEFAULT NULL COMMENT '账号',
  `password` varchar(100) DEFAULT NULL COMMENT '登录密码',
  `create_time` datetime DEFAULT CURRENT_TIMESTAMP COMMENT '创建时间',
  `update_time` datetime DEFAULT CURRENT_TIMESTAMP COMMENT '更新时间',
  `status` int(11) DEFAULT '1' COMMENT '状态 0:禁用 1:正常',
  `ip` varchar(255) DEFAULT NULL COMMENT 'ip地址',
  `ip_location` varchar(255) DEFAULT NULL COMMENT 'ip来源',
  `os` varchar(100) DEFAULT NULL COMMENT '登录系统',
  `last_login_time` datetime DEFAULT CURRENT_TIMESTAMP COMMENT '最后登录时间',
  `browser` varchar(100) DEFAULT NULL COMMENT '浏览器',
  `nickname` varchar(100) DEFAULT NULL COMMENT '昵称',
  `avatar` varchar(255) DEFAULT NULL COMMENT '头像',
  `mobile` varchar(15) DEFAULT NULL COMMENT '手机号',
  `email` varchar(255) DEFAULT NULL COMMENT '邮箱',
  `sex` int(11) DEFAULT NULL COMMENT '性别 1:男 0:女',
  `login_type` varchar(20) DEFAULT NULL COMMENT '登录方式',
  `signature` varchar(255) DEFAULT NULL COMMENT '个性签名',
  PRIMARY KEY (`id`) USING BTREE,
  UNIQUE KEY `username` (`username`) USING BTREE
) ENGINE=InnoDB AUTO_INCREMENT=1859 DEFAULT CHARSET=utf8 ROW_FORMAT=DYNAMIC COMMENT='用户信息表';

-- 正在导出表  wcg_mall_plus.sys_user 的数据：~8 rows (大约)
INSERT INTO `sys_user` (`id`, `username`, `password`, `create_time`, `update_time`, `status`, `ip`, `ip_location`, `os`, `last_login_time`, `browser`, `nickname`, `avatar`, `mobile`, `email`, `sex`, `login_type`, `signature`) VALUES
	(1848, 'admin', '$2a$10$w8y/nKvgc0uD.6uzjAQQTuDokFicBAqGdjAjJEMtBjUm3UZ2TJlaq', '2025-12-03 14:50:39', '2025-11-28 14:56:48', 1, '127.0.0.1', '内网IP|内网IP', 'Windows', '2025-12-16 15:22:55', 'Chrome', 'admin', 'http://127.0.0.1:8080/localFile/20251128/avatar/47_avatar.png', '18223354992', '1774532899@qq.com', 1, 'email', NULL),
	(1852, 'test', '$2a$10$jPRcrn7GnCy/5anKL6oa7OIYdbrToMjEN.DFbwjL85cjnh90S9GQe', '2025-12-02 14:50:39', '2025-10-31 17:52:05', 1, '127.0.0.1', '内网IP|内网IP', 'Windows', '2025-12-05 16:37:49', 'Chrome', 'test', 'https://api.dicebear.com/6.x/pixel-art/svg?seed=Raccoon', '', '', 0, 'email', NULL),
	(1853, 'cwj', '$2a$10$P1OOA6UcK/JdQz0HaxoZ..o0APA6cJIHBjx9afsSQcN7pll/Ae8l2', '2025-12-03 14:50:39', '2025-11-28 16:21:38', 1, '127.0.0.1', '内网IP|内网IP', 'Windows', '2025-12-16 15:11:35', 'Chrome', 'cwj', 'https://api.dicebear.com/9.x/pixel-art/svg?seed=Bunny', '18223354992', 'hn8m6yiit9s@gmail.pm', 1, 'email', '友商是傻逼'),
	(1854, '111', '$2a$10$ggJ0Xg2j2CXYHnLo2fSiOeRp0K82FxK5kT2sKAaSOd6t3ablVbmXq', '2025-12-01 14:50:39', '2025-11-19 13:41:50', 1, '127.0.0.1', '内网IP|内网IP', 'Windows', '2025-11-19 13:42:05', 'Chrome', '111', 'https://api.dicebear.com/9.x/pixel-art/svg?seed=Dog', NULL, 'rjh5zftv0_z@gmail.pm', NULL, 'email', NULL),
	(1855, 'zhangsan', '$2a$10$m5F79Uo65Nj0X2BKHngfAeH.Cus/rtkGGljaO46H.GIcAEbNtawoe', '2025-12-04 11:32:25', '2025-12-04 11:32:24', 1, '127.0.0.1', '内网IP|内网IP', 'Windows', '2025-12-04 11:32:37', 'Chrome', '张三', 'https://api.dicebear.com/9.x/pixel-art/svg?seed=Puppy', NULL, 'fwyfluwd3js@gmail.pm', NULL, 'email', NULL),
	(1856, '116800592', 'e0d374ec-6259-47dc-881c-d4601c89a4c7', '2025-12-04 14:03:58', '2025-12-04 14:03:57', 1, '127.0.0.1', '内网IP|内网IP', 'Windows', '2025-12-04 14:03:58', 'Chrome', 'River', 'https://avatars.githubusercontent.com/u/116800592?v=4', NULL, NULL, NULL, 'github', NULL),
	(1857, 'BECA7B31CF5EBAA7C828933F1A316797', 'a5d7e3a2-20cd-4bd9-a301-056f630c7658', '2025-12-04 14:09:15', '2025-12-04 14:09:14', 1, '127.0.0.1', '内网IP|内网IP', 'Windows', '2025-12-04 14:09:15', 'Chrome', '枳枳', 'https://thirdqq.qlogo.cn/ek_qqapp/AQMz4AHVgrqVSibXVoap0uMICAicfSsNxVibqn4WNB6BR27j8gibzt9SWuknrdD5AFcLlEWqBnVzSFmEnNib7uQKNkChAzqsWUYFIGic9icUJmkP4uAVlRniadI/100', NULL, NULL, NULL, 'qq', NULL),
	(1858, '11655583', '312bd7ff-a970-4ff3-a2c3-fc883ecf7005', '2025-12-04 15:16:55', '2025-12-04 15:16:55', 1, '127.0.0.1', '内网IP|内网IP', 'Windows', '2025-12-12 13:42:44', 'Chrome', 'River', 'https://foruda.gitee.com/avatar/1737426835191019486/11655583_cwj991203_1737426835.png', NULL, NULL, 2, 'gitee', NULL);

-- 导出  表 wcg_mall_plus.sys_user_role 结构
CREATE TABLE IF NOT EXISTS `sys_user_role` (
  `id` int(11) NOT NULL AUTO_INCREMENT COMMENT '主键',
  `role_id` int(11) DEFAULT NULL COMMENT '角色ID',
  `user_id` int(11) DEFAULT NULL COMMENT '用户ID',
  PRIMARY KEY (`id`) USING BTREE
) ENGINE=InnoDB AUTO_INCREMENT=110 DEFAULT CHARSET=utf8 ROW_FORMAT=DYNAMIC COMMENT='系统管理 - 用户角色关联表 ';

-- 正在导出表  wcg_mall_plus.sys_user_role 的数据：~8 rows (大约)
INSERT INTO `sys_user_role` (`id`, `role_id`, `user_id`) VALUES
	(98, 1, 1848),
	(103, 14, 1852),
	(104, 15, 1853),
	(105, 15, 1854),
	(106, 15, 1855),
	(107, 15, 1856),
	(108, 15, 1857),
	(109, 15, 1858);

-- 导出  表 wcg_mall_plus.user_wish_list 结构
CREATE TABLE IF NOT EXISTS `user_wish_list` (
  `id` bigint(20) NOT NULL AUTO_INCREMENT COMMENT '主键ID',
  `user_id` bigint(20) NOT NULL COMMENT '用户ID',
  `product_id` bigint(20) NOT NULL COMMENT '商品ID',
  `create_time` datetime DEFAULT NULL COMMENT '创建时间',
  `update_time` datetime DEFAULT NULL COMMENT '更新时间',
  PRIMARY KEY (`id`)
) ENGINE=MyISAM AUTO_INCREMENT=93 DEFAULT CHARSET=utf8 COLLATE=utf8_unicode_ci;

-- 正在导出表  wcg_mall_plus.user_wish_list 的数据：7 rows
/*!40000 ALTER TABLE `user_wish_list` DISABLE KEYS */;
INSERT INTO `user_wish_list` (`id`, `user_id`, `product_id`, `create_time`, `update_time`) VALUES
	(81, 1848, 68, '2025-11-18 15:11:49', NULL),
	(82, 1848, 65, '2025-11-18 15:12:03', NULL),
	(83, 1848, 63, '2025-11-18 15:15:29', NULL),
	(89, 1853, 63, '2025-12-04 11:16:52', NULL),
	(90, 1853, 64, '2025-12-04 11:16:53', NULL),
	(91, 1858, 63, '2025-12-04 15:31:16', NULL),
	(92, 1858, 65, '2025-12-04 15:31:17', NULL);
/*!40000 ALTER TABLE `user_wish_list` ENABLE KEYS */;

/*!40103 SET TIME_ZONE=IFNULL(@OLD_TIME_ZONE, 'system') */;
/*!40101 SET SQL_MODE=IFNULL(@OLD_SQL_MODE, '') */;
/*!40014 SET FOREIGN_KEY_CHECKS=IFNULL(@OLD_FOREIGN_KEY_CHECKS, 1) */;
/*!40101 SET CHARACTER_SET_CLIENT=@OLD_CHARACTER_SET_CLIENT */;
/*!40111 SET SQL_NOTES=IFNULL(@OLD_SQL_NOTES, 1) */;
